expense_id,employee_id,merchant,transaction_date,amount,currency,bill_number,business_purpose,status,project_id,category,counterparty
HIST-00706,E0091,Lantern Printing,2025-12-11,10.47,SGD,H168354,Routine historical business expense,REIMBURSED,PRJ-014,EQUIPMENT,
HIST-01220,E0154,Evergreen Florists,2024-03-10,10.5,SGD,H109985,Routine historical business expense,REIMBURSED,PRJ-060,HOTEL,
HIST-00901,E0115,Evergreen Florists,2026-10-22,10.72,SGD,H559577,Routine historical business expense,REIMBURSED,PRJ-030,SOFTWARE,
HIST-01546,E0196,Riverside Cafe,2026-09-21,10.78,SGD,H732725,Routine historical business expense,REIMBURSED,PRJ-001,SOFTWARE,
HIST-00999,E0127,QuickFix IT Services,2025-09-21,10.89,SGD,H386623,Routine historical business expense,REIMBURSED,PRJ-047,HOTEL,
PREV-00012,E0247,PeriphPoint,2026-03-09,10000,INR,H350393,Project equipment purchase,REIMBURSED,PRJ-009,EQUIPMENT,
PREV-00027,E0127,Tea & Tradition,2025-03-26,10000,JPY,H896347,Gift to Ember Foods,REIMBURSED,,GIFT,Ember Foods
HIST-01461,E0185,Pinnacle Signage,2026-04-07,10007.92,INR,H439877,Routine historical business expense,REIMBURSED,PRJ-060,EQUIPMENT,
HIST-00272,E0036,Tech Repair Lab,2025-02-17,10021.75,JPY,H187499,Routine historical business expense,REIMBURSED,PRJ-059,MEAL_EMPLOYEE,
HIST-00516,E0066,Pinnacle Signage,2026-02-13,10033.22,JPY,H643471,Routine historical business expense,REIMBURSED,PRJ-040,GROUND_TRANSPORT,
HIST-02296,E0288,Anchor Water Co,2025-12-18,10035.27,JPY,H604634,Routine historical business expense,REIMBURSED,PRJ-054,HOTEL,
HIST-01804,E0227,QuickFix IT Services,2025-01-20,1006.14,INR,H159979,Routine historical business expense,REIMBURSED,PRJ-002,OTHER,
HIST-00032,E0005,QuickFix IT Services,2026-05-22,1009.0,INR,H563188,Routine historical business expense,REIMBURSED,PRJ-016,SOFTWARE,
HIST-00202,E0026,Harvest Deli,2024-03-13,10093.59,INR,H122580,Routine historical business expense,REIMBURSED,PRJ-052,AIRFARE,
HIST-01721,E0217,Evergreen Florists,2025-09-21,101.69,SGD,H933108,Routine historical business expense,REIMBURSED,PRJ-039,OTHER,
HIST-00479,E0061,Lunch Bowl Cafe,2026-02-28,101.97,SGD,H516119,Routine historical business expense,REIMBURSED,PRJ-050,MEAL_CLIENT,
PREV-00013,E0105,OfficeMart,2025-09-14,10100,INR,H856400,Project equipment purchase,REIMBURSED,PRJ-010,EQUIPMENT,
HIST-02317,E0291,Airport Express Kiosk,2024-05-05,10109.96,JPY,H319836,Routine historical business expense,REIMBURSED,PRJ-036,MEAL_EMPLOYEE,
HIST-01927,E0243,TransitCard Top-up,2024-02-22,10118.79,JPY,H619078,Routine historical business expense,REIMBURSED,PRJ-049,SOFTWARE,
HIST-01879,E0236,City Parking Services,2026-07-10,10134.16,INR,H954296,Routine historical business expense,REIMBURSED,PRJ-024,HOTEL,
HIST-01034,E0131,Metro Print Shop,2025-01-25,10149.19,INR,H755265,Routine historical business expense,REIMBURSED,PRJ-032,MEAL_CLIENT,
HIST-00864,E0110,Delta Copy Centre,2024-03-26,10157.7,INR,H506859,Routine historical business expense,REIMBURSED,PRJ-022,MEAL_CLIENT,
HIST-01205,E0152,Pinnacle Signage,2024-03-13,10174.24,INR,H723000,Routine historical business expense,REIMBURSED,PRJ-045,OTHER,
HIST-00767,E0098,Lantern Printing,2024-02-04,10175.02,INR,H282944,Routine historical business expense,REIMBURSED,PRJ-050,EQUIPMENT,
HIST-02171,E0274,Green Leaf Catering,2025-11-12,102.28,SGD,H856398,Routine historical business expense,REIMBURSED,PRJ-040,AIRFARE,
HIST-01279,E0161,Harbor Office Supply,2026-08-18,10202.31,INR,H143189,Routine historical business expense,REIMBURSED,PRJ-044,AIRFARE,
HIST-00268,E0035,Lantern Printing,2026-07-12,10211.88,INR,H774566,Routine historical business expense,REIMBURSED,PRJ-054,MEAL_EMPLOYEE,
HIST-01156,E0146,TransitCard Top-up,2024-06-15,10224.41,INR,H653623,Routine historical business expense,REIMBURSED,PRJ-053,AIRFARE,
HIST-00702,E0090,Skyview Coffee,2024-09-24,10253.18,JPY,H531195,Routine historical business expense,REIMBURSED,PRJ-009,MEAL_EMPLOYEE,
HIST-01831,E0230,Urban Laundry,2026-09-26,1026.39,INR,H388792,Routine historical business expense,REIMBURSED,PRJ-027,SOFTWARE,
HIST-01400,E0177,Paper & Pen Depot,2026-09-16,1029.03,JPY,H902074,Routine historical business expense,REIMBURSED,PRJ-008,HOTEL,
HIST-00281,E0036,Harbor Office Supply,2026-08-21,10295.4,JPY,H327104,Routine historical business expense,REIMBURSED,PRJ-045,MEAL_EMPLOYEE,
HIST-00192,E0025,Airport Express Kiosk,2024-08-21,103.05,SGD,H725129,Routine historical business expense,REIMBURSED,PRJ-024,EQUIPMENT,
HIST-00923,E0118,Summit Uniforms,2026-03-13,103.26,SGD,H870116,Routine historical business expense,REIMBURSED,PRJ-056,MEAL_EMPLOYEE,
HIST-00778,E0100,Blue Line Couriers,2025-01-05,103.5,SGD,H441227,Routine historical business expense,REIMBURSED,PRJ-060,GROUND_TRANSPORT,
HIST-01822,E0229,Northside Pharmacy,2025-09-25,103.57,SGD,H464909,Routine historical business expense,REIMBURSED,PRJ-019,AIRFARE,
HIST-02097,E0264,Pinnacle Signage,2025-06-22,10300.3,JPY,H324722,Routine historical business expense,REIMBURSED,PRJ-011,MEAL_EMPLOYEE,
HIST-01823,E0230,Airport Express Kiosk,2026-02-11,10316.48,INR,H602951,Routine historical business expense,REIMBURSED,PRJ-015,EQUIPMENT,
HIST-01442,E0182,Pinnacle Signage,2025-05-14,10338.68,INR,H941361,Routine historical business expense,REIMBURSED,PRJ-003,HOTEL,
HIST-01154,E0146,TransitCard Top-up,2026-10-28,10340.43,INR,H280355,Routine historical business expense,REIMBURSED,PRJ-022,OTHER,
HIST-01531,E0194,Central Stationers,2025-04-16,10343.64,INR,H499301,Routine historical business expense,REIMBURSED,PRJ-020,GROUND_TRANSPORT,
HIST-00224,E0029,Corner Bakery Co,2024-01-25,10354.57,INR,H153048,Routine historical business expense,REIMBURSED,PRJ-053,MEAL_EMPLOYEE,
HIST-00182,E0024,Lunch Bowl Cafe,2025-01-27,10358.44,JPY,H388160,Routine historical business expense,REIMBURSED,PRJ-009,HOTEL,
HIST-01062,E0135,Green Leaf Catering,2025-06-05,10365.5,JPY,H937344,Routine historical business expense,REIMBURSED,PRJ-029,OTHER,
HIST-01257,E0158,Metro Print Shop,2026-03-20,10392.49,INR,H394200,Routine historical business expense,REIMBURSED,PRJ-017,EQUIPMENT,
PREV-00003,E0152,Metric Harbor,2024-07-28,104,SGD,D514249,Design tool seat,REIMBURSED,,SOFTWARE,
HIST-02304,E0289,Pinnacle Signage,2024-12-23,104.07,SGD,H432888,Routine historical business expense,REIMBURSED,PRJ-017,MEAL_EMPLOYEE,
HIST-01100,E0139,Airport Express Kiosk,2026-06-18,104.08,SGD,H266270,Routine historical business expense,REIMBURSED,PRJ-024,SOFTWARE,
HIST-02323,E0292,Blue Line Couriers,2024-05-26,104.65,SGD,H372276,Routine historical business expense,REIMBURSED,PRJ-044,MEAL_EMPLOYEE,
HIST-00045,E0006,Metro Print Shop,2026-01-24,10402.48,JPY,H996624,Routine historical business expense,REIMBURSED,PRJ-033,GROUND_TRANSPORT,
HIST-02180,E0275,Paper & Pen Depot,2024-10-10,10420.73,INR,H240974,Routine historical business expense,REIMBURSED,PRJ-004,AIRFARE,
HIST-00832,E0107,Riverside Cafe,2025-01-06,10421.14,INR,H632047,Routine historical business expense,REIMBURSED,PRJ-012,GROUND_TRANSPORT,
HIST-01986,E0251,Skyview Coffee,2024-06-27,10428.86,INR,H384445,Routine historical business expense,REIMBURSED,PRJ-031,MEAL_CLIENT,
HIST-00561,E0072,Delta Copy Centre,2026-04-15,10429.85,JPY,H779202,Routine historical business expense,REIMBURSED,PRJ-005,EQUIPMENT,
HIST-01486,E0188,City Parking Services,2024-07-16,10458.93,INR,H252800,Routine historical business expense,REIMBURSED,PRJ-039,AIRFARE,
HIST-02281,E0287,Summit Uniforms,2026-05-28,10463.16,INR,H642508,Routine historical business expense,REIMBURSED,PRJ-038,GROUND_TRANSPORT,
HIST-00208,E0027,Northside Pharmacy,2025-06-01,10482.85,JPY,H674870,Routine historical business expense,REIMBURSED,PRJ-050,AIRFARE,
HIST-00536,E0068,TransitCard Top-up,2024-01-06,10485.74,INR,H133363,Routine historical business expense,REIMBURSED,PRJ-035,GROUND_TRANSPORT,
HIST-00616,E0079,City Parking Services,2026-04-20,105.1,SGD,H375865,Routine historical business expense,REIMBURSED,PRJ-037,EQUIPMENT,
HIST-00348,E0046,Bridge Street Grocer,2024-03-13,105.53,SGD,H687048,Routine historical business expense,REIMBURSED,PRJ-002,SOFTWARE,
HIST-01596,E0202,Anchor Water Co,2024-11-11,105.78,SGD,H399762,Routine historical business expense,REIMBURSED,PRJ-037,AIRFARE,
HIST-02102,E0265,Evergreen Florists,2025-12-27,105.87,SGD,H347766,Routine historical business expense,REIMBURSED,PRJ-058,EQUIPMENT,
PREV-00028,E0127,Blossom & Co,2024-12-10,10500,JPY,H343724,Gift to Ember Foods,REIMBURSED,,GIFT,Ember Foods
PREV-00026,E0127,Craft Collective,2025-02-14,10500,JPY,H950353,Gift to Ember Foods,REIMBURSED,,GIFT,Ember Foods
HIST-01653,E0209,City Parking Services,2025-11-01,1051.96,INR,H624086,Routine historical business expense,REIMBURSED,PRJ-020,HOTEL,
HIST-00226,E0029,Bridge Street Grocer,2025-05-14,10513.34,INR,H350582,Routine historical business expense,REIMBURSED,PRJ-006,HOTEL,
HIST-01452,E0183,Corner Bakery Co,2024-08-14,10519.84,JPY,H262331,Routine historical business expense,REIMBURSED,PRJ-007,GROUND_TRANSPORT,
HIST-02206,E0278,Corner Bakery Co,2026-08-27,10557.21,INR,H630973,Routine historical business expense,REIMBURSED,PRJ-024,GROUND_TRANSPORT,
HIST-01158,E0146,Riverside Cafe,2024-08-09,10564.64,INR,H103310,Routine historical business expense,REIMBURSED,PRJ-012,SOFTWARE,
HIST-01654,E0209,Riverside Cafe,2024-02-22,10567.5,INR,H730483,Routine historical business expense,REIMBURSED,PRJ-029,AIRFARE,
HIST-00231,E0030,Harbor Office Supply,2024-08-02,10573.27,JPY,H738287,Routine historical business expense,REIMBURSED,PRJ-055,OTHER,
HIST-00474,E0061,Paper & Pen Depot,2026-10-12,106.0,SGD,H965669,Routine historical business expense,REIMBURSED,PRJ-029,GROUND_TRANSPORT,
HIST-00637,E0082,Riverside Cafe,2024-03-04,106.05,SGD,H470089,Routine historical business expense,REIMBURSED,PRJ-014,HOTEL,
HIST-01151,E0145,Paper & Pen Depot,2024-03-16,106.68,SGD,H391056,Routine historical business expense,REIMBURSED,PRJ-019,OTHER,
HIST-01913,E0241,Bridge Street Grocer,2025-10-24,106.87,SGD,H757082,Routine historical business expense,REIMBURSED,PRJ-026,HOTEL,
HIST-00104,E0014,City Parking Services,2026-06-07,10612.05,INR,H791863,Routine historical business expense,REIMBURSED,PRJ-046,OTHER,
HIST-01836,E0231,Paper & Pen Depot,2026-03-19,10614.55,JPY,H687019,Routine historical business expense,REIMBURSED,PRJ-056,OTHER,
HIST-02114,E0267,Bridge Street Grocer,2024-02-24,1062.75,JPY,H149298,Routine historical business expense,REIMBURSED,PRJ-032,SOFTWARE,
HIST-00696,E0089,Harvest Deli,2026-10-26,10623.02,INR,H751936,Routine historical business expense,REIMBURSED,PRJ-003,OTHER,
HIST-01255,E0158,Summit Uniforms,2024-02-08,10633.32,INR,H302876,Routine historical business expense,REIMBURSED,PRJ-045,MEAL_EMPLOYEE,
HIST-00080,E0011,Lunch Bowl Cafe,2026-04-05,10638.29,INR,H898520,Routine historical business expense,REIMBURSED,PRJ-019,MEAL_EMPLOYEE,
HIST-00103,E0014,Harvest Deli,2024-03-09,1064.29,INR,H302767,Routine historical business expense,REIMBURSED,PRJ-038,OTHER,
HIST-00871,E0111,City Parking Services,2024-06-27,10642.75,JPY,H702611,Routine historical business expense,REIMBURSED,PRJ-052,SOFTWARE,
HIST-00992,E0126,QuickFix IT Services,2024-09-25,10646.66,JPY,H896081,Routine historical business expense,REIMBURSED,PRJ-006,AIRFARE,
HIST-01588,E0201,Pinnacle Signage,2026-04-20,10679.34,JPY,H206569,Routine historical business expense,REIMBURSED,PRJ-008,AIRFARE,
HIST-01693,E0214,Central Stationers,2026-07-05,107.02,SGD,H113003,Routine historical business expense,REIMBURSED,PRJ-023,OTHER,
HIST-00375,E0049,Urban Laundry,2024-06-02,107.89,SGD,H381679,Routine historical business expense,REIMBURSED,PRJ-028,MEAL_CLIENT,
HIST-01670,E0211,Delta Copy Centre,2026-01-22,107.94,SGD,H363888,Routine historical business expense,REIMBURSED,PRJ-051,GROUND_TRANSPORT,
HIST-01966,E0248,Anchor Water Co,2024-03-13,10708.85,INR,H168543,Routine historical business expense,REIMBURSED,PRJ-012,HOTEL,
HIST-00176,E0023,Central Stationers,2024-11-15,10716.56,INR,H138987,Routine historical business expense,REIMBURSED,PRJ-029,EQUIPMENT,
HIST-01727,E0218,Lantern Printing,2026-04-02,10728.37,INR,H945242,Routine historical business expense,REIMBURSED,PRJ-050,EQUIPMENT,
HIST-01115,E0140,Skyview Coffee,2026-02-25,10744.92,INR,H938384,Routine historical business expense,REIMBURSED,PRJ-009,OTHER,
HIST-00935,E0119,Anchor Water Co,2025-08-20,10745.26,INR,H985616,Routine historical business expense,REIMBURSED,PRJ-023,SOFTWARE,
HIST-00762,E0098,QuickFix IT Services,2025-06-09,10746.02,INR,H606622,Routine historical business expense,REIMBURSED,PRJ-016,GROUND_TRANSPORT,
HIST-00535,E0068,Summit Uniforms,2025-06-04,10749.31,INR,H101960,Routine historical business expense,REIMBURSED,PRJ-051,EQUIPMENT,
HIST-00408,E0053,Riverside Cafe,2024-03-11,10753.06,INR,H166801,Routine historical business expense,REIMBURSED,PRJ-018,MEAL_EMPLOYEE,
HIST-01265,E0159,Central Stationers,2024-11-10,10790.25,JPY,H177410,Routine historical business expense,REIMBURSED,PRJ-053,MEAL_CLIENT,
HIST-00645,E0083,Paper & Pen Depot,2024-01-22,10796.59,INR,H728994,Routine historical business expense,REIMBURSED,PRJ-007,GROUND_TRANSPORT,
HIST-01796,E0226,Bridge Street Grocer,2025-06-21,108.06,SGD,H915172,Routine historical business expense,REIMBURSED,PRJ-005,SOFTWARE,
HIST-00194,E0025,City Parking Services,2025-06-15,108.33,SGD,H952959,Routine historical business expense,REIMBURSED,PRJ-048,SOFTWARE,
HIST-00095,E0013,Evergreen Florists,2024-05-20,108.47,SGD,H537388,Routine historical business expense,REIMBURSED,PRJ-001,HOTEL,
HIST-00189,E0025,Bridge Street Grocer,2026-03-28,108.56,SGD,H565024,Routine historical business expense,REIMBURSED,PRJ-035,HOTEL,
HIST-01098,E0139,Harbor Office Supply,2026-09-11,108.66,SGD,H284398,Routine historical business expense,REIMBURSED,PRJ-047,HOTEL,
HIST-01716,E0216,Urban Laundry,2024-03-02,10806.28,JPY,H684900,Routine historical business expense,REIMBURSED,PRJ-026,EQUIPMENT,
HIST-00764,E0098,Lunch Bowl Cafe,2025-01-12,10811.81,INR,H121839,Routine historical business expense,REIMBURSED,PRJ-007,MEAL_EMPLOYEE,
HIST-01702,E0215,Paper & Pen Depot,2025-10-08,10826.75,INR,H914495,Routine historical business expense,REIMBURSED,PRJ-034,HOTEL,
HIST-00201,E0026,City Parking Services,2026-12-17,10829.3,INR,H214041,Routine historical business expense,REIMBURSED,PRJ-049,GROUND_TRANSPORT,
HIST-00059,E0008,Anchor Water Co,2025-09-14,10857.18,INR,H201713,Routine historical business expense,REIMBURSED,PRJ-028,OTHER,
HIST-02134,E0269,Corner Bakery Co,2024-11-19,10870.68,INR,H497214,Routine historical business expense,REIMBURSED,PRJ-002,AIRFARE,
HIST-01881,E0237,Skyview Coffee,2025-12-23,10882.79,JPY,H899106,Routine historical business expense,REIMBURSED,PRJ-057,MEAL_EMPLOYEE,
HIST-00030,E0005,Corner Bakery Co,2026-12-26,10891.44,INR,H257068,Routine historical business expense,REIMBURSED,PRJ-040,OTHER,
HIST-00261,E0034,Lunch Bowl Cafe,2024-05-27,109.32,SGD,H391238,Routine historical business expense,REIMBURSED,PRJ-029,OTHER,
HIST-02247,E0283,Lunch Bowl Cafe,2024-02-03,109.44,SGD,H273906,Routine historical business expense,REIMBURSED,PRJ-034,GROUND_TRANSPORT,
HIST-01312,E0166,Corner Bakery Co,2026-12-24,109.48,SGD,H632814,Routine historical business expense,REIMBURSED,PRJ-025,MEAL_EMPLOYEE,
HIST-00830,E0106,Delta Copy Centre,2025-11-21,109.57,SGD,H866865,Routine historical business expense,REIMBURSED,PRJ-001,HOTEL,
HIST-02373,E0298,Green Leaf Catering,2024-07-20,109.83,SGD,H725665,Routine historical business expense,REIMBURSED,PRJ-010,OTHER,
HIST-00328,E0043,Airport Express Kiosk,2026-08-19,109.86,SGD,H109411,Routine historical business expense,REIMBURSED,PRJ-018,MEAL_EMPLOYEE,
HIST-00311,E0040,City Parking Services,2026-01-01,109.91,SGD,H807528,Routine historical business expense,REIMBURSED,PRJ-035,OTHER,
HIST-02282,E0287,Skyview Coffee,2024-09-10,10909.44,INR,H883422,Routine historical business expense,REIMBURSED,PRJ-022,GROUND_TRANSPORT,
HIST-00491,E0063,Northside Pharmacy,2026-11-27,1092.18,JPY,H442240,Routine historical business expense,REIMBURSED,PRJ-013,OTHER,
HIST-01608,E0204,Metro Print Shop,2026-11-11,1092.3,JPY,H855005,Routine historical business expense,REIMBURSED,PRJ-021,AIRFARE,
HIST-01320,E0167,Corner Bakery Co,2024-08-04,10922.33,INR,H748670,Routine historical business expense,REIMBURSED,PRJ-006,AIRFARE,
HIST-02035,E0257,Skyview Coffee,2026-11-06,10924.73,INR,H802636,Routine historical business expense,REIMBURSED,PRJ-027,AIRFARE,
HIST-00863,E0110,Anchor Water Co,2025-07-15,10941.21,INR,H231331,Routine historical business expense,REIMBURSED,PRJ-021,AIRFARE,
HIST-02358,E0296,Skyview Coffee,2026-09-12,10960.92,INR,H605181,Routine historical business expense,REIMBURSED,PRJ-048,MEAL_CLIENT,
HIST-00638,E0082,Blue Line Couriers,2024-12-02,11.42,SGD,H568203,Routine historical business expense,REIMBURSED,PRJ-033,SOFTWARE,
HIST-01311,E0166,Riverside Cafe,2026-11-09,110.33,SGD,H605941,Routine historical business expense,REIMBURSED,PRJ-022,SOFTWARE,
HIST-00019,E0004,Northside Pharmacy,2024-05-21,110.39,SGD,H285966,Routine historical business expense,REIMBURSED,PRJ-003,MEAL_EMPLOYEE,
HIST-00120,E0016,Delta Copy Centre,2024-11-24,110.88,SGD,H756598,Routine historical business expense,REIMBURSED,PRJ-035,MEAL_CLIENT,
HIST-00377,E0049,TransitCard Top-up,2026-11-27,110.88,SGD,H773201,Routine historical business expense,REIMBURSED,PRJ-007,OTHER,
HIST-01904,E0240,Harvest Deli,2024-11-19,11018.27,JPY,H205852,Routine historical business expense,REIMBURSED,PRJ-012,OTHER,
HIST-02259,E0284,Skyview Coffee,2026-10-09,11025.98,INR,H355696,Routine historical business expense,REIMBURSED,PRJ-039,MEAL_EMPLOYEE,
HIST-01483,E0188,Paper & Pen Depot,2025-10-08,11027.25,INR,H511056,Routine historical business expense,REIMBURSED,PRJ-031,HOTEL,
HIST-00751,E0096,Central Stationers,2024-07-25,11029.65,JPY,H335601,Routine historical business expense,REIMBURSED,PRJ-043,MEAL_EMPLOYEE,
HIST-00727,E0093,Delta Copy Centre,2024-10-13,11031.32,JPY,H678856,Routine historical business expense,REIMBURSED,PRJ-039,AIRFARE,
HIST-01583,E0201,City Parking Services,2024-03-04,11032.23,JPY,H605496,Routine historical business expense,REIMBURSED,PRJ-036,OTHER,
HIST-00932,E0119,Blue Line Couriers,2025-02-20,11035.27,INR,H207487,Routine historical business expense,REIMBURSED,PRJ-012,EQUIPMENT,
HIST-01776,E0224,Central Stationers,2024-10-04,11051.39,INR,H184550,Routine historical business expense,REIMBURSED,PRJ-017,MEAL_CLIENT,
HIST-00982,E0125,Pinnacle Signage,2024-08-10,11056.38,INR,H714450,Routine historical business expense,REIMBURSED,PRJ-017,HOTEL,
HIST-02290,E0288,Evergreen Florists,2025-06-09,11076.11,JPY,H659796,Routine historical business expense,REIMBURSED,PRJ-029,MEAL_EMPLOYEE,
HIST-02138,E0270,Delta Copy Centre,2025-06-24,11094.66,JPY,H765394,Routine historical business expense,REIMBURSED,PRJ-017,MEAL_EMPLOYEE,
HIST-01258,E0158,Green Leaf Catering,2025-01-25,11099.43,INR,H554306,Routine historical business expense,REIMBURSED,PRJ-002,GROUND_TRANSPORT,
HIST-00310,E0040,Skyview Coffee,2025-01-20,111.21,SGD,H420006,Routine historical business expense,REIMBURSED,PRJ-007,MEAL_CLIENT,
HIST-01315,E0166,Airport Express Kiosk,2026-08-28,111.24,SGD,H998007,Routine historical business expense,REIMBURSED,PRJ-026,MEAL_CLIENT,
HIST-00709,E0091,Skyview Coffee,2025-03-15,111.32,SGD,H930954,Routine historical business expense,REIMBURSED,PRJ-030,OTHER,
HIST-01407,E0178,Bridge Street Grocer,2025-03-05,111.41,SGD,H811981,Routine historical business expense,REIMBURSED,PRJ-046,GROUND_TRANSPORT,
HIST-00970,E0124,Blue Line Couriers,2025-08-09,111.56,SGD,H793882,Routine historical business expense,REIMBURSED,PRJ-025,OTHER,
HIST-02379,E0299,Paper & Pen Depot,2024-11-06,11101.97,INR,H161309,Routine historical business expense,REIMBURSED,PRJ-032,SOFTWARE,
HIST-00017,E0003,Northside Pharmacy,2024-11-02,11128.31,JPY,H298813,Routine historical business expense,REIMBURSED,PRJ-024,MEAL_EMPLOYEE,
HIST-00039,E0006,Northside Pharmacy,2024-12-16,11136.1,JPY,H403229,Routine historical business expense,REIMBURSED,PRJ-012,HOTEL,
HIST-01512,E0192,Central Stationers,2024-01-11,11144.21,JPY,H131288,Routine historical business expense,REIMBURSED,PRJ-029,HOTEL,
HIST-01678,E0212,Delta Copy Centre,2025-02-17,11155.23,INR,H340634,Routine historical business expense,REIMBURSED,PRJ-055,OTHER,
HIST-00866,E0110,Harbor Office Supply,2024-04-19,11167.3,INR,H317872,Routine historical business expense,REIMBURSED,PRJ-004,MEAL_CLIENT,
HIST-00339,E0044,TransitCard Top-up,2024-02-17,11171.54,INR,H178758,Routine historical business expense,REIMBURSED,PRJ-058,OTHER,
HIST-01130,E0142,Corner Bakery Co,2026-01-10,112.25,SGD,H138335,Routine historical business expense,REIMBURSED,PRJ-049,SOFTWARE,
HIST-01595,E0202,Skyview Coffee,2025-08-01,112.34,SGD,H523367,Routine historical business expense,REIMBURSED,PRJ-051,GROUND_TRANSPORT,
HIST-01455,E0184,Lunch Bowl Cafe,2024-11-02,112.69,SGD,H903708,Routine historical business expense,REIMBURSED,PRJ-053,SOFTWARE,
HIST-02034,E0256,Lunch Bowl Cafe,2024-03-10,112.92,SGD,H112961,Routine historical business expense,REIMBURSED,PRJ-033,MEAL_CLIENT,
HIST-01177,E0149,Pinnacle Signage,2026-03-22,11213.55,INR,H851676,Routine historical business expense,REIMBURSED,PRJ-021,HOTEL,
HIST-00361,E0047,Delta Copy Centre,2024-12-14,11215.34,INR,H192056,Routine historical business expense,REIMBURSED,PRJ-021,GROUND_TRANSPORT,
HIST-01053,E0134,Delta Copy Centre,2026-08-22,11217.06,INR,H488404,Routine historical business expense,REIMBURSED,PRJ-032,MEAL_EMPLOYEE,
HIST-01813,E0228,Bridge Street Grocer,2025-03-21,11235.6,JPY,H250477,Routine historical business expense,REIMBURSED,PRJ-010,HOTEL,
HIST-00680,E0087,Lantern Printing,2026-08-11,11246.81,JPY,H639597,Routine historical business expense,REIMBURSED,PRJ-015,EQUIPMENT,
HIST-00316,E0041,Urban Laundry,2024-09-26,11252.45,INR,H176812,Routine historical business expense,REIMBURSED,PRJ-009,OTHER,
HIST-01824,E0230,Harbor Office Supply,2025-05-03,11258.53,INR,H162997,Routine historical business expense,REIMBURSED,PRJ-019,GROUND_TRANSPORT,
HIST-01203,E0152,QuickFix IT Services,2025-08-05,11260.77,INR,H360643,Routine historical business expense,REIMBURSED,PRJ-041,MEAL_CLIENT,
HIST-01079,E0137,Blue Line Couriers,2024-11-17,1129.5,INR,H380443,Routine historical business expense,REIMBURSED,PRJ-044,OTHER,
HIST-00480,E0061,Harbor Office Supply,2026-12-10,113.42,SGD,H868090,Routine historical business expense,REIMBURSED,PRJ-004,GROUND_TRANSPORT,
HIST-02355,E0295,Airport Express Kiosk,2024-10-13,113.43,SGD,H738073,Routine historical business expense,REIMBURSED,PRJ-053,MEAL_CLIENT,
HIST-00506,E0064,QuickFix IT Services,2025-12-24,113.53,SGD,H659182,Routine historical business expense,REIMBURSED,PRJ-029,GROUND_TRANSPORT,
HIST-00309,E0040,Central Stationers,2025-11-06,113.55,SGD,H222612,Routine historical business expense,REIMBURSED,PRJ-001,HOTEL,
HIST-01170,E0148,Anchor Water Co,2024-06-28,113.65,SGD,H463370,Routine historical business expense,REIMBURSED,PRJ-028,AIRFARE,
HIST-00510,E0065,Anchor Water Co,2026-08-17,11340.48,INR,H362187,Routine historical business expense,REIMBURSED,PRJ-057,OTHER,
HIST-01731,E0218,TransitCard Top-up,2026-03-25,11354.68,INR,H528231,Routine historical business expense,REIMBURSED,PRJ-037,MEAL_CLIENT,
HIST-01874,E0236,City Parking Services,2026-05-18,11383.25,INR,H853374,Routine historical business expense,REIMBURSED,PRJ-030,EQUIPMENT,
HIST-01989,E0251,Airport Express Kiosk,2026-03-23,11389.99,INR,H120264,Routine historical business expense,REIMBURSED,PRJ-033,OTHER,
HIST-01518,E0193,Northside Pharmacy,2026-07-03,114.4,SGD,H672656,Routine historical business expense,REIMBURSED,PRJ-014,AIRFARE,
HIST-00949,E0121,Northside Pharmacy,2026-03-21,114.58,SGD,H929976,Routine historical business expense,REIMBURSED,PRJ-010,GROUND_TRANSPORT,
HIST-00378,E0049,Delta Copy Centre,2026-09-18,114.61,SGD,H551901,Routine historical business expense,REIMBURSED,PRJ-004,OTHER,
HIST-00960,E0122,Harvest Deli,2024-10-11,1140.3,INR,H319597,Routine historical business expense,REIMBURSED,PRJ-045,AIRFARE,
HIST-00850,E0108,City Parking Services,2025-06-19,11410.33,JPY,H743023,Routine historical business expense,REIMBURSED,PRJ-015,OTHER,
HIST-02359,E0296,Riverside Cafe,2024-01-19,11417.96,INR,H613248,Routine historical business expense,REIMBURSED,PRJ-050,MEAL_EMPLOYEE,
HIST-00358,E0047,Blue Line Couriers,2025-09-11,11439.78,INR,H578158,Routine historical business expense,REIMBURSED,PRJ-034,MEAL_EMPLOYEE,
HIST-00672,E0086,Bridge Street Grocer,2025-08-13,11459.93,INR,H722740,Routine historical business expense,REIMBURSED,PRJ-016,AIRFARE,
HIST-01243,E0156,Pinnacle Signage,2025-12-17,1149.38,JPY,H627384,Routine historical business expense,REIMBURSED,PRJ-045,OTHER,
HIST-01701,E0214,Bridge Street Grocer,2026-12-11,115.25,SGD,H386135,Routine historical business expense,REIMBURSED,PRJ-041,MEAL_CLIENT,
HIST-00353,E0046,Harbor Office Supply,2025-07-21,115.58,SGD,H899585,Routine historical business expense,REIMBURSED,PRJ-037,OTHER,
HIST-02352,E0295,QuickFix IT Services,2025-01-17,115.67,SGD,H876975,Routine historical business expense,REIMBURSED,PRJ-006,AIRFARE,
HIST-00451,E0058,Paper & Pen Depot,2025-06-02,115.68,SGD,H513040,Routine historical business expense,REIMBURSED,PRJ-006,MEAL_EMPLOYEE,
PREV-N0031,E0247,PeriphPoint,2026-02-19,11500.0,INR,H192025,Ad hoc purchase,REIMBURSED,PRJ-009,EQUIPMENT,
PREV-N0033,E0247,PeriphPoint,2026-03-09,11500.0,INR,H199726,Different expense type,REIMBURSED,,OTHER,
PREV-N0032,E0151,PeriphPoint,2026-03-10,11500.0,INR,H807063,"Other employee, same charge",REIMBURSED,,EQUIPMENT,
HIST-02388,E0300,Corner Bakery Co,2025-04-09,11501.11,JPY,H245443,Routine historical business expense,REIMBURSED,PRJ-028,HOTEL,
HIST-01714,E0216,Green Leaf Catering,2025-07-15,11524.09,JPY,H354966,Routine historical business expense,REIMBURSED,PRJ-049,MEAL_EMPLOYEE,
HIST-00445,E0057,Anchor Water Co,2024-07-06,11524.66,JPY,H864855,Routine historical business expense,REIMBURSED,PRJ-055,AIRFARE,
HIST-01273,E0161,Anchor Water Co,2024-10-19,11532.08,INR,H361141,Routine historical business expense,REIMBURSED,PRJ-047,AIRFARE,
HIST-00768,E0098,Riverside Cafe,2026-06-03,11533.33,INR,H882994,Routine historical business expense,REIMBURSED,PRJ-052,HOTEL,
HIST-00236,E0030,Delta Copy Centre,2025-03-07,11540.95,JPY,H924684,Routine historical business expense,REIMBURSED,PRJ-029,MEAL_EMPLOYEE,
HIST-00129,E0017,Urban Laundry,2025-06-22,11546.45,INR,H931112,Routine historical business expense,REIMBURSED,PRJ-049,GROUND_TRANSPORT,
HIST-00139,E0018,Paper & Pen Depot,2024-12-07,11565.69,JPY,H867795,Routine historical business expense,REIMBURSED,PRJ-051,GROUND_TRANSPORT,
HIST-01447,E0183,City Parking Services,2024-07-20,11574.58,JPY,H234968,Routine historical business expense,REIMBURSED,PRJ-031,MEAL_EMPLOYEE,
HIST-00249,E0032,TransitCard Top-up,2024-04-10,11581.28,INR,H651596,Routine historical business expense,REIMBURSED,PRJ-030,AIRFARE,
HIST-01681,E0212,TransitCard Top-up,2026-07-02,11588.23,INR,H229761,Routine historical business expense,REIMBURSED,PRJ-050,MEAL_CLIENT,
HIST-01007,E0128,Sunrise Bookstore,2025-04-21,11592.71,INR,H869576,Routine historical business expense,REIMBURSED,PRJ-040,GROUND_TRANSPORT,
HIST-00906,E0116,Central Stationers,2025-02-07,11597.91,INR,H994136,Routine historical business expense,REIMBURSED,PRJ-059,AIRFARE,
HIST-01700,E0214,Lantern Printing,2026-08-10,116.49,SGD,H431965,Routine historical business expense,REIMBURSED,PRJ-002,HOTEL,
HIST-01176,E0148,Harvest Deli,2026-04-03,116.55,SGD,H747822,Routine historical business expense,REIMBURSED,PRJ-011,OTHER,
HIST-00971,E0124,Tech Repair Lab,2025-02-15,116.61,SGD,H849886,Routine historical business expense,REIMBURSED,PRJ-044,EQUIPMENT,
HIST-01005,E0128,Tech Repair Lab,2024-02-19,11600.39,INR,H546898,Routine historical business expense,REIMBURSED,PRJ-043,AIRFARE,
HIST-00040,E0006,Corner Bakery Co,2025-02-16,1161.6,JPY,H340973,Routine historical business expense,REIMBURSED,PRJ-007,HOTEL,
HIST-00553,E0071,Tech Repair Lab,2026-03-04,1161.74,INR,H520152,Routine historical business expense,REIMBURSED,PRJ-006,AIRFARE,
HIST-02229,E0281,Tech Repair Lab,2025-03-15,11611.02,INR,H134292,Routine historical business expense,REIMBURSED,PRJ-050,MEAL_EMPLOYEE,
HIST-00363,E0047,Blue Line Couriers,2026-09-13,11625.5,INR,H736856,Routine historical business expense,REIMBURSED,PRJ-034,HOTEL,
HIST-00914,E0117,Summit Uniforms,2026-04-03,11626.07,JPY,H910787,Routine historical business expense,REIMBURSED,PRJ-057,OTHER,
HIST-01323,E0167,Northside Pharmacy,2024-05-11,11654.79,INR,H198261,Routine historical business expense,REIMBURSED,PRJ-032,HOTEL,
HIST-01805,E0227,Harbor Office Supply,2025-02-19,11669.53,INR,H320919,Routine historical business expense,REIMBURSED,PRJ-038,HOTEL,
HIST-01066,E0135,Airport Express Kiosk,2025-09-27,11693.45,JPY,H203171,Routine historical business expense,REIMBURSED,PRJ-017,AIRFARE,
HIST-01725,E0217,Lantern Printing,2024-05-13,117.07,SGD,H668343,Routine historical business expense,REIMBURSED,PRJ-012,HOTEL,
HIST-02242,E0283,Evergreen Florists,2025-06-20,117.53,SGD,H762361,Routine historical business expense,REIMBURSED,PRJ-034,HOTEL,
HIST-01193,E0151,Corner Bakery Co,2026-04-14,117.88,SGD,H113357,Routine historical business expense,REIMBURSED,PRJ-050,SOFTWARE,
HIST-01164,E0147,Sunrise Bookstore,2024-02-15,11702.11,JPY,H158735,Routine historical business expense,REIMBURSED,PRJ-025,HOTEL,
HIST-02257,E0284,Corner Bakery Co,2024-09-25,11731.57,INR,H450856,Routine historical business expense,REIMBURSED,PRJ-019,GROUND_TRANSPORT,
HIST-01169,E0147,Harvest Deli,2025-04-20,11731.94,JPY,H293857,Routine historical business expense,REIMBURSED,PRJ-036,AIRFARE,
HIST-01906,E0240,Skyview Coffee,2025-05-07,1175.51,JPY,H608216,Routine historical business expense,REIMBURSED,PRJ-009,SOFTWARE,
HIST-01084,E0137,TransitCard Top-up,2025-11-17,11750.73,INR,H488227,Routine historical business expense,REIMBURSED,PRJ-031,SOFTWARE,
HIST-00292,E0038,Harvest Deli,2026-10-02,11750.98,INR,H788685,Routine historical business expense,REIMBURSED,PRJ-046,GROUND_TRANSPORT,
HIST-01951,E0246,Riverside Cafe,2026-10-21,11762.46,JPY,H743614,Routine historical business expense,REIMBURSED,PRJ-011,GROUND_TRANSPORT,
HIST-02253,E0284,Evergreen Florists,2025-03-23,11787.45,INR,H221213,Routine historical business expense,REIMBURSED,PRJ-048,MEAL_CLIENT,
HIST-00725,E0093,Urban Laundry,2026-04-12,11790.61,JPY,H364659,Routine historical business expense,REIMBURSED,PRJ-058,MEAL_CLIENT,
HIST-02371,E0298,QuickFix IT Services,2024-06-22,118.2,SGD,H316738,Routine historical business expense,REIMBURSED,PRJ-027,MEAL_CLIENT,
HIST-01597,E0202,Corner Bakery Co,2025-05-08,118.21,SGD,H633690,Routine historical business expense,REIMBURSED,PRJ-012,EQUIPMENT,
HIST-01246,E0157,Paper & Pen Depot,2026-12-19,118.22,SGD,H243336,Routine historical business expense,REIMBURSED,PRJ-035,EQUIPMENT,
HIST-02351,E0295,Summit Uniforms,2026-10-18,118.33,SGD,H172173,Routine historical business expense,REIMBURSED,PRJ-050,HOTEL,
HIST-01077,E0136,Skyview Coffee,2024-12-24,118.43,SGD,H419876,Routine historical business expense,REIMBURSED,PRJ-031,MEAL_EMPLOYEE,
HIST-01745,E0220,Blue Line Couriers,2024-10-18,118.44,SGD,H870560,Routine historical business expense,REIMBURSED,PRJ-002,OTHER,
HIST-01565,E0199,Sunrise Bookstore,2025-11-02,118.47,SGD,H793482,Routine historical business expense,REIMBURSED,PRJ-028,MEAL_CLIENT,
HIST-02245,E0283,Lantern Printing,2026-08-26,118.94,SGD,H611040,Routine historical business expense,REIMBURSED,PRJ-001,AIRFARE,
HIST-00862,E0110,Bridge Street Grocer,2024-07-19,11816.11,INR,H764494,Routine historical business expense,REIMBURSED,PRJ-042,SOFTWARE,
HIST-00273,E0036,Northside Pharmacy,2024-12-16,11825.89,JPY,H124312,Routine historical business expense,REIMBURSED,PRJ-056,OTHER,
HIST-00300,E0039,Metro Print Shop,2024-05-21,11841.84,JPY,H523470,Routine historical business expense,REIMBURSED,PRJ-016,GROUND_TRANSPORT,
HIST-00890,E0114,City Parking Services,2026-02-22,11842.81,JPY,H614725,Routine historical business expense,REIMBURSED,PRJ-050,OTHER,
HIST-00823,E0105,TransitCard Top-up,2024-03-22,11856.63,JPY,H976749,Routine historical business expense,REIMBURSED,PRJ-006,SOFTWARE,
HIST-02043,E0257,Anchor Water Co,2024-12-27,11863.41,INR,H968368,Routine historical business expense,REIMBURSED,PRJ-014,MEAL_CLIENT,
HIST-01488,E0188,Riverside Cafe,2025-07-21,11864.48,INR,H949485,Routine historical business expense,REIMBURSED,PRJ-008,OTHER,
HIST-00079,E0011,Lunch Bowl Cafe,2026-03-13,11872.55,INR,H196434,Routine historical business expense,REIMBURSED,PRJ-026,AIRFARE,
HIST-02153,E0272,Airport Express Kiosk,2026-10-05,11888.02,INR,H198109,Routine historical business expense,REIMBURSED,PRJ-018,OTHER,
HIST-02246,E0283,Central Stationers,2026-11-02,119.42,SGD,H605234,Routine historical business expense,REIMBURSED,PRJ-055,SOFTWARE,
HIST-01982,E0250,Bridge Street Grocer,2025-09-19,119.78,SGD,H399947,Routine historical business expense,REIMBURSED,PRJ-031,MEAL_EMPLOYEE,
HIST-01347,E0171,Sunrise Bookstore,2024-05-25,11917.59,JPY,H495904,Routine historical business expense,REIMBURSED,PRJ-037,GROUND_TRANSPORT,
HIST-01388,E0176,Corner Bakery Co,2024-06-13,11920.43,INR,H442548,Routine historical business expense,REIMBURSED,PRJ-058,MEAL_CLIENT,
HIST-00956,E0122,Central Stationers,2026-12-02,11942.44,INR,H723039,Routine historical business expense,REIMBURSED,PRJ-016,GROUND_TRANSPORT,
HIST-01529,E0194,Summit Uniforms,2026-01-20,11945.32,INR,H889226,Routine historical business expense,REIMBURSED,PRJ-057,HOTEL,
HIST-00089,E0012,Sunrise Bookstore,2026-03-24,11953.86,JPY,H255935,Routine historical business expense,REIMBURSED,PRJ-035,EQUIPMENT,
HIST-00088,E0012,TransitCard Top-up,2026-10-15,11960.19,JPY,H189887,Routine historical business expense,REIMBURSED,PRJ-042,MEAL_EMPLOYEE,
HIST-00667,E0086,Blue Line Couriers,2025-04-06,11966.46,INR,H670309,Routine historical business expense,REIMBURSED,PRJ-021,SOFTWARE,
HIST-00650,E0084,Harbor Office Supply,2025-06-01,11992.0,JPY,H572031,Routine historical business expense,REIMBURSED,PRJ-007,SOFTWARE,
HIST-01344,E0170,Lunch Bowl Cafe,2025-08-26,11996.95,INR,H573415,Routine historical business expense,REIMBURSED,PRJ-009,MEAL_EMPLOYEE,
HIST-00097,E0013,Anchor Water Co,2025-11-06,12.06,SGD,H845208,Routine historical business expense,REIMBURSED,PRJ-050,EQUIPMENT,
HIST-00380,E0049,Urban Laundry,2026-03-01,12.29,SGD,H497635,Routine historical business expense,REIMBURSED,PRJ-057,AIRFARE,
HIST-00781,E0100,Lantern Printing,2024-02-02,12.37,SGD,H673934,Routine historical business expense,REIMBURSED,PRJ-060,AIRFARE,
HIST-00403,E0052,Blue Line Couriers,2024-12-11,12.65,SGD,H336905,Routine historical business expense,REIMBURSED,PRJ-011,OTHER,
HIST-01741,E0220,Central Stationers,2026-06-12,120.0,SGD,H711938,Routine historical business expense,REIMBURSED,PRJ-024,OTHER,
HIST-00851,E0109,Evergreen Florists,2025-02-22,120.72,SGD,H534824,Routine historical business expense,REIMBURSED,PRJ-024,SOFTWARE,
HIST-00354,E0046,Airport Express Kiosk,2026-11-07,120.82,SGD,H513367,Routine historical business expense,REIMBURSED,PRJ-050,HOTEL,
PREV-00049,E0028,IndiaWave,2025-07-02,1200,INR,H104316,Mobile plan,REIMBURSED,,TELECOM,
PREV-00050,E0028,IndiaWave,2025-06-11,1200,INR,H528483,Mobile plan,REIMBURSED,,TELECOM,
HIST-02095,E0264,Central Stationers,2026-01-01,1200.14,JPY,H664262,Routine historical business expense,REIMBURSED,PRJ-023,OTHER,
HIST-00389,E0050,Anchor Water Co,2025-03-27,12004.77,INR,H452945,Routine historical business expense,REIMBURSED,PRJ-017,MEAL_CLIENT,
HIST-02342,E0294,Urban Laundry,2024-01-27,12008.28,JPY,H537980,Routine historical business expense,REIMBURSED,PRJ-017,SOFTWARE,
HIST-01658,E0209,Paper & Pen Depot,2025-10-11,12027.48,INR,H961885,Routine historical business expense,REIMBURSED,PRJ-020,OTHER,
HIST-01179,E0149,Blue Line Couriers,2026-08-19,12030.15,INR,H842315,Routine historical business expense,REIMBURSED,PRJ-023,MEAL_CLIENT,
HIST-02181,E0275,Skyview Coffee,2026-09-06,12039.64,INR,H183786,Routine historical business expense,REIMBURSED,PRJ-028,OTHER,
HIST-01160,E0146,Skyview Coffee,2025-11-02,12039.97,INR,H555597,Routine historical business expense,REIMBURSED,PRJ-031,OTHER,
HIST-00749,E0096,Lunch Bowl Cafe,2026-09-11,12048.76,JPY,H812935,Routine historical business expense,REIMBURSED,PRJ-054,EQUIPMENT,
HIST-01833,E0231,Harvest Deli,2025-12-16,12053.1,JPY,H747035,Routine historical business expense,REIMBURSED,PRJ-018,OTHER,
HIST-00959,E0122,TransitCard Top-up,2024-10-07,12056.7,INR,H405117,Routine historical business expense,REIMBURSED,PRJ-060,OTHER,
HIST-01441,E0182,Airport Express Kiosk,2025-08-01,12064.18,INR,H377342,Routine historical business expense,REIMBURSED,PRJ-030,SOFTWARE,
HIST-00099,E0014,TransitCard Top-up,2025-08-27,12070.04,INR,H622680,Routine historical business expense,REIMBURSED,PRJ-039,SOFTWARE,
HIST-01057,E0134,Pinnacle Signage,2026-08-23,12078.45,INR,H838926,Routine historical business expense,REIMBURSED,PRJ-056,MEAL_CLIENT,
HIST-01155,E0146,Blue Line Couriers,2025-11-21,12090.96,INR,H809725,Routine historical business expense,REIMBURSED,PRJ-056,AIRFARE,
HIST-00043,E0006,Pinnacle Signage,2024-03-25,12091.73,JPY,H511319,Routine historical business expense,REIMBURSED,PRJ-031,OTHER,
HIST-00973,E0124,Harvest Deli,2026-06-09,121.24,SGD,H320490,Routine historical business expense,REIMBURSED,PRJ-020,OTHER,
HIST-00072,E0010,Evergreen Florists,2024-02-21,121.53,SGD,H982827,Routine historical business expense,REIMBURSED,PRJ-013,EQUIPMENT,
HIST-00264,E0034,Summit Uniforms,2026-06-15,121.55,SGD,H557191,Routine historical business expense,REIMBURSED,PRJ-016,HOTEL,
HIST-00193,E0025,Green Leaf Catering,2024-04-10,121.59,SGD,H702254,Routine historical business expense,REIMBURSED,PRJ-053,MEAL_EMPLOYEE,
HIST-00950,E0121,Tech Repair Lab,2024-04-14,121.78,SGD,H164117,Routine historical business expense,REIMBURSED,PRJ-015,HOTEL,
HIST-02231,E0281,QuickFix IT Services,2026-12-05,12114.13,INR,H869602,Routine historical business expense,REIMBURSED,PRJ-019,GROUND_TRANSPORT,
HIST-00599,E0077,Sunrise Bookstore,2024-11-25,12122.23,INR,H992167,Routine historical business expense,REIMBURSED,PRJ-035,HOTEL,
HIST-00386,E0050,Green Leaf Catering,2025-06-04,12158.63,INR,H861276,Routine historical business expense,REIMBURSED,PRJ-029,OTHER,
HIST-00988,E0126,Airport Express Kiosk,2025-04-03,1217.63,JPY,H521576,Routine historical business expense,REIMBURSED,PRJ-015,OTHER,
HIST-00435,E0056,Bridge Street Grocer,2026-02-25,12177.36,INR,H526822,Routine historical business expense,REIMBURSED,PRJ-016,OTHER,
HIST-02270,E0285,Harvest Deli,2025-03-09,12182.77,JPY,H126217,Routine historical business expense,REIMBURSED,PRJ-017,SOFTWARE,
HIST-00436,E0056,City Parking Services,2025-03-28,12187.8,INR,H311571,Routine historical business expense,REIMBURSED,PRJ-052,EQUIPMENT,
HIST-01603,E0203,Pinnacle Signage,2026-03-06,12190.32,INR,H502009,Routine historical business expense,REIMBURSED,PRJ-001,MEAL_CLIENT,
HIST-01593,E0202,Lunch Bowl Cafe,2025-11-20,122.12,SGD,H537894,Routine historical business expense,REIMBURSED,PRJ-041,GROUND_TRANSPORT,
HIST-00021,E0004,Sunrise Bookstore,2026-10-22,122.36,SGD,H836327,Routine historical business expense,REIMBURSED,PRJ-013,HOTEL,
HIST-02367,E0297,Corner Bakery Co,2024-03-07,1221.06,JPY,H648440,Routine historical business expense,REIMBURSED,PRJ-023,MEAL_EMPLOYEE,
HIST-01275,E0161,Evergreen Florists,2025-03-27,1225.04,INR,H143639,Routine historical business expense,REIMBURSED,PRJ-026,MEAL_EMPLOYEE,
HIST-00512,E0065,City Parking Services,2025-10-02,12289.87,INR,H364496,Routine historical business expense,REIMBURSED,PRJ-056,EQUIPMENT,
HIST-00802,E0103,Anchor Water Co,2024-10-09,123.05,SGD,H453130,Routine historical business expense,REIMBURSED,PRJ-025,SOFTWARE,
HIST-00166,E0022,Sunrise Bookstore,2025-04-08,123.49,SGD,H881500,Routine historical business expense,REIMBURSED,PRJ-009,GROUND_TRANSPORT,
HIST-01815,E0229,Blue Line Couriers,2025-10-12,123.53,SGD,H921104,Routine historical business expense,REIMBURSED,PRJ-050,MEAL_EMPLOYEE,
HIST-00631,E0081,Northside Pharmacy,2024-11-16,12309.83,JPY,H924585,Routine historical business expense,REIMBURSED,PRJ-045,GROUND_TRANSPORT,
HIST-01362,E0173,Central Stationers,2026-01-04,12315.74,INR,H345736,Routine historical business expense,REIMBURSED,PRJ-013,SOFTWARE,
HIST-00234,E0030,Tech Repair Lab,2026-11-14,12320.75,JPY,H866912,Routine historical business expense,REIMBURSED,PRJ-047,HOTEL,
HIST-00204,E0026,Sunrise Bookstore,2025-11-04,1234.65,INR,H973406,Routine historical business expense,REIMBURSED,PRJ-049,SOFTWARE,
HIST-02142,E0270,City Parking Services,2025-04-09,12355.63,JPY,H788890,Routine historical business expense,REIMBURSED,PRJ-002,SOFTWARE,
HIST-01064,E0135,Sunrise Bookstore,2026-11-04,12360.04,JPY,H507632,Routine historical business expense,REIMBURSED,PRJ-057,SOFTWARE,
HIST-01665,E0210,Delta Copy Centre,2025-07-22,12399.6,JPY,H138727,Routine historical business expense,REIMBURSED,PRJ-037,MEAL_EMPLOYEE,
HIST-01409,E0178,Blue Line Couriers,2024-01-20,124.53,SGD,H593806,Routine historical business expense,REIMBURSED,PRJ-051,HOTEL,
HIST-01481,E0187,Northside Pharmacy,2026-06-17,124.8,SGD,H767233,Routine historical business expense,REIMBURSED,PRJ-013,HOTEL,
HIST-00911,E0116,Lantern Printing,2024-06-08,12420.37,INR,H307474,Routine historical business expense,REIMBURSED,PRJ-009,MEAL_EMPLOYEE,
HIST-00934,E0119,Evergreen Florists,2025-07-23,12431.98,INR,H915552,Routine historical business expense,REIMBURSED,PRJ-049,HOTEL,
HIST-01973,E0249,Sunrise Bookstore,2025-09-02,12449.84,JPY,H920062,Routine historical business expense,REIMBURSED,PRJ-023,AIRFARE,
HIST-00985,E0125,Tech Repair Lab,2026-01-02,12453.98,INR,H672000,Routine historical business expense,REIMBURSED,PRJ-054,EQUIPMENT,
HIST-01082,E0137,Northside Pharmacy,2025-04-25,12481.26,INR,H957265,Routine historical business expense,REIMBURSED,PRJ-028,HOTEL,
HIST-01613,E0204,Sunrise Bookstore,2025-05-17,12481.62,JPY,H848309,Routine historical business expense,REIMBURSED,PRJ-038,MEAL_EMPLOYEE,
HIST-00745,E0095,Northside Pharmacy,2024-02-06,12483.52,INR,H325932,Routine historical business expense,REIMBURSED,PRJ-056,MEAL_CLIENT,
HIST-00893,E0114,Urban Laundry,2025-11-05,12492.7,JPY,H203465,Routine historical business expense,REIMBURSED,PRJ-051,SOFTWARE,
HIST-01459,E0184,Corner Bakery Co,2025-09-04,125.37,SGD,H742341,Routine historical business expense,REIMBURSED,PRJ-060,HOTEL,
HIST-01381,E0175,Airport Express Kiosk,2024-07-26,125.5,SGD,H585947,Routine historical business expense,REIMBURSED,PRJ-014,GROUND_TRANSPORT,
HIST-01696,E0214,Lunch Bowl Cafe,2024-04-01,125.56,SGD,H176280,Routine historical business expense,REIMBURSED,PRJ-006,MEAL_CLIENT,
HIST-00811,E0104,TransitCard Top-up,2024-02-08,12512.61,INR,H725145,Routine historical business expense,REIMBURSED,PRJ-057,GROUND_TRANSPORT,
HIST-00789,E0101,Delta Copy Centre,2024-04-10,12515.47,INR,H175722,Routine historical business expense,REIMBURSED,PRJ-042,SOFTWARE,
HIST-00295,E0038,Skyview Coffee,2026-03-16,12524.74,INR,H533388,Routine historical business expense,REIMBURSED,PRJ-017,AIRFARE,
HIST-01970,E0248,Corner Bakery Co,2025-01-09,12527.26,INR,H264773,Routine historical business expense,REIMBURSED,PRJ-026,MEAL_EMPLOYEE,
HIST-01340,E0170,Pinnacle Signage,2024-03-19,12548.99,INR,H191535,Routine historical business expense,REIMBURSED,PRJ-042,SOFTWARE,
HIST-00585,E0075,Sunrise Bookstore,2024-06-26,1257.72,JPY,H679783,Routine historical business expense,REIMBURSED,PRJ-051,OTHER,
HIST-00910,E0116,Delta Copy Centre,2024-06-25,12582.28,INR,H710343,Routine historical business expense,REIMBURSED,PRJ-009,OTHER,
HIST-00726,E0093,Sunrise Bookstore,2025-08-07,12584.58,JPY,H901724,Routine historical business expense,REIMBURSED,PRJ-033,EQUIPMENT,
HIST-00954,E0122,Harbor Office Supply,2024-02-08,1259.59,INR,H547011,Routine historical business expense,REIMBURSED,PRJ-036,OTHER,
HIST-01946,E0245,Riverside Cafe,2024-03-27,12590.87,INR,H320060,Routine historical business expense,REIMBURSED,PRJ-023,AIRFARE,
HIST-01317,E0167,TransitCard Top-up,2026-06-07,12598.68,INR,H724221,Routine historical business expense,REIMBURSED,PRJ-044,MEAL_EMPLOYEE,
HIST-02005,E0253,Blue Line Couriers,2025-08-11,126.31,SGD,H648222,Routine historical business expense,REIMBURSED,PRJ-038,AIRFARE,
HIST-01672,E0211,Evergreen Florists,2025-12-10,126.46,SGD,H171048,Routine historical business expense,REIMBURSED,PRJ-041,HOTEL,
HIST-00049,E0007,Summit Uniforms,2025-09-07,126.54,SGD,H886995,Routine historical business expense,REIMBURSED,PRJ-021,AIRFARE,
HIST-00665,E0085,Airport Express Kiosk,2025-05-27,126.92,SGD,H963527,Routine historical business expense,REIMBURSED,PRJ-010,MEAL_CLIENT,
HIST-02094,E0264,Central Stationers,2026-07-07,1265.56,JPY,H857191,Routine historical business expense,REIMBURSED,PRJ-041,OTHER,
HIST-01141,E0144,Summit Uniforms,2026-09-21,12654.78,JPY,H435868,Routine historical business expense,REIMBURSED,PRJ-029,AIRFARE,
HIST-00818,E0105,Pinnacle Signage,2024-12-02,12671.66,JPY,H613126,Routine historical business expense,REIMBURSED,PRJ-008,GROUND_TRANSPORT,
HIST-01127,E0142,Corner Bakery Co,2025-01-07,127.05,SGD,H618574,Routine historical business expense,REIMBURSED,PRJ-040,SOFTWARE,
HIST-02076,E0262,Central Stationers,2025-12-13,127.21,SGD,H558185,Routine historical business expense,REIMBURSED,PRJ-058,GROUND_TRANSPORT,
HIST-00381,E0049,Lantern Printing,2024-08-03,127.33,SGD,H404510,Routine historical business expense,REIMBURSED,PRJ-012,MEAL_EMPLOYEE,
HIST-01251,E0157,Riverside Cafe,2024-03-18,127.56,SGD,H487559,Routine historical business expense,REIMBURSED,PRJ-015,EQUIPMENT,
HIST-02175,E0274,Sunrise Bookstore,2026-04-13,127.79,SGD,H339330,Routine historical business expense,REIMBURSED,PRJ-050,GROUND_TRANSPORT,
HIST-01637,E0207,Harbor Office Supply,2026-05-04,12706.93,JPY,H191168,Routine historical business expense,REIMBURSED,PRJ-038,EQUIPMENT,
HIST-01860,E0234,Anchor Water Co,2026-03-04,12714.49,JPY,H701043,Routine historical business expense,REIMBURSED,PRJ-016,GROUND_TRANSPORT,
HIST-01404,E0177,Blue Line Couriers,2024-06-10,12720.64,JPY,H666880,Routine historical business expense,REIMBURSED,PRJ-057,HOTEL,
HIST-01752,E0221,Blue Line Couriers,2026-02-01,12732.76,INR,H911426,Routine historical business expense,REIMBURSED,PRJ-030,MEAL_CLIENT,
HIST-00041,E0006,Riverside Cafe,2025-01-14,12738.89,JPY,H925162,Routine historical business expense,REIMBURSED,PRJ-039,AIRFARE,
HIST-02058,E0260,Anchor Water Co,2026-06-16,12750.01,INR,H893995,Routine historical business expense,REIMBURSED,PRJ-036,EQUIPMENT,
HIST-00583,E0075,Harvest Deli,2025-12-04,12757.6,JPY,H892721,Routine historical business expense,REIMBURSED,PRJ-056,GROUND_TRANSPORT,
HIST-00814,E0104,Central Stationers,2026-04-16,12787.49,INR,H588986,Routine historical business expense,REIMBURSED,PRJ-001,GROUND_TRANSPORT,
HIST-00728,E0093,Harbor Office Supply,2025-11-13,12795.15,JPY,H997987,Routine historical business expense,REIMBURSED,PRJ-039,AIRFARE,
HIST-00783,E0100,Summit Uniforms,2025-06-15,128.28,SGD,H437327,Routine historical business expense,REIMBURSED,PRJ-054,AIRFARE,
HIST-00527,E0067,Pinnacle Signage,2025-03-01,128.34,SGD,H599327,Routine historical business expense,REIMBURSED,PRJ-036,EQUIPMENT,
HIST-00548,E0070,Urban Laundry,2025-09-04,128.4,SGD,H223101,Routine historical business expense,REIMBURSED,PRJ-060,GROUND_TRANSPORT,
HIST-01932,E0244,Tech Repair Lab,2024-02-02,128.5,SGD,H679953,Routine historical business expense,REIMBURSED,PRJ-041,HOTEL,
HIST-02087,E0263,Bridge Street Grocer,2024-07-01,1280.58,INR,H546606,Routine historical business expense,REIMBURSED,PRJ-031,MEAL_CLIENT,
HIST-01014,E0129,Lunch Bowl Cafe,2025-08-07,12807.47,JPY,H503615,Routine historical business expense,REIMBURSED,PRJ-019,EQUIPMENT,
HIST-00469,E0060,City Parking Services,2024-02-06,12822.77,JPY,H220325,Routine historical business expense,REIMBURSED,PRJ-035,EQUIPMENT,
HIST-00817,E0105,Lantern Printing,2025-11-26,12823.25,JPY,H555682,Routine historical business expense,REIMBURSED,PRJ-055,AIRFARE,
HIST-00977,E0125,Corner Bakery Co,2025-10-11,12838.17,INR,H662346,Routine historical business expense,REIMBURSED,PRJ-030,EQUIPMENT,
HIST-00007,E0002,Evergreen Florists,2024-05-17,12842.28,INR,H822726,Routine historical business expense,REIMBURSED,PRJ-033,MEAL_EMPLOYEE,
HIST-02014,E0254,Pinnacle Signage,2026-05-02,12851.99,INR,H406397,Routine historical business expense,REIMBURSED,PRJ-049,MEAL_EMPLOYEE,
HIST-00338,E0044,Northside Pharmacy,2026-12-05,12865.69,INR,H505454,Routine historical business expense,REIMBURSED,PRJ-017,AIRFARE,
HIST-01709,E0215,Central Stationers,2025-03-02,12880.52,INR,H525642,Routine historical business expense,REIMBURSED,PRJ-034,HOTEL,
HIST-00128,E0017,Anchor Water Co,2025-10-10,12885.58,INR,H476949,Routine historical business expense,REIMBURSED,PRJ-014,MEAL_CLIENT,
HIST-01942,E0245,Central Stationers,2026-05-25,12910.36,INR,H538730,Routine historical business expense,REIMBURSED,PRJ-002,MEAL_CLIENT,
HIST-01917,E0242,Pinnacle Signage,2026-11-19,12923.78,INR,H587320,Routine historical business expense,REIMBURSED,PRJ-036,MEAL_CLIENT,
HIST-01298,E0164,QuickFix IT Services,2026-01-15,1297.94,INR,H641664,Routine historical business expense,REIMBURSED,PRJ-041,MEAL_CLIENT,
HIST-02185,E0276,Corner Bakery Co,2024-01-10,12972.6,JPY,H466410,Routine historical business expense,REIMBURSED,PRJ-008,MEAL_CLIENT,
HIST-01235,E0155,Pinnacle Signage,2024-11-07,12978.34,INR,H362785,Routine historical business expense,REIMBURSED,PRJ-019,MEAL_EMPLOYEE,
HIST-00215,E0028,Skyview Coffee,2026-01-04,13.79,SGD,H189910,Routine historical business expense,REIMBURSED,PRJ-056,HOTEL,
HIST-00191,E0025,Green Leaf Catering,2026-10-23,13.81,SGD,H256103,Routine historical business expense,REIMBURSED,PRJ-044,GROUND_TRANSPORT,
HIST-01356,E0172,Blue Line Couriers,2024-02-27,130.3,SGD,H545314,Routine historical business expense,REIMBURSED,PRJ-028,MEAL_EMPLOYEE,
HIST-01938,E0244,City Parking Services,2024-04-12,130.75,SGD,H864606,Routine historical business expense,REIMBURSED,PRJ-014,HOTEL,
HIST-01075,E0136,Northside Pharmacy,2026-02-24,130.99,SGD,H220464,Routine historical business expense,REIMBURSED,PRJ-010,GROUND_TRANSPORT,
PREV-00042,E0212,Cedar Professional Institute,2026-03-12,1300,SGD,H907593,External course,REIMBURSED,,TRAINING,
HIST-00625,E0080,Delta Copy Centre,2025-06-20,13007.29,INR,H528819,Routine historical business expense,REIMBURSED,PRJ-025,SOFTWARE,
HIST-02207,E0278,Evergreen Florists,2025-03-24,13026.77,INR,H852916,Routine historical business expense,REIMBURSED,PRJ-048,MEAL_CLIENT,
HIST-01300,E0164,Lunch Bowl Cafe,2025-05-11,13048.56,INR,H969035,Routine historical business expense,REIMBURSED,PRJ-059,GROUND_TRANSPORT,
HIST-01489,E0189,Central Stationers,2025-11-05,13049.91,JPY,H706649,Routine historical business expense,REIMBURSED,PRJ-013,SOFTWARE,
HIST-01943,E0245,Anchor Water Co,2026-04-26,13059.42,INR,H890534,Routine historical business expense,REIMBURSED,PRJ-005,GROUND_TRANSPORT,
HIST-01689,E0213,Blue Line Couriers,2026-10-07,13065.21,JPY,H979623,Routine historical business expense,REIMBURSED,PRJ-020,EQUIPMENT,
HIST-02382,E0299,Green Leaf Catering,2026-06-24,13074.84,INR,H217930,Routine historical business expense,REIMBURSED,PRJ-009,SOFTWARE,
HIST-00968,E0123,QuickFix IT Services,2026-04-06,13084.17,JPY,H835866,Routine historical business expense,REIMBURSED,PRJ-056,MEAL_EMPLOYEE,
HIST-00466,E0060,Airport Express Kiosk,2025-09-10,13087.67,JPY,H776340,Routine historical business expense,REIMBURSED,PRJ-054,EQUIPMENT,
HIST-01202,E0152,Lunch Bowl Cafe,2024-11-05,13087.82,INR,H659811,Routine historical business expense,REIMBURSED,PRJ-016,HOTEL,
HIST-02007,E0253,Urban Laundry,2026-05-07,131.12,SGD,H899217,Routine historical business expense,REIMBURSED,PRJ-049,AIRFARE,
HIST-00662,E0085,Urban Laundry,2024-02-18,131.49,SGD,H542641,Routine historical business expense,REIMBURSED,PRJ-057,SOFTWARE,
HIST-00740,E0095,Blue Line Couriers,2026-03-01,13114.06,INR,H892004,Routine historical business expense,REIMBURSED,PRJ-035,HOTEL,
HIST-01663,E0210,Pinnacle Signage,2024-09-24,13118.42,JPY,H591070,Routine historical business expense,REIMBURSED,PRJ-006,OTHER,
HIST-00889,E0113,Harvest Deli,2025-03-07,13134.84,INR,H472266,Routine historical business expense,REIMBURSED,PRJ-054,GROUND_TRANSPORT,
HIST-01611,E0204,Harbor Office Supply,2024-07-07,13146.77,JPY,H791836,Routine historical business expense,REIMBURSED,PRJ-010,AIRFARE,
HIST-00066,E0009,Riverside Cafe,2025-03-20,13149.75,JPY,H277533,Routine historical business expense,REIMBURSED,PRJ-039,GROUND_TRANSPORT,
HIST-02261,E0285,Urban Laundry,2024-07-16,13172.95,JPY,H290952,Routine historical business expense,REIMBURSED,PRJ-030,SOFTWARE,
HIST-00534,E0068,Blue Line Couriers,2026-11-20,13179.14,INR,H460648,Routine historical business expense,REIMBURSED,PRJ-004,HOTEL,
HIST-00127,E0017,Delta Copy Centre,2026-01-06,13188.1,INR,H684625,Routine historical business expense,REIMBURSED,PRJ-023,GROUND_TRANSPORT,
HIST-01405,E0178,Sunrise Bookstore,2025-08-08,132.8,SGD,H336693,Routine historical business expense,REIMBURSED,PRJ-033,AIRFARE,
HIST-02025,E0255,Anchor Water Co,2025-08-09,13202.58,JPY,H771334,Routine historical business expense,REIMBURSED,PRJ-013,OTHER,
HIST-01978,E0249,City Parking Services,2026-08-07,13212.76,JPY,H234431,Routine historical business expense,REIMBURSED,PRJ-060,MEAL_EMPLOYEE,
HIST-00442,E0057,Metro Print Shop,2026-01-07,13218.38,JPY,H947187,Routine historical business expense,REIMBURSED,PRJ-046,HOTEL,
HIST-00459,E0059,Paper & Pen Depot,2025-10-27,13221.12,INR,H275074,Routine historical business expense,REIMBURSED,PRJ-053,AIRFARE,
HIST-00184,E0024,Blue Line Couriers,2026-07-19,13221.71,JPY,H941572,Routine historical business expense,REIMBURSED,PRJ-052,MEAL_EMPLOYEE,
HIST-01253,E0158,Skyview Coffee,2026-03-14,13240.34,INR,H310815,Routine historical business expense,REIMBURSED,PRJ-013,MEAL_EMPLOYEE,
HIST-00586,E0075,Metro Print Shop,2024-05-08,13248.15,JPY,H307329,Routine historical business expense,REIMBURSED,PRJ-044,MEAL_CLIENT,
HIST-01204,E0152,Riverside Cafe,2025-10-21,13254.84,INR,H589729,Routine historical business expense,REIMBURSED,PRJ-021,AIRFARE,
HIST-02305,E0290,Harvest Deli,2025-02-10,13259.35,INR,H134225,Routine historical business expense,REIMBURSED,PRJ-048,GROUND_TRANSPORT,
HIST-01234,E0155,Skyview Coffee,2026-11-02,13264.17,INR,H515047,Routine historical business expense,REIMBURSED,PRJ-038,MEAL_EMPLOYEE,
HIST-01969,E0248,Metro Print Shop,2026-03-02,13265.19,INR,H921164,Routine historical business expense,REIMBURSED,PRJ-037,MEAL_CLIENT,
HIST-00848,E0108,Anchor Water Co,2025-01-01,13292.85,JPY,H493089,Routine historical business expense,REIMBURSED,PRJ-025,SOFTWARE,
HIST-01058,E0134,Summit Uniforms,2024-12-13,13294.03,INR,H706625,Routine historical business expense,REIMBURSED,PRJ-028,SOFTWARE,
HIST-01361,E0173,City Parking Services,2025-06-26,13295.1,INR,H986428,Routine historical business expense,REIMBURSED,PRJ-018,EQUIPMENT,
HIST-01031,E0130,Airport Express Kiosk,2026-06-17,133.09,SGD,H401173,Routine historical business expense,REIMBURSED,PRJ-058,SOFTWARE,
HIST-00926,E0118,Summit Uniforms,2026-05-15,133.31,SGD,H860574,Routine historical business expense,REIMBURSED,PRJ-031,AIRFARE,
HIST-01545,E0196,Bridge Street Grocer,2024-04-10,133.43,SGD,H646145,Routine historical business expense,REIMBURSED,PRJ-060,AIRFARE,
HIST-01379,E0175,Paper & Pen Depot,2026-05-12,133.63,SGD,H575403,Routine historical business expense,REIMBURSED,PRJ-025,MEAL_EMPLOYEE,
HIST-02312,E0290,Northside Pharmacy,2026-03-03,13316.9,INR,H882133,Routine historical business expense,REIMBURSED,PRJ-038,SOFTWARE,
HIST-01751,E0221,Paper & Pen Depot,2025-01-07,13328.21,INR,H299116,Routine historical business expense,REIMBURSED,PRJ-026,AIRFARE,
HIST-01734,E0219,Pinnacle Signage,2025-11-24,1335.69,JPY,H404692,Routine historical business expense,REIMBURSED,PRJ-006,EQUIPMENT,
HIST-00247,E0032,Green Leaf Catering,2026-03-18,13374.77,INR,H577136,Routine historical business expense,REIMBURSED,PRJ-036,SOFTWARE,
HIST-02385,E0299,Evergreen Florists,2026-11-21,13393.32,INR,H174606,Routine historical business expense,REIMBURSED,PRJ-045,AIRFARE,
HIST-01592,E0202,Anchor Water Co,2026-05-02,134.38,SGD,H798761,Routine historical business expense,REIMBURSED,PRJ-003,EQUIPMENT,
HIST-00165,E0022,Harvest Deli,2026-08-03,134.4,SGD,H858819,Routine historical business expense,REIMBURSED,PRJ-003,AIRFARE,
HIST-00824,E0106,Sunrise Bookstore,2025-05-05,134.78,SGD,H829364,Routine historical business expense,REIMBURSED,PRJ-028,MEAL_EMPLOYEE,
HIST-00486,E0062,Bridge Street Grocer,2026-10-27,1340.32,INR,H813812,Routine historical business expense,REIMBURSED,PRJ-044,MEAL_CLIENT,
HIST-01920,E0242,Green Leaf Catering,2026-09-18,13413.83,INR,H395223,Routine historical business expense,REIMBURSED,PRJ-044,GROUND_TRANSPORT,
HIST-00766,E0098,Corner Bakery Co,2026-08-24,13448.54,INR,H661110,Routine historical business expense,REIMBURSED,PRJ-008,OTHER,
HIST-02360,E0296,Paper & Pen Depot,2025-05-08,13455.21,INR,H157384,Routine historical business expense,REIMBURSED,PRJ-042,MEAL_CLIENT,
HIST-02344,E0294,Harvest Deli,2024-11-24,13458.1,JPY,H953006,Routine historical business expense,REIMBURSED,PRJ-056,HOTEL,
HIST-00369,E0048,Harbor Office Supply,2025-09-20,13460.46,JPY,H786427,Routine historical business expense,REIMBURSED,PRJ-019,SOFTWARE,
HIST-02161,E0273,Summit Uniforms,2024-11-01,13485.67,JPY,H980374,Routine historical business expense,REIMBURSED,PRJ-029,AIRFARE,
HIST-01803,E0227,Anchor Water Co,2026-04-04,13488.59,INR,H238577,Routine historical business expense,REIMBURSED,PRJ-059,MEAL_EMPLOYEE,
HIST-00314,E0041,Blue Line Couriers,2024-08-04,1349.45,INR,H647347,Routine historical business expense,REIMBURSED,PRJ-006,MEAL_EMPLOYEE,
HIST-01343,E0170,TransitCard Top-up,2025-09-18,13493.53,INR,H169226,Routine historical business expense,REIMBURSED,PRJ-017,HOTEL,
HIST-00807,E0103,Sunrise Bookstore,2024-01-23,135.44,SGD,H972797,Routine historical business expense,REIMBURSED,PRJ-047,AIRFARE,
HIST-01086,E0137,Airport Express Kiosk,2024-06-27,1350.81,INR,H585190,Routine historical business expense,REIMBURSED,PRJ-047,HOTEL,
HIST-02144,E0270,Metro Print Shop,2024-11-27,13502.24,JPY,H905011,Routine historical business expense,REIMBURSED,PRJ-002,GROUND_TRANSPORT,
HIST-01417,E0179,Anchor Water Co,2025-04-21,13513.15,INR,H699811,Routine historical business expense,REIMBURSED,PRJ-011,HOTEL,
HIST-02108,E0266,Summit Uniforms,2024-01-10,13523.46,INR,H706269,Routine historical business expense,REIMBURSED,PRJ-046,HOTEL,
HIST-01467,E0185,Lantern Printing,2026-06-20,13539.09,INR,H323043,Routine historical business expense,REIMBURSED,PRJ-028,GROUND_TRANSPORT,
HIST-01876,E0236,Delta Copy Centre,2024-02-18,13547.88,INR,H887208,Routine historical business expense,REIMBURSED,PRJ-016,MEAL_CLIENT,
HIST-00895,E0114,Urban Laundry,2024-07-14,1355.04,JPY,H822424,Routine historical business expense,REIMBURSED,PRJ-021,HOTEL,
HIST-00812,E0104,Pinnacle Signage,2024-05-19,13568.24,INR,H569727,Routine historical business expense,REIMBURSED,PRJ-038,AIRFARE,
HIST-02311,E0290,Delta Copy Centre,2024-11-15,13590.12,INR,H911999,Routine historical business expense,REIMBURSED,PRJ-050,GROUND_TRANSPORT,
HIST-00046,E0007,Skyview Coffee,2025-02-02,136.05,SGD,H598061,Routine historical business expense,REIMBURSED,PRJ-036,HOTEL,
HIST-00498,E0064,Northside Pharmacy,2025-11-16,136.3,SGD,H134395,Routine historical business expense,REIMBURSED,PRJ-035,EQUIPMENT,
HIST-00774,E0099,City Parking Services,2026-08-01,13624.03,JPY,H214439,Routine historical business expense,REIMBURSED,PRJ-034,MEAL_CLIENT,
HIST-02334,E0293,Tech Repair Lab,2025-04-28,13626.8,INR,H244562,Routine historical business expense,REIMBURSED,PRJ-012,AIRFARE,
HIST-00620,E0080,City Parking Services,2025-02-05,13646.95,INR,H734833,Routine historical business expense,REIMBURSED,PRJ-003,OTHER,
HIST-00559,E0071,Paper & Pen Depot,2024-05-10,13648.45,INR,H295803,Routine historical business expense,REIMBURSED,PRJ-019,SOFTWARE,
HIST-01551,E0197,Lantern Printing,2025-06-15,13670.65,INR,H168395,Routine historical business expense,REIMBURSED,PRJ-006,OTHER,
HIST-02113,E0266,Skyview Coffee,2026-05-01,13678.28,INR,H688140,Routine historical business expense,REIMBURSED,PRJ-060,SOFTWARE,
HIST-02241,E0282,Airport Express Kiosk,2025-05-05,13680.57,JPY,H641321,Routine historical business expense,REIMBURSED,PRJ-048,MEAL_CLIENT,
HIST-00109,E0015,Central Stationers,2026-09-21,13684.93,JPY,H458929,Routine historical business expense,REIMBURSED,PRJ-003,EQUIPMENT,
HIST-01992,E0251,Urban Laundry,2026-03-02,13685.36,INR,H489217,Routine historical business expense,REIMBURSED,PRJ-048,SOFTWARE,
HIST-01630,E0206,Anchor Water Co,2024-12-20,1369.7,INR,H502415,Routine historical business expense,REIMBURSED,PRJ-029,MEAL_CLIENT,
HIST-00023,E0004,QuickFix IT Services,2024-12-27,137.23,SGD,H156622,Routine historical business expense,REIMBURSED,PRJ-001,OTHER,
HIST-01150,E0145,Harbor Office Supply,2025-08-07,137.85,SGD,H941114,Routine historical business expense,REIMBURSED,PRJ-008,EQUIPMENT,
HIST-01055,E0134,Bridge Street Grocer,2024-01-04,13720.11,INR,H438354,Routine historical business expense,REIMBURSED,PRJ-032,GROUND_TRANSPORT,
HIST-01390,E0176,Northside Pharmacy,2026-05-05,13720.33,INR,H813674,Routine historical business expense,REIMBURSED,PRJ-045,MEAL_EMPLOYEE,
HIST-00716,E0092,Pinnacle Signage,2025-12-08,13767.4,INR,H400853,Routine historical business expense,REIMBURSED,PRJ-056,MEAL_EMPLOYEE,
HIST-01342,E0170,Pinnacle Signage,2025-03-26,13770.46,INR,H119868,Routine historical business expense,REIMBURSED,PRJ-039,HOTEL,
HIST-01719,E0217,Harvest Deli,2026-03-08,138.15,SGD,H652676,Routine historical business expense,REIMBURSED,PRJ-008,EQUIPMENT,
HIST-01548,E0196,Tech Repair Lab,2024-10-22,138.25,SGD,H792272,Routine historical business expense,REIMBURSED,PRJ-025,AIRFARE,
HIST-00754,E0097,Green Leaf Catering,2026-02-16,138.58,SGD,H398060,Routine historical business expense,REIMBURSED,PRJ-030,MEAL_CLIENT,
HIST-01743,E0220,Urban Laundry,2026-12-05,138.79,SGD,H482327,Routine historical business expense,REIMBURSED,PRJ-059,HOTEL,
HIST-02288,E0287,Summit Uniforms,2024-03-20,13840.2,INR,H828644,Routine historical business expense,REIMBURSED,PRJ-006,MEAL_EMPLOYEE,
HIST-00253,E0033,Harbor Office Supply,2025-06-10,13852.99,JPY,H519647,Routine historical business expense,REIMBURSED,PRJ-056,SOFTWARE,
HIST-00984,E0125,Anchor Water Co,2026-09-02,13858.34,INR,H826419,Routine historical business expense,REIMBURSED,PRJ-053,SOFTWARE,
HIST-01599,E0203,Lunch Bowl Cafe,2024-12-12,13881.8,INR,H646947,Routine historical business expense,REIMBURSED,PRJ-008,EQUIPMENT,
HIST-01153,E0146,Bridge Street Grocer,2024-01-27,13884.74,INR,H637869,Routine historical business expense,REIMBURSED,PRJ-009,SOFTWARE,
HIST-01214,E0153,Paper & Pen Depot,2024-10-17,13892.09,JPY,H109083,Routine historical business expense,REIMBURSED,PRJ-054,EQUIPMENT,
HIST-00070,E0010,Delta Copy Centre,2024-02-20,139.53,SGD,H397610,Routine historical business expense,REIMBURSED,PRJ-060,EQUIPMENT,
HIST-02077,E0262,Riverside Cafe,2026-12-18,139.64,SGD,H468594,Routine historical business expense,REIMBURSED,PRJ-001,SOFTWARE,
HIST-02249,E0283,Lantern Printing,2025-01-17,139.69,SGD,H693479,Routine historical business expense,REIMBURSED,PRJ-031,GROUND_TRANSPORT,
HIST-01059,E0134,Harvest Deli,2025-01-23,13906.7,INR,H301279,Routine historical business expense,REIMBURSED,PRJ-052,OTHER,
HIST-02336,E0293,Urban Laundry,2026-01-04,13918.6,INR,H989005,Routine historical business expense,REIMBURSED,PRJ-040,GROUND_TRANSPORT,
HIST-01652,E0209,TransitCard Top-up,2026-03-05,1392.6,INR,H828920,Routine historical business expense,REIMBURSED,PRJ-006,OTHER,
HIST-00793,E0101,Skyview Coffee,2024-05-18,13940.14,INR,H937177,Routine historical business expense,REIMBURSED,PRJ-035,SOFTWARE,
HIST-00232,E0030,Blue Line Couriers,2025-02-13,13950.01,JPY,H898335,Routine historical business expense,REIMBURSED,PRJ-047,AIRFARE,
HIST-00681,E0087,QuickFix IT Services,2026-08-09,13953.72,JPY,H516182,Routine historical business expense,REIMBURSED,PRJ-032,SOFTWARE,
HIST-00647,E0083,Airport Express Kiosk,2026-05-16,13961.02,INR,H220763,Routine historical business expense,REIMBURSED,PRJ-012,MEAL_CLIENT,
HIST-00600,E0077,TransitCard Top-up,2026-11-25,13981.73,INR,H409546,Routine historical business expense,REIMBURSED,PRJ-015,MEAL_CLIENT,
HIST-01748,E0221,Evergreen Florists,2025-01-03,13982.58,INR,H282726,Routine historical business expense,REIMBURSED,PRJ-030,GROUND_TRANSPORT,
HIST-00477,E0061,Central Stationers,2026-10-03,14.32,SGD,H801097,Routine historical business expense,REIMBURSED,PRJ-053,EQUIPMENT,
HIST-01936,E0244,Anchor Water Co,2024-12-02,14.46,SGD,H783722,Routine historical business expense,REIMBURSED,PRJ-003,OTHER,
HIST-00853,E0109,Riverside Cafe,2024-09-15,14.52,SGD,H500158,Routine historical business expense,REIMBURSED,PRJ-001,MEAL_CLIENT,
PREV-00018,E0122,Heritage Hampers,2025-03-26,140,SGD,H157478,Gift to Zenith Foods,REIMBURSED,,GIFT,Zenith Foods
HIST-00784,E0100,Pinnacle Signage,2024-05-02,140.06,SGD,H418041,Routine historical business expense,REIMBURSED,PRJ-055,MEAL_EMPLOYEE,
HIST-02375,E0298,Corner Bakery Co,2024-10-07,140.1,SGD,H817436,Routine historical business expense,REIMBURSED,PRJ-054,HOTEL,
HIST-00505,E0064,Anchor Water Co,2026-05-14,140.68,SGD,H896443,Routine historical business expense,REIMBURSED,PRJ-012,EQUIPMENT,
HIST-00115,E0016,Evergreen Florists,2026-01-10,140.99,SGD,H165563,Routine historical business expense,REIMBURSED,PRJ-014,MEAL_CLIENT,
HIST-00821,E0105,TransitCard Top-up,2024-10-08,14001.06,JPY,H300460,Routine historical business expense,REIMBURSED,PRJ-051,EQUIPMENT,
HIST-01325,E0168,QuickFix IT Services,2025-11-03,14004.41,JPY,H214466,Routine historical business expense,REIMBURSED,PRJ-058,AIRFARE,
HIST-00538,E0068,Central Stationers,2024-10-15,14010.23,INR,H756860,Routine historical business expense,REIMBURSED,PRJ-043,SOFTWARE,
HIST-00364,E0047,Paper & Pen Depot,2026-08-21,14017.45,INR,H117702,Routine historical business expense,REIMBURSED,PRJ-014,MEAL_EMPLOYEE,
HIST-01554,E0197,Urban Laundry,2024-01-06,14039.35,INR,H801137,Routine historical business expense,REIMBURSED,PRJ-022,MEAL_EMPLOYEE,
HIST-01138,E0144,Blue Line Couriers,2024-10-04,14043.08,JPY,H390593,Routine historical business expense,REIMBURSED,PRJ-003,MEAL_CLIENT,
HIST-00801,E0102,Harbor Office Supply,2025-06-20,14045.53,JPY,H515465,Routine historical business expense,REIMBURSED,PRJ-025,AIRFARE,
HIST-00228,E0029,Skyview Coffee,2026-07-03,14067.94,INR,H861219,Routine historical business expense,REIMBURSED,PRJ-039,SOFTWARE,
HIST-02054,E0259,Evergreen Florists,2026-12-20,141.18,SGD,H497010,Routine historical business expense,REIMBURSED,PRJ-045,SOFTWARE,
HIST-02374,E0298,Paper & Pen Depot,2026-02-13,141.37,SGD,H364950,Routine historical business expense,REIMBURSED,PRJ-025,MEAL_EMPLOYEE,
HIST-00948,E0121,Summit Uniforms,2025-11-21,141.47,SGD,H557498,Routine historical business expense,REIMBURSED,PRJ-057,EQUIPMENT,
HIST-01807,E0228,Bridge Street Grocer,2024-06-07,14101.06,JPY,H253652,Routine historical business expense,REIMBURSED,PRJ-013,MEAL_EMPLOYEE,
HIST-02202,E0278,Northside Pharmacy,2025-06-20,14106.06,INR,H424140,Routine historical business expense,REIMBURSED,PRJ-035,MEAL_EMPLOYEE,
HIST-01861,E0234,Metro Print Shop,2025-05-01,14114.59,JPY,H402246,Routine historical business expense,REIMBURSED,PRJ-003,SOFTWARE,
HIST-00250,E0032,Evergreen Florists,2024-11-18,14121.37,INR,H549609,Routine historical business expense,REIMBURSED,PRJ-049,GROUND_TRANSPORT,
HIST-00894,E0114,Corner Bakery Co,2026-05-14,14132.06,JPY,H338334,Routine historical business expense,REIMBURSED,PRJ-036,MEAL_EMPLOYEE,
HIST-01350,E0171,Paper & Pen Depot,2025-05-18,14136.28,JPY,H527219,Routine historical business expense,REIMBURSED,PRJ-010,HOTEL,
HIST-00008,E0002,Central Stationers,2024-09-09,14156.55,INR,H889752,Routine historical business expense,REIMBURSED,PRJ-025,HOTEL,
HIST-00772,E0099,Northside Pharmacy,2026-09-17,14163.66,JPY,H648374,Routine historical business expense,REIMBURSED,PRJ-019,GROUND_TRANSPORT,
HIST-01232,E0155,Riverside Cafe,2024-09-16,14176.97,INR,H973532,Routine historical business expense,REIMBURSED,PRJ-015,AIRFARE,
HIST-01304,E0165,Blue Line Couriers,2024-06-13,14177.07,JPY,H580781,Routine historical business expense,REIMBURSED,PRJ-019,OTHER,
HIST-00473,E0061,Summit Uniforms,2025-01-24,142.22,SGD,H455843,Routine historical business expense,REIMBURSED,PRJ-055,GROUND_TRANSPORT,
HIST-01651,E0208,Paper & Pen Depot,2026-06-14,142.67,SGD,H692485,Routine historical business expense,REIMBURSED,PRJ-037,OTHER,
HIST-01465,E0185,Central Stationers,2026-08-24,14205.65,INR,H686293,Routine historical business expense,REIMBURSED,PRJ-042,MEAL_EMPLOYEE,
HIST-00750,E0096,Urban Laundry,2025-03-20,14209.45,JPY,H784503,Routine historical business expense,REIMBURSED,PRJ-007,EQUIPMENT,
HIST-01112,E0140,Skyview Coffee,2026-10-01,1421.62,INR,H489245,Routine historical business expense,REIMBURSED,PRJ-046,HOTEL,
HIST-01901,E0240,Lunch Bowl Cafe,2026-09-12,14210.68,JPY,H171514,Routine historical business expense,REIMBURSED,PRJ-057,EQUIPMENT,
HIST-00106,E0014,Harbor Office Supply,2026-02-17,14218.35,INR,H834254,Routine historical business expense,REIMBURSED,PRJ-018,OTHER,
HIST-01952,E0246,Pinnacle Signage,2024-07-27,14229.38,JPY,H753684,Routine historical business expense,REIMBURSED,PRJ-058,EQUIPMENT,
HIST-02012,E0254,Riverside Cafe,2025-03-21,14249.1,INR,H525589,Routine historical business expense,REIMBURSED,PRJ-003,EQUIPMENT,
HIST-00509,E0065,Evergreen Florists,2026-04-08,14280.64,INR,H552556,Routine historical business expense,REIMBURSED,PRJ-024,AIRFARE,
HIST-01607,E0203,Anchor Water Co,2026-06-12,14282.8,INR,H608656,Routine historical business expense,REIMBURSED,PRJ-005,EQUIPMENT,
HIST-00598,E0077,QuickFix IT Services,2025-11-20,14288.07,INR,H767996,Routine historical business expense,REIMBURSED,PRJ-048,SOFTWARE,
PREV-00005,E0296,DataLoom,2026-03-01,143.26,SGD,H497453,Design tool seat,REIMBURSED,,SOFTWARE,
HIST-00033,E0005,Tech Repair Lab,2024-08-01,14311.35,INR,H991131,Routine historical business expense,REIMBURSED,PRJ-011,SOFTWARE,
HIST-01090,E0138,Riverside Cafe,2024-10-05,1432.95,JPY,H129066,Routine historical business expense,REIMBURSED,PRJ-002,HOTEL,
HIST-00153,E0020,Pinnacle Signage,2025-01-11,14320.51,INR,H420607,Routine historical business expense,REIMBURSED,PRJ-009,MEAL_EMPLOYEE,
HIST-02163,E0273,Anchor Water Co,2024-02-26,14326.2,JPY,H718611,Routine historical business expense,REIMBURSED,PRJ-003,SOFTWARE,
HIST-01418,E0179,Harbor Office Supply,2025-07-04,14328.59,INR,H220871,Routine historical business expense,REIMBURSED,PRJ-015,AIRFARE,
HIST-00763,E0098,TransitCard Top-up,2026-12-12,14331.07,INR,H888144,Routine historical business expense,REIMBURSED,PRJ-051,MEAL_EMPLOYEE,
HIST-00541,E0069,Blue Line Couriers,2024-04-13,14331.14,JPY,H954664,Routine historical business expense,REIMBURSED,PRJ-018,MEAL_EMPLOYEE,
HIST-01897,E0239,Green Leaf Catering,2026-02-02,14332.45,INR,H677170,Routine historical business expense,REIMBURSED,PRJ-055,SOFTWARE,
HIST-02112,E0266,Harvest Deli,2025-11-14,14334.96,INR,H246346,Routine historical business expense,REIMBURSED,PRJ-027,GROUND_TRANSPORT,
HIST-00279,E0036,Riverside Cafe,2026-01-19,1434.18,JPY,H620487,Routine historical business expense,REIMBURSED,PRJ-050,OTHER,
HIST-00917,E0117,Central Stationers,2024-02-01,14362.86,JPY,H573050,Routine historical business expense,REIMBURSED,PRJ-008,OTHER,
HIST-01855,E0234,Sunrise Bookstore,2024-05-12,14375.74,JPY,H733640,Routine historical business expense,REIMBURSED,PRJ-050,AIRFARE,
HIST-00746,E0095,Northside Pharmacy,2024-10-01,14380.46,INR,H361053,Routine historical business expense,REIMBURSED,PRJ-031,HOTEL,
HIST-01491,E0189,TransitCard Top-up,2024-02-08,14382.34,JPY,H615576,Routine historical business expense,REIMBURSED,PRJ-046,HOTEL,
HIST-00646,E0083,Central Stationers,2024-06-28,14398.61,INR,H375473,Routine historical business expense,REIMBURSED,PRJ-042,MEAL_EMPLOYEE,
HIST-01821,E0229,Harbor Office Supply,2024-01-23,144.07,SGD,H263500,Routine historical business expense,REIMBURSED,PRJ-002,MEAL_EMPLOYEE,
HIST-01981,E0250,Skyview Coffee,2026-07-24,144.65,SGD,H600799,Routine historical business expense,REIMBURSED,PRJ-019,SOFTWARE,
HIST-00190,E0025,Corner Bakery Co,2024-05-08,144.77,SGD,H849871,Routine historical business expense,REIMBURSED,PRJ-056,SOFTWARE,
HIST-01331,E0169,Metro Print Shop,2026-03-12,144.89,SGD,H765565,Routine historical business expense,REIMBURSED,PRJ-022,AIRFARE,
HIST-01397,E0177,Delta Copy Centre,2025-06-14,1440.12,JPY,H896196,Routine historical business expense,REIMBURSED,PRJ-027,HOTEL,
HIST-01505,E0191,Sunrise Bookstore,2025-08-19,14401.77,INR,H575405,Routine historical business expense,REIMBURSED,PRJ-012,SOFTWARE,
HIST-00199,E0026,Paper & Pen Depot,2024-01-16,14409.23,INR,H310981,Routine historical business expense,REIMBURSED,PRJ-029,MEAL_CLIENT,
HIST-00933,E0119,Central Stationers,2024-02-23,14422.47,INR,H108810,Routine historical business expense,REIMBURSED,PRJ-056,MEAL_CLIENT,
HIST-00978,E0125,Bridge Street Grocer,2025-03-12,14434.09,INR,H189702,Routine historical business expense,REIMBURSED,PRJ-022,OTHER,
HIST-00578,E0074,Harvest Deli,2026-07-01,14450.8,INR,H165626,Routine historical business expense,REIMBURSED,PRJ-039,GROUND_TRANSPORT,
HIST-00131,E0017,Sunrise Bookstore,2026-10-13,14458.57,INR,H590772,Routine historical business expense,REIMBURSED,PRJ-049,MEAL_EMPLOYEE,
HIST-00056,E0008,Urban Laundry,2024-09-20,14485.01,INR,H157026,Routine historical business expense,REIMBURSED,PRJ-005,HOTEL,
HIST-00404,E0052,Pinnacle Signage,2025-03-10,145.69,SGD,H115985,Routine historical business expense,REIMBURSED,PRJ-019,MEAL_CLIENT,
HIST-01449,E0183,TransitCard Top-up,2025-08-10,14505.4,JPY,H850517,Routine historical business expense,REIMBURSED,PRJ-006,EQUIPMENT,
HIST-00693,E0089,Airport Express Kiosk,2025-10-19,14508.65,INR,H207322,Routine historical business expense,REIMBURSED,PRJ-040,GROUND_TRANSPORT,
HIST-02085,E0263,Green Leaf Catering,2025-03-13,14528.36,INR,H127241,Routine historical business expense,REIMBURSED,PRJ-041,AIRFARE,
HIST-00054,E0008,Pinnacle Signage,2025-09-27,14532.13,INR,H395260,Routine historical business expense,REIMBURSED,PRJ-024,GROUND_TRANSPORT,
HIST-00887,E0113,Harbor Office Supply,2025-09-16,14538.45,INR,H318903,Routine historical business expense,REIMBURSED,PRJ-001,SOFTWARE,
HIST-00484,E0062,Lunch Bowl Cafe,2026-02-10,14550.66,INR,H570252,Routine historical business expense,REIMBURSED,PRJ-041,SOFTWARE,
HIST-00515,E0065,Blue Line Couriers,2025-09-06,14557.97,INR,H214176,Routine historical business expense,REIMBURSED,PRJ-010,AIRFARE,
HIST-00084,E0012,Summit Uniforms,2025-03-17,1456.51,JPY,H411352,Routine historical business expense,REIMBURSED,PRJ-035,GROUND_TRANSPORT,
HIST-00885,E0113,Central Stationers,2026-03-17,14568.43,INR,H385577,Routine historical business expense,REIMBURSED,PRJ-038,HOTEL,
HIST-01173,E0148,Harvest Deli,2025-10-01,146.11,SGD,H313505,Routine historical business expense,REIMBURSED,PRJ-026,MEAL_CLIENT,
HIST-02033,E0256,Paper & Pen Depot,2025-05-15,146.22,SGD,H175495,Routine historical business expense,REIMBURSED,PRJ-005,HOTEL,
HIST-00996,E0127,Harbor Office Supply,2025-04-28,146.58,SGD,H749623,Routine historical business expense,REIMBURSED,PRJ-055,OTHER,
HIST-00997,E0127,TransitCard Top-up,2026-12-18,146.99,SGD,H629122,Routine historical business expense,REIMBURSED,PRJ-004,MEAL_CLIENT,
HIST-01422,E0179,Green Leaf Catering,2025-04-23,14601.37,INR,H343883,Routine historical business expense,REIMBURSED,PRJ-050,MEAL_CLIENT,
HIST-02157,E0272,Northside Pharmacy,2026-04-10,14607.23,INR,H112214,Routine historical business expense,REIMBURSED,PRJ-015,GROUND_TRANSPORT,
HIST-01749,E0221,Pinnacle Signage,2025-06-25,14631.05,INR,H407933,Routine historical business expense,REIMBURSED,PRJ-034,AIRFARE,
HIST-01108,E0140,Harbor Office Supply,2025-08-17,14636.15,INR,H506619,Routine historical business expense,REIMBURSED,PRJ-052,GROUND_TRANSPORT,
HIST-00489,E0062,Anchor Water Co,2024-02-09,14640.91,INR,H419619,Routine historical business expense,REIMBURSED,PRJ-039,MEAL_EMPLOYEE,
HIST-01280,E0161,Lantern Printing,2026-11-17,14643.82,INR,H894919,Routine historical business expense,REIMBURSED,PRJ-018,GROUND_TRANSPORT,
HIST-00580,E0074,QuickFix IT Services,2025-05-21,1466.53,INR,H798378,Routine historical business expense,REIMBURSED,PRJ-008,SOFTWARE,
HIST-00652,E0084,Harvest Deli,2025-07-27,14669.29,JPY,H977534,Routine historical business expense,REIMBURSED,PRJ-033,AIRFARE,
HIST-01162,E0147,Central Stationers,2025-03-22,14674.49,JPY,H541813,Routine historical business expense,REIMBURSED,PRJ-010,MEAL_EMPLOYEE,
HIST-01763,E0222,QuickFix IT Services,2025-09-12,1468.98,JPY,H258712,Routine historical business expense,REIMBURSED,PRJ-026,AIRFARE,
HIST-00841,E0108,Northside Pharmacy,2026-12-17,14682.83,JPY,H857048,Routine historical business expense,REIMBURSED,PRJ-049,SOFTWARE,
HIST-02066,E0261,Tech Repair Lab,2026-08-20,14683.92,JPY,H731083,Routine historical business expense,REIMBURSED,PRJ-015,EQUIPMENT,
HIST-01606,E0203,Delta Copy Centre,2026-07-11,14689.12,INR,H148887,Routine historical business expense,REIMBURSED,PRJ-012,AIRFARE,
HIST-00719,E0092,Evergreen Florists,2025-11-18,14693.23,INR,H107888,Routine historical business expense,REIMBURSED,PRJ-051,HOTEL,
HIST-02071,E0262,Sunrise Bookstore,2024-11-04,147.81,SGD,H716672,Routine historical business expense,REIMBURSED,PRJ-048,HOTEL,
HIST-00757,E0097,Anchor Water Co,2026-06-08,147.97,SGD,H427304,Routine historical business expense,REIMBURSED,PRJ-031,EQUIPMENT,
HIST-00198,E0026,Paper & Pen Depot,2025-07-13,1471.29,INR,H303670,Routine historical business expense,REIMBURSED,PRJ-033,OTHER,
HIST-01124,E0141,Evergreen Florists,2025-05-03,14710.44,JPY,H379416,Routine historical business expense,REIMBURSED,PRJ-054,SOFTWARE,
HIST-02165,E0273,Airport Express Kiosk,2025-06-03,14757.21,JPY,H174251,Routine historical business expense,REIMBURSED,PRJ-047,GROUND_TRANSPORT,
HIST-00439,E0057,Central Stationers,2026-09-17,1476.64,JPY,H775370,Routine historical business expense,REIMBURSED,PRJ-024,SOFTWARE,
HIST-00630,E0081,Corner Bakery Co,2026-10-14,14770.77,JPY,H315281,Routine historical business expense,REIMBURSED,PRJ-010,OTHER,
HIST-01428,E0180,Skyview Coffee,2025-08-16,1478.1,JPY,H738719,Routine historical business expense,REIMBURSED,PRJ-059,HOTEL,
HIST-01634,E0207,QuickFix IT Services,2024-06-08,14783.45,JPY,H388027,Routine historical business expense,REIMBURSED,PRJ-042,EQUIPMENT,
HIST-00782,E0100,Lantern Printing,2026-03-24,148.02,SGD,H819857,Routine historical business expense,REIMBURSED,PRJ-038,MEAL_EMPLOYEE,
HIST-01914,E0241,City Parking Services,2026-06-13,148.31,SGD,H725144,Routine historical business expense,REIMBURSED,PRJ-019,MEAL_EMPLOYEE,
HIST-00828,E0106,Harbor Office Supply,2026-03-26,148.52,SGD,H438120,Routine historical business expense,REIMBURSED,PRJ-003,GROUND_TRANSPORT,
HIST-01940,E0244,Corner Bakery Co,2024-11-04,148.56,SGD,H707955,Routine historical business expense,REIMBURSED,PRJ-049,OTHER,
HIST-00674,E0086,QuickFix IT Services,2026-11-24,14804.27,INR,H470403,Routine historical business expense,REIMBURSED,PRJ-030,OTHER,
HIST-02040,E0257,Airport Express Kiosk,2026-02-19,14806.23,INR,H577799,Routine historical business expense,REIMBURSED,PRJ-001,MEAL_EMPLOYEE,
HIST-00269,E0035,Northside Pharmacy,2024-04-14,14810.04,INR,H191559,Routine historical business expense,REIMBURSED,PRJ-046,MEAL_CLIENT,
HIST-00212,E0027,Sunrise Bookstore,2026-11-18,14831.34,JPY,H737439,Routine historical business expense,REIMBURSED,PRJ-060,MEAL_EMPLOYEE,
HIST-01045,E0132,Delta Copy Centre,2025-08-17,14837.01,JPY,H837226,Routine historical business expense,REIMBURSED,PRJ-049,HOTEL,
HIST-00430,E0056,Delta Copy Centre,2026-02-11,14840.78,INR,H775345,Routine historical business expense,REIMBURSED,PRJ-033,SOFTWARE,
HIST-00205,E0026,Summit Uniforms,2025-10-14,14843.91,INR,H521285,Routine historical business expense,REIMBURSED,PRJ-036,SOFTWARE,
HIST-01011,E0128,Lunch Bowl Cafe,2025-11-28,14845.05,INR,H422584,Routine historical business expense,REIMBURSED,PRJ-037,HOTEL,
HIST-00248,E0032,Riverside Cafe,2024-12-17,14855.02,INR,H893368,Routine historical business expense,REIMBURSED,PRJ-042,OTHER,
HIST-00227,E0029,Summit Uniforms,2024-02-14,1486.3,INR,H976090,Routine historical business expense,REIMBURSED,PRJ-001,GROUND_TRANSPORT,
HIST-00909,E0116,Harbor Office Supply,2026-09-27,14865.81,INR,H426473,Routine historical business expense,REIMBURSED,PRJ-023,EQUIPMENT,
HIST-00362,E0047,Delta Copy Centre,2024-04-13,14881.45,INR,H335712,Routine historical business expense,REIMBURSED,PRJ-042,AIRFARE,
HIST-00836,E0107,Green Leaf Catering,2026-01-06,14893.84,INR,H487655,Routine historical business expense,REIMBURSED,PRJ-055,AIRFARE,
HIST-01620,E0205,Skyview Coffee,2026-02-08,149.25,SGD,H614268,Routine historical business expense,REIMBURSED,PRJ-028,EQUIPMENT,
HIST-01223,E0154,Blue Line Couriers,2025-07-12,149.6,SGD,H566221,Routine historical business expense,REIMBURSED,PRJ-040,AIRFARE,
HIST-01411,E0178,Metro Print Shop,2024-03-10,149.92,SGD,H741117,Routine historical business expense,REIMBURSED,PRJ-053,OTHER,
HIST-00550,E0070,Summit Uniforms,2024-11-27,149.97,SGD,H562070,Routine historical business expense,REIMBURSED,PRJ-006,EQUIPMENT,
HIST-00064,E0009,Harbor Office Supply,2025-07-25,14900.57,JPY,H509051,Routine historical business expense,REIMBURSED,PRJ-021,GROUND_TRANSPORT,
HIST-00797,E0102,Blue Line Couriers,2025-07-27,14921.38,JPY,H584187,Routine historical business expense,REIMBURSED,PRJ-033,AIRFARE,
HIST-02156,E0272,Airport Express Kiosk,2026-01-13,14925.17,INR,H793284,Routine historical business expense,REIMBURSED,PRJ-056,OTHER,
HIST-00558,E0071,Harvest Deli,2026-01-09,14935.06,INR,H461741,Routine historical business expense,REIMBURSED,PRJ-025,EQUIPMENT,
HIST-01004,E0128,Anchor Water Co,2024-05-06,14937.41,INR,H808739,Routine historical business expense,REIMBURSED,PRJ-018,OTHER,
HIST-00981,E0125,Delta Copy Centre,2024-06-07,14941.64,INR,H438781,Routine historical business expense,REIMBURSED,PRJ-044,GROUND_TRANSPORT,
HIST-00859,E0110,Lantern Printing,2024-06-21,1495.1,INR,H507238,Routine historical business expense,REIMBURSED,PRJ-011,GROUND_TRANSPORT,
HIST-00787,E0101,Evergreen Florists,2025-12-16,14959.01,INR,H432185,Routine historical business expense,REIMBURSED,PRJ-002,SOFTWARE,
HIST-00791,E0101,Tech Repair Lab,2026-09-13,14969.05,INR,H421332,Routine historical business expense,REIMBURSED,PRJ-060,SOFTWARE,
HIST-01829,E0230,Metro Print Shop,2024-06-25,14977.11,INR,H429610,Routine historical business expense,REIMBURSED,PRJ-033,GROUND_TRANSPORT,
HIST-02064,E0261,Central Stationers,2026-12-04,14977.33,JPY,H354045,Routine historical business expense,REIMBURSED,PRJ-053,MEAL_EMPLOYEE,
HIST-01703,E0215,Bridge Street Grocer,2025-06-07,14979.38,INR,H510633,Routine historical business expense,REIMBURSED,PRJ-047,AIRFARE,
HIST-01550,E0197,Lunch Bowl Cafe,2025-09-08,14980.97,INR,H123591,Routine historical business expense,REIMBURSED,PRJ-018,EQUIPMENT,
HIST-00048,E0007,Sunrise Bookstore,2026-03-04,15.09,SGD,H914563,Routine historical business expense,REIMBURSED,PRJ-060,AIRFARE,
HIST-01544,E0196,Lunch Bowl Cafe,2025-02-18,15.13,SGD,H328805,Routine historical business expense,REIMBURSED,PRJ-040,HOTEL,
HIST-00022,E0004,Metro Print Shop,2026-08-14,15.35,SGD,H280046,Routine historical business expense,REIMBURSED,PRJ-004,EQUIPMENT,
HIST-01456,E0184,Green Leaf Catering,2026-08-02,15.58,SGD,H792590,Routine historical business expense,REIMBURSED,PRJ-011,MEAL_EMPLOYEE,
HIST-02172,E0274,Airport Express Kiosk,2024-12-24,15.73,SGD,H498421,Routine historical business expense,REIMBURSED,PRJ-015,MEAL_CLIENT,
HIST-01845,E0232,Riverside Cafe,2025-02-17,15.78,SGD,H645750,Routine historical business expense,REIMBURSED,PRJ-011,EQUIPMENT,
HIST-01126,E0142,Anchor Water Co,2024-02-10,15.94,SGD,H126233,Routine historical business expense,REIMBURSED,PRJ-050,HOTEL,
PREV-00029,E0272,Artisan Crate,2026-02-14,150,SGD,H611561,Gift to Palmyra Hotels,REIMBURSED,,GIFT,Palmyra Hotels
PREV-00030,E0272,Blossom & Co,2026-03-26,150,SGD,H641032,Gift to Palmyra Hotels,REIMBURSED,,GIFT,Palmyra Hotels
PREV-00031,E0272,Blossom & Co,2025-12-10,150,SGD,H975937,Gift to Palmyra Hotels,REIMBURSED,,GIFT,Palmyra Hotels
HIST-02224,E0280,Harvest Deli,2026-06-06,150.0,SGD,H631862,Routine historical business expense,REIMBURSED,PRJ-044,MEAL_CLIENT,
HIST-01101,E0139,Paper & Pen Depot,2026-07-21,150.17,SGD,H825072,Routine historical business expense,REIMBURSED,PRJ-003,GROUND_TRANSPORT,
HIST-02101,E0265,TransitCard Top-up,2026-12-11,150.61,SGD,H753202,Routine historical business expense,REIMBURSED,PRJ-026,HOTEL,
HIST-01541,E0196,Corner Bakery Co,2025-03-22,150.73,SGD,H978849,Routine historical business expense,REIMBURSED,PRJ-003,OTHER,
HIST-00075,E0010,Corner Bakery Co,2025-01-27,150.86,SGD,H913096,Routine historical business expense,REIMBURSED,PRJ-033,HOTEL,
HIST-00737,E0094,Summit Uniforms,2024-08-23,150.96,SGD,H967249,Routine historical business expense,REIMBURSED,PRJ-059,SOFTWARE,
HIST-00686,E0088,Evergreen Florists,2025-07-22,150.97,SGD,H550702,Routine historical business expense,REIMBURSED,PRJ-024,OTHER,
HIST-01576,E0200,Skyview Coffee,2026-09-17,15028.18,INR,H589889,Routine historical business expense,REIMBURSED,PRJ-003,HOTEL,
HIST-01236,E0156,Lunch Bowl Cafe,2024-08-15,15032.71,JPY,H372360,Routine historical business expense,REIMBURSED,PRJ-005,EQUIPMENT,
HIST-00560,E0072,Lantern Printing,2025-06-10,15037.45,JPY,H429865,Routine historical business expense,REIMBURSED,PRJ-035,OTHER,
HIST-01274,E0161,Riverside Cafe,2026-12-05,1506.1,INR,H746340,Routine historical business expense,REIMBURSED,PRJ-026,MEAL_EMPLOYEE,
HIST-02255,E0284,Sunrise Bookstore,2024-01-14,15067.83,INR,H853378,Routine historical business expense,REIMBURSED,PRJ-025,MEAL_CLIENT,
HIST-01708,E0215,Delta Copy Centre,2024-01-06,15074.06,INR,H896607,Routine historical business expense,REIMBURSED,PRJ-006,SOFTWARE,
HIST-00695,E0089,QuickFix IT Services,2025-01-16,15077.89,INR,H864063,Routine historical business expense,REIMBURSED,PRJ-028,MEAL_CLIENT,
HIST-01687,E0213,Corner Bakery Co,2026-06-02,15078.75,JPY,H398935,Routine historical business expense,REIMBURSED,PRJ-047,GROUND_TRANSPORT,
HIST-01539,E0196,Harbor Office Supply,2026-06-23,151.8,SGD,H323321,Routine historical business expense,REIMBURSED,PRJ-016,OTHER,
HIST-02130,E0268,Lunch Bowl Cafe,2024-02-28,151.99,SGD,H580466,Routine historical business expense,REIMBURSED,PRJ-047,MEAL_EMPLOYEE,
HIST-01370,E0174,Corner Bakery Co,2024-06-25,1510.92,JPY,H641164,Routine historical business expense,REIMBURSED,PRJ-012,HOTEL,
HIST-00068,E0009,Blue Line Couriers,2026-11-04,15100.61,JPY,H940685,Routine historical business expense,REIMBURSED,PRJ-015,OTHER,
HIST-02159,E0273,Evergreen Florists,2025-09-07,15101.52,JPY,H118934,Routine historical business expense,REIMBURSED,PRJ-030,OTHER,
HIST-01577,E0200,Pinnacle Signage,2024-01-14,15104.69,INR,H996913,Routine historical business expense,REIMBURSED,PRJ-029,MEAL_EMPLOYEE,
HIST-01756,E0222,Evergreen Florists,2026-01-20,15107.43,JPY,H210607,Routine historical business expense,REIMBURSED,PRJ-046,MEAL_EMPLOYEE,
HIST-01061,E0135,Bridge Street Grocer,2024-06-16,15119.69,JPY,H249444,Routine historical business expense,REIMBURSED,PRJ-007,GROUND_TRANSPORT,
HIST-00511,E0065,Paper & Pen Depot,2026-08-08,15146.09,INR,H384251,Routine historical business expense,REIMBURSED,PRJ-012,MEAL_EMPLOYEE,
HIST-00644,E0083,Paper & Pen Depot,2024-02-26,15152.88,INR,H650575,Routine historical business expense,REIMBURSED,PRJ-006,EQUIPMENT,
HIST-01757,E0222,Anchor Water Co,2025-06-07,15179.36,JPY,H669180,Routine historical business expense,REIMBURSED,PRJ-057,MEAL_EMPLOYEE,
HIST-00822,E0105,Evergreen Florists,2024-06-22,15188.29,JPY,H661235,Routine historical business expense,REIMBURSED,PRJ-026,MEAL_EMPLOYEE,
HIST-00883,E0112,Pinnacle Signage,2024-05-22,152.69,SGD,H286978,Routine historical business expense,REIMBURSED,PRJ-011,HOTEL,
HIST-01463,E0185,QuickFix IT Services,2026-12-14,15227.33,INR,H306396,Routine historical business expense,REIMBURSED,PRJ-057,SOFTWARE,
HIST-01875,E0236,Harbor Office Supply,2024-03-27,15232.53,INR,H222214,Routine historical business expense,REIMBURSED,PRJ-008,HOTEL,
HIST-00669,E0086,Paper & Pen Depot,2026-09-07,15240.12,INR,H209780,Routine historical business expense,REIMBURSED,PRJ-009,AIRFARE,
HIST-01261,E0159,City Parking Services,2026-11-14,15240.46,JPY,H727358,Routine historical business expense,REIMBURSED,PRJ-052,MEAL_EMPLOYEE,
HIST-01131,E0143,Paper & Pen Depot,2024-02-15,15265.33,INR,H814395,Routine historical business expense,REIMBURSED,PRJ-042,HOTEL,
HIST-02380,E0299,Delta Copy Centre,2026-05-06,15270.36,INR,H400766,Routine historical business expense,REIMBURSED,PRJ-049,AIRFARE,
HIST-02357,E0296,Urban Laundry,2025-01-26,15286.07,INR,H804587,Routine historical business expense,REIMBURSED,PRJ-029,MEAL_EMPLOYEE,
HIST-00790,E0101,Delta Copy Centre,2026-09-07,1529.55,INR,H204363,Routine historical business expense,REIMBURSED,PRJ-028,EQUIPMENT,
HIST-01671,E0211,Lunch Bowl Cafe,2026-10-11,153.13,SGD,H775853,Routine historical business expense,REIMBURSED,PRJ-051,AIRFARE,
HIST-00376,E0049,Central Stationers,2026-08-01,153.59,SGD,H532601,Routine historical business expense,REIMBURSED,PRJ-010,GROUND_TRANSPORT,
HIST-01026,E0130,Metro Print Shop,2025-09-11,153.88,SGD,H199137,Routine historical business expense,REIMBURSED,PRJ-037,GROUND_TRANSPORT,
HIST-01711,E0216,Paper & Pen Depot,2024-09-15,15319.41,JPY,H348391,Routine historical business expense,REIMBURSED,PRJ-044,OTHER,
HIST-00359,E0047,Anchor Water Co,2025-04-11,15339.2,INR,H611524,Routine historical business expense,REIMBURSED,PRJ-043,AIRFARE,
HIST-02361,E0296,Northside Pharmacy,2026-01-05,15346.95,INR,H504011,Routine historical business expense,REIMBURSED,PRJ-001,MEAL_EMPLOYEE,
HIST-01296,E0164,Urban Laundry,2026-12-12,15352.8,INR,H916104,Routine historical business expense,REIMBURSED,PRJ-020,MEAL_EMPLOYEE,
HIST-00342,E0045,Lunch Bowl Cafe,2024-11-08,15376.51,JPY,H418428,Routine historical business expense,REIMBURSED,PRJ-013,EQUIPMENT,
HIST-00290,E0038,Riverside Cafe,2025-10-18,1538.19,INR,H445822,Routine historical business expense,REIMBURSED,PRJ-053,MEAL_EMPLOYEE,
HIST-01365,E0173,Skyview Coffee,2026-05-11,15391.05,INR,H975619,Routine historical business expense,REIMBURSED,PRJ-026,SOFTWARE,
HIST-01806,E0227,Metro Print Shop,2025-02-09,15393.63,INR,H339781,Routine historical business expense,REIMBURSED,PRJ-013,MEAL_CLIENT,
HIST-00291,E0038,City Parking Services,2026-07-01,15394.17,INR,H195427,Routine historical business expense,REIMBURSED,PRJ-012,HOTEL,
HIST-00717,E0092,Blue Line Couriers,2026-03-23,15398.35,INR,H515435,Routine historical business expense,REIMBURSED,PRJ-034,HOTEL,
HIST-01842,E0232,Sunrise Bookstore,2024-03-27,154.36,SGD,H758051,Routine historical business expense,REIMBURSED,PRJ-022,MEAL_CLIENT,
HIST-02074,E0262,Northside Pharmacy,2026-07-28,154.43,SGD,H818652,Routine historical business expense,REIMBURSED,PRJ-001,AIRFARE,
HIST-01457,E0184,TransitCard Top-up,2024-11-17,154.45,SGD,H366689,Routine historical business expense,REIMBURSED,PRJ-053,OTHER,
HIST-01172,E0148,Pinnacle Signage,2024-06-12,154.79,SGD,H885202,Routine historical business expense,REIMBURSED,PRJ-022,HOTEL,
HIST-01843,E0232,Tech Repair Lab,2026-02-21,154.87,SGD,H806951,Routine historical business expense,REIMBURSED,PRJ-026,OTHER,
HIST-00143,E0019,Metro Print Shop,2024-11-07,154.98,SGD,H893168,Routine historical business expense,REIMBURSED,PRJ-028,MEAL_EMPLOYEE,
HIST-01065,E0135,TransitCard Top-up,2026-03-21,15403.29,JPY,H977895,Routine historical business expense,REIMBURSED,PRJ-054,SOFTWARE,
HIST-01683,E0212,Lantern Printing,2026-03-23,15430.45,INR,H235709,Routine historical business expense,REIMBURSED,PRJ-010,AIRFARE,
HIST-01737,E0219,Central Stationers,2026-01-25,15446.53,JPY,H515781,Routine historical business expense,REIMBURSED,PRJ-039,MEAL_EMPLOYEE,
HIST-01991,E0251,Corner Bakery Co,2025-01-23,15449.68,INR,H600856,Routine historical business expense,REIMBURSED,PRJ-022,OTHER,
HIST-01626,E0206,TransitCard Top-up,2024-11-21,15453.18,INR,H919511,Routine historical business expense,REIMBURSED,PRJ-004,HOTEL,
HIST-01018,E0129,QuickFix IT Services,2024-10-05,15475.31,JPY,H162527,Routine historical business expense,REIMBURSED,PRJ-038,MEAL_EMPLOYEE,
HIST-00123,E0017,Riverside Cafe,2025-07-08,15494.33,INR,H150475,Routine historical business expense,REIMBURSED,PRJ-046,OTHER,
HIST-00529,E0067,Summit Uniforms,2025-06-16,155.16,SGD,H694396,Routine historical business expense,REIMBURSED,PRJ-038,HOTEL,
HIST-00081,E0011,Anchor Water Co,2025-09-25,15505.37,INR,H102369,Routine historical business expense,REIMBURSED,PRJ-001,MEAL_CLIENT,
HIST-02115,E0267,Anchor Water Co,2025-04-01,15516.77,JPY,H717826,Routine historical business expense,REIMBURSED,PRJ-002,HOTEL,
HIST-00946,E0120,Lunch Bowl Cafe,2025-04-28,15519.23,JPY,H760526,Routine historical business expense,REIMBURSED,PRJ-049,SOFTWARE,
HIST-01559,E0198,Green Leaf Catering,2026-03-02,1552.05,JPY,H812647,Routine historical business expense,REIMBURSED,PRJ-038,AIRFARE,
HIST-02298,E0288,Metro Print Shop,2024-04-02,15535.02,JPY,H565756,Routine historical business expense,REIMBURSED,PRJ-009,EQUIPMENT,
HIST-00420,E0054,Paper & Pen Depot,2025-09-21,15545.62,JPY,H344941,Routine historical business expense,REIMBURSED,PRJ-039,MEAL_EMPLOYEE,
HIST-00111,E0015,Airport Express Kiosk,2024-02-27,15558.8,JPY,H628612,Routine historical business expense,REIMBURSED,PRJ-056,HOTEL,
HIST-02137,E0270,Green Leaf Catering,2024-06-01,15563.89,JPY,H511131,Routine historical business expense,REIMBURSED,PRJ-036,GROUND_TRANSPORT,
HIST-01782,E0225,Northside Pharmacy,2024-04-03,15570.76,JPY,H462573,Routine historical business expense,REIMBURSED,PRJ-024,MEAL_CLIENT,
HIST-01850,E0233,Anchor Water Co,2024-05-21,15574.63,INR,H986421,Routine historical business expense,REIMBURSED,PRJ-007,AIRFARE,
HIST-00826,E0106,Delta Copy Centre,2024-07-10,156.13,SGD,H566092,Routine historical business expense,REIMBURSED,PRJ-045,GROUND_TRANSPORT,
HIST-00882,E0112,Delta Copy Centre,2026-07-08,156.54,SGD,H351998,Routine historical business expense,REIMBURSED,PRJ-035,EQUIPMENT,
HIST-01742,E0220,Harbor Office Supply,2024-03-11,156.55,SGD,H948006,Routine historical business expense,REIMBURSED,PRJ-013,OTHER,
HIST-02027,E0256,Skyview Coffee,2025-09-04,156.79,SGD,H587576,Routine historical business expense,REIMBURSED,PRJ-002,GROUND_TRANSPORT,
HIST-00391,E0051,TransitCard Top-up,2026-04-04,15623.36,JPY,H344937,Routine historical business expense,REIMBURSED,PRJ-013,SOFTWARE,
HIST-01563,E0198,Harbor Office Supply,2024-12-18,15681.23,JPY,H919397,Routine historical business expense,REIMBURSED,PRJ-041,OTHER,
HIST-02057,E0259,Anchor Water Co,2026-03-17,157.14,SGD,H168124,Routine historical business expense,REIMBURSED,PRJ-051,EQUIPMENT,
HIST-01912,E0241,Pinnacle Signage,2025-06-01,157.52,SGD,H176790,Routine historical business expense,REIMBURSED,PRJ-033,EQUIPMENT,
HIST-01332,E0169,Skyview Coffee,2026-09-13,157.63,SGD,H798219,Routine historical business expense,REIMBURSED,PRJ-004,OTHER,
HIST-01431,E0181,Urban Laundry,2025-04-19,157.68,SGD,H611935,Routine historical business expense,REIMBURSED,PRJ-032,AIRFARE,
HIST-00005,E0001,Central Stationers,2025-12-03,157.75,SGD,H488964,Routine historical business expense,REIMBURSED,PRJ-023,HOTEL,
HIST-01773,E0223,Paper & Pen Depot,2024-08-15,157.88,SGD,H660025,Routine historical business expense,REIMBURSED,PRJ-045,SOFTWARE,
HIST-02006,E0253,Airport Express Kiosk,2024-08-08,157.89,SGD,H235021,Routine historical business expense,REIMBURSED,PRJ-028,AIRFARE,
HIST-00897,E0115,Lantern Printing,2025-07-15,157.9,SGD,H891210,Routine historical business expense,REIMBURSED,PRJ-026,MEAL_EMPLOYEE,
HIST-01423,E0180,Urban Laundry,2025-06-15,15701.27,JPY,H112601,Routine historical business expense,REIMBURSED,PRJ-012,AIRFARE,
HIST-01718,E0216,Pinnacle Signage,2024-07-10,15717.05,JPY,H271784,Routine historical business expense,REIMBURSED,PRJ-032,MEAL_CLIENT,
HIST-00087,E0012,City Parking Services,2025-08-13,15798.44,JPY,H334801,Routine historical business expense,REIMBURSED,PRJ-032,HOTEL,
HIST-00591,E0076,Harvest Deli,2026-10-26,158.53,SGD,H939110,Routine historical business expense,REIMBURSED,PRJ-014,MEAL_EMPLOYEE,
HIST-01410,E0178,Lantern Printing,2026-11-07,158.57,SGD,H156737,Routine historical business expense,REIMBURSED,PRJ-027,SOFTWARE,
HIST-00562,E0072,TransitCard Top-up,2026-09-04,15801.63,JPY,H171951,Routine historical business expense,REIMBURSED,PRJ-039,AIRFARE,
HIST-00722,E0092,Pinnacle Signage,2026-12-07,1583.01,INR,H107189,Routine historical business expense,REIMBURSED,PRJ-057,SOFTWARE,
HIST-02217,E0279,Urban Laundry,2026-01-03,15830.68,JPY,H159366,Routine historical business expense,REIMBURSED,PRJ-027,SOFTWARE,
HIST-00379,E0049,Lantern Printing,2024-06-27,159.21,SGD,H107160,Routine historical business expense,REIMBURSED,PRJ-002,SOFTWARE,
HIST-01478,E0187,Delta Copy Centre,2025-05-25,159.22,SGD,H345068,Routine historical business expense,REIMBURSED,PRJ-039,MEAL_CLIENT,
HIST-01643,E0208,Urban Laundry,2024-04-23,159.72,SGD,H554240,Routine historical business expense,REIMBURSED,PRJ-043,GROUND_TRANSPORT,
HIST-02152,E0271,Green Leaf Catering,2025-10-16,159.98,SGD,H560427,Routine historical business expense,REIMBURSED,PRJ-004,EQUIPMENT,
HIST-00185,E0024,Anchor Water Co,2026-11-01,1595.12,JPY,H244030,Routine historical business expense,REIMBURSED,PRJ-048,MEAL_EMPLOYEE,
HIST-00485,E0062,Sunrise Bookstore,2026-03-18,1596.32,INR,H586443,Routine historical business expense,REIMBURSED,PRJ-024,HOTEL,
HIST-00373,E0048,Corner Bakery Co,2026-05-03,1597.26,JPY,H873482,Routine historical business expense,REIMBURSED,PRJ-050,SOFTWARE,
HIST-00471,E0060,Pinnacle Signage,2024-04-04,15989.58,JPY,H679606,Routine historical business expense,REIMBURSED,PRJ-024,SOFTWARE,
HIST-01433,E0181,QuickFix IT Services,2026-12-22,16.03,SGD,H762882,Routine historical business expense,REIMBURSED,PRJ-059,AIRFARE,
HIST-01744,E0220,Delta Copy Centre,2024-10-23,16.23,SGD,H551146,Routine historical business expense,REIMBURSED,PRJ-044,GROUND_TRANSPORT,
HIST-01475,E0187,QuickFix IT Services,2026-04-28,16.63,SGD,H897927,Routine historical business expense,REIMBURSED,PRJ-011,GROUND_TRANSPORT,
HIST-00689,E0088,Tech Repair Lab,2024-02-28,16.85,SGD,H340668,Routine historical business expense,REIMBURSED,PRJ-047,GROUND_TRANSPORT,
HIST-01695,E0214,Pinnacle Signage,2026-03-13,16.86,SGD,H620438,Routine historical business expense,REIMBURSED,PRJ-039,SOFTWARE,
HIST-01073,E0136,Lunch Bowl Cafe,2025-07-05,160.08,SGD,H674778,Routine historical business expense,REIMBURSED,PRJ-017,EQUIPMENT,
HIST-00753,E0097,Urban Laundry,2026-07-27,160.36,SGD,H253743,Routine historical business expense,REIMBURSED,PRJ-030,SOFTWARE,
HIST-01470,E0186,Delta Copy Centre,2025-05-04,16015.64,JPY,H121347,Routine historical business expense,REIMBURSED,PRJ-051,MEAL_CLIENT,
HIST-00345,E0045,Riverside Cafe,2025-07-15,1606.25,JPY,H350981,Routine historical business expense,REIMBURSED,PRJ-025,MEAL_CLIENT,
HIST-01979,E0249,Bridge Street Grocer,2024-02-23,1607.98,JPY,H581077,Routine historical business expense,REIMBURSED,PRJ-049,MEAL_EMPLOYEE,
HIST-00856,E0109,TransitCard Top-up,2025-08-04,161.23,SGD,H144756,Routine historical business expense,REIMBURSED,PRJ-010,HOTEL,
HIST-01480,E0187,Metro Print Shop,2026-05-01,161.54,SGD,H333886,Routine historical business expense,REIMBURSED,PRJ-014,GROUND_TRANSPORT,
HIST-02003,E0253,Sunrise Bookstore,2024-01-27,161.59,SGD,H902224,Routine historical business expense,REIMBURSED,PRJ-040,OTHER,
HIST-00501,E0064,Evergreen Florists,2026-07-19,161.88,SGD,H889780,Routine historical business expense,REIMBURSED,PRJ-044,OTHER,
HIST-00015,E0003,Pinnacle Signage,2025-11-15,16199.15,JPY,H334019,Routine historical business expense,REIMBURSED,PRJ-011,SOFTWARE,
HIST-02303,E0289,Sunrise Bookstore,2024-01-28,162.21,SGD,H429154,Routine historical business expense,REIMBURSED,PRJ-027,EQUIPMENT,
HIST-00427,E0055,QuickFix IT Services,2025-10-02,162.58,SGD,H758356,Routine historical business expense,REIMBURSED,PRJ-019,MEAL_CLIENT,
HIST-02301,E0289,Skyview Coffee,2024-04-26,162.95,SGD,H625440,Routine historical business expense,REIMBURSED,PRJ-047,AIRFARE,
HIST-01357,E0172,Bridge Street Grocer,2024-07-17,162.99,SGD,H562872,Routine historical business expense,REIMBURSED,PRJ-036,EQUIPMENT,
HIST-00964,E0123,QuickFix IT Services,2026-10-12,16231.79,JPY,H583568,Routine historical business expense,REIMBURSED,PRJ-050,HOTEL,
HIST-01997,E0252,Skyview Coffee,2025-06-14,1625.03,JPY,H620115,Routine historical business expense,REIMBURSED,PRJ-052,MEAL_EMPLOYEE,
HIST-01869,E0235,Delta Copy Centre,2025-05-25,163.17,SGD,H826255,Routine historical business expense,REIMBURSED,PRJ-038,SOFTWARE,
HIST-00238,E0031,Riverside Cafe,2026-12-02,163.32,SGD,H618244,Routine historical business expense,REIMBURSED,PRJ-050,SOFTWARE,
HIST-01594,E0202,Urban Laundry,2025-10-25,163.32,SGD,H770299,Routine historical business expense,REIMBURSED,PRJ-001,HOTEL,
HIST-02105,E0265,Anchor Water Co,2024-02-24,163.81,SGD,H303215,Routine historical business expense,REIMBURSED,PRJ-024,AIRFARE,
HIST-01717,E0216,Metro Print Shop,2024-01-26,16301.74,JPY,H549136,Routine historical business expense,REIMBURSED,PRJ-027,MEAL_CLIENT,
HIST-01533,E0195,Urban Laundry,2024-10-02,16319.73,JPY,H380219,Routine historical business expense,REIMBURSED,PRJ-050,EQUIPMENT,
HIST-00063,E0009,QuickFix IT Services,2024-03-26,16339.37,JPY,H852981,Routine historical business expense,REIMBURSED,PRJ-036,MEAL_EMPLOYEE,
HIST-02184,E0275,Central Stationers,2025-11-26,1634.1,INR,H742259,Routine historical business expense,REIMBURSED,PRJ-038,HOTEL,
HIST-00149,E0020,Blue Line Couriers,2025-01-17,1634.95,INR,H550265,Routine historical business expense,REIMBURSED,PRJ-024,EQUIPMENT,
HIST-01555,E0197,City Parking Services,2025-11-27,1637.87,INR,H972911,Routine historical business expense,REIMBURSED,PRJ-004,MEAL_CLIENT,
HIST-02049,E0258,Tech Repair Lab,2025-06-27,16389.71,JPY,H536836,Routine historical business expense,REIMBURSED,PRJ-007,SOFTWARE,
HIST-01373,E0174,Airport Express Kiosk,2025-02-05,16397.83,JPY,H690323,Routine historical business expense,REIMBURSED,PRJ-046,EQUIPMENT,
HIST-01644,E0208,Blue Line Couriers,2025-12-01,164.09,SGD,H574512,Routine historical business expense,REIMBURSED,PRJ-028,OTHER,
HIST-01961,E0247,Summit Uniforms,2026-05-17,164.44,SGD,H413507,Routine historical business expense,REIMBURSED,PRJ-007,EQUIPMENT,
HIST-01051,E0133,Riverside Cafe,2025-01-05,164.6,SGD,H343453,Routine historical business expense,REIMBURSED,PRJ-051,GROUND_TRANSPORT,
HIST-00288,E0037,Riverside Cafe,2024-04-03,164.75,SGD,H138726,Routine historical business expense,REIMBURSED,PRJ-025,EQUIPMENT,
HIST-00951,E0121,Anchor Water Co,2026-05-13,165.26,SGD,H128163,Routine historical business expense,REIMBURSED,PRJ-034,EQUIPMENT,
HIST-00094,E0013,Paper & Pen Depot,2024-05-10,165.42,SGD,H223518,Routine historical business expense,REIMBURSED,PRJ-010,HOTEL,
HIST-01030,E0130,Lantern Printing,2026-08-12,165.58,SGD,H946533,Routine historical business expense,REIMBURSED,PRJ-013,SOFTWARE,
HIST-01099,E0139,Harbor Office Supply,2024-07-01,165.91,SGD,H135554,Routine historical business expense,REIMBURSED,PRJ-028,AIRFARE,
HIST-01444,E0182,Harbor Office Supply,2024-06-09,1652.88,INR,H867263,Routine historical business expense,REIMBURSED,PRJ-053,AIRFARE,
HIST-01297,E0164,Airport Express Kiosk,2025-02-05,1654.07,INR,H847091,Routine historical business expense,REIMBURSED,PRJ-012,AIRFARE,
HIST-00771,E0099,Skyview Coffee,2024-05-01,1658.06,JPY,H383497,Routine historical business expense,REIMBURSED,PRJ-027,AIRFARE,
HIST-01190,E0150,Pinnacle Signage,2024-11-03,1659.01,JPY,H642960,Routine historical business expense,REIMBURSED,PRJ-025,HOTEL,
HIST-00875,E0112,Central Stationers,2024-06-14,166.12,SGD,H918877,Routine historical business expense,REIMBURSED,PRJ-039,MEAL_CLIENT,
HIST-01047,E0133,Harbor Office Supply,2024-04-10,166.32,SGD,H725617,Routine historical business expense,REIMBURSED,PRJ-057,MEAL_CLIENT,
HIST-00476,E0061,Lunch Bowl Cafe,2025-06-20,166.34,SGD,H871449,Routine historical business expense,REIMBURSED,PRJ-046,MEAL_CLIENT,
HIST-01074,E0136,Lantern Printing,2026-05-24,166.82,SGD,H255552,Routine historical business expense,REIMBURSED,PRJ-015,GROUND_TRANSPORT,
HIST-00108,E0015,Central Stationers,2026-03-22,16625.31,JPY,H252313,Routine historical business expense,REIMBURSED,PRJ-050,HOTEL,
HIST-00724,E0093,City Parking Services,2026-08-24,16682.05,JPY,H772865,Routine historical business expense,REIMBURSED,PRJ-012,EQUIPMENT,
HIST-00654,E0084,TransitCard Top-up,2024-11-27,16686.48,JPY,H135491,Routine historical business expense,REIMBURSED,PRJ-056,EQUIPMENT,
HIST-02275,E0286,Bridge Street Grocer,2025-10-27,167.17,SGD,H872908,Routine historical business expense,REIMBURSED,PRJ-002,SOFTWARE,
HIST-00332,E0043,Urban Laundry,2025-12-27,167.87,SGD,H973517,Routine historical business expense,REIMBURSED,PRJ-049,AIRFARE,
HIST-01769,E0223,Bridge Street Grocer,2025-04-07,167.97,SGD,H131977,Routine historical business expense,REIMBURSED,PRJ-001,HOTEL,
HIST-00137,E0018,Lunch Bowl Cafe,2026-04-23,16726.92,JPY,H901747,Routine historical business expense,REIMBURSED,PRJ-038,HOTEL,
HIST-02347,E0294,City Parking Services,2025-12-28,16728.38,JPY,H673862,Routine historical business expense,REIMBURSED,PRJ-031,EQUIPMENT,
HIST-02068,E0261,Urban Laundry,2024-04-25,16731.6,JPY,H700545,Routine historical business expense,REIMBURSED,PRJ-028,EQUIPMENT,
HIST-01052,E0133,Harvest Deli,2025-09-05,168.1,SGD,H787837,Routine historical business expense,REIMBURSED,PRJ-008,MEAL_EMPLOYEE,
HIST-00423,E0055,Pinnacle Signage,2026-11-06,168.19,SGD,H390066,Routine historical business expense,REIMBURSED,PRJ-007,OTHER,
HIST-00383,E0049,Riverside Cafe,2026-08-25,168.33,SGD,H920562,Routine historical business expense,REIMBURSED,PRJ-019,GROUND_TRANSPORT,
HIST-01995,E0252,Northside Pharmacy,2025-03-23,16800.73,JPY,H396895,Routine historical business expense,REIMBURSED,PRJ-007,EQUIPMENT,
HIST-02191,E0276,Blue Line Couriers,2024-07-12,16812.7,JPY,H572393,Routine historical business expense,REIMBURSED,PRJ-049,EQUIPMENT,
HIST-00496,E0063,Blue Line Couriers,2024-04-06,16816.84,JPY,H216619,Routine historical business expense,REIMBURSED,PRJ-047,MEAL_CLIENT,
HIST-00416,E0054,Summit Uniforms,2024-01-16,16851.63,JPY,H746722,Routine historical business expense,REIMBURSED,PRJ-058,GROUND_TRANSPORT,
HIST-02291,E0288,Lunch Bowl Cafe,2024-01-21,16865.5,JPY,H704869,Routine historical business expense,REIMBURSED,PRJ-026,GROUND_TRANSPORT,
HIST-01844,E0232,Anchor Water Co,2026-04-10,169.36,SGD,H134189,Routine historical business expense,REIMBURSED,PRJ-008,HOTEL,
HIST-01398,E0177,Airport Express Kiosk,2026-07-03,16907.48,JPY,H657967,Routine historical business expense,REIMBURSED,PRJ-003,MEAL_CLIENT,
HIST-01564,E0198,Green Leaf Catering,2026-01-16,1696.54,JPY,H406323,Routine historical business expense,REIMBURSED,PRJ-023,EQUIPMENT,
HIST-01222,E0154,Paper & Pen Depot,2024-03-18,17.17,SGD,H318213,Routine historical business expense,REIMBURSED,PRJ-030,MEAL_EMPLOYEE,
HIST-02219,E0280,QuickFix IT Services,2026-11-17,17.39,SGD,H247427,Routine historical business expense,REIMBURSED,PRJ-034,AIRFARE,
HIST-00217,E0028,Green Leaf Catering,2024-08-08,17.47,SGD,H262122,Routine historical business expense,REIMBURSED,PRJ-052,MEAL_EMPLOYEE,
HIST-01765,E0223,Anchor Water Co,2025-06-01,17.84,SGD,H392991,Routine historical business expense,REIMBURSED,PRJ-030,HOTEL,
HIST-00663,E0085,Anchor Water Co,2026-05-19,170.15,SGD,H278748,Routine historical business expense,REIMBURSED,PRJ-010,SOFTWARE,
HIST-00972,E0124,Tech Repair Lab,2024-07-09,170.17,SGD,H500445,Routine historical business expense,REIMBURSED,PRJ-041,MEAL_CLIENT,
HIST-01522,E0193,Riverside Cafe,2026-07-19,170.9,SGD,H781585,Routine historical business expense,REIMBURSED,PRJ-049,HOTEL,
HIST-00703,E0090,Blue Line Couriers,2024-09-08,17011.54,JPY,H718101,Routine historical business expense,REIMBURSED,PRJ-022,EQUIPMENT,
HIST-01040,E0132,Metro Print Shop,2025-07-02,17044.32,JPY,H605690,Routine historical business expense,REIMBURSED,PRJ-022,AIRFARE,
HIST-00611,E0078,TransitCard Top-up,2025-11-10,17085.0,JPY,H733708,Routine historical business expense,REIMBURSED,PRJ-041,MEAL_EMPLOYEE,
HIST-01817,E0229,Paper & Pen Depot,2026-12-23,171.05,SGD,H970769,Routine historical business expense,REIMBURSED,PRJ-038,AIRFARE,
HIST-01962,E0247,Anchor Water Co,2024-11-09,171.5,SGD,H900144,Routine historical business expense,REIMBURSED,PRJ-010,HOTEL,
HIST-01003,E0127,Harvest Deli,2025-11-18,171.75,SGD,H550995,Routine historical business expense,REIMBURSED,PRJ-014,EQUIPMENT,
HIST-01866,E0235,Skyview Coffee,2025-07-19,171.75,SGD,H605966,Routine historical business expense,REIMBURSED,PRJ-007,MEAL_CLIENT,
HIST-00873,E0111,Sunrise Bookstore,2026-09-03,17109.84,JPY,H757549,Routine historical business expense,REIMBURSED,PRJ-011,MEAL_EMPLOYEE,
HIST-00942,E0120,Corner Bakery Co,2026-01-27,17133.31,JPY,H569895,Routine historical business expense,REIMBURSED,PRJ-042,AIRFARE,
HIST-01185,E0150,City Parking Services,2026-03-07,17156.23,JPY,H846621,Routine historical business expense,REIMBURSED,PRJ-016,EQUIPMENT,
HIST-00031,E0005,City Parking Services,2024-11-25,1717.85,INR,H680643,Routine historical business expense,REIMBURSED,PRJ-030,SOFTWARE,
HIST-01043,E0132,Delta Copy Centre,2024-10-14,17170.09,JPY,H798604,Routine historical business expense,REIMBURSED,PRJ-020,SOFTWARE,
HIST-01587,E0201,Summit Uniforms,2026-12-05,17179.94,JPY,H363623,Routine historical business expense,REIMBURSED,PRJ-041,HOTEL,
HIST-00526,E0067,Pinnacle Signage,2024-10-07,172.09,SGD,H673673,Routine historical business expense,REIMBURSED,PRJ-052,MEAL_EMPLOYEE,
HIST-02052,E0259,TransitCard Top-up,2026-07-09,172.63,SGD,H974071,Routine historical business expense,REIMBURSED,PRJ-006,MEAL_CLIENT,
HIST-02227,E0280,Lantern Printing,2025-03-05,172.65,SGD,H850665,Routine historical business expense,REIMBURSED,PRJ-049,SOFTWARE,
HIST-00453,E0058,Tech Repair Lab,2025-07-04,172.78,SGD,H531775,Routine historical business expense,REIMBURSED,PRJ-013,MEAL_CLIENT,
HIST-02089,E0264,Riverside Cafe,2024-01-06,17239.33,JPY,H699742,Routine historical business expense,REIMBURSED,PRJ-044,GROUND_TRANSPORT,
HIST-00522,E0066,Harbor Office Supply,2025-06-19,17255.34,JPY,H821127,Routine historical business expense,REIMBURSED,PRJ-029,MEAL_EMPLOYEE,
HIST-00350,E0046,Tech Repair Lab,2024-03-03,173.0,SGD,H961149,Routine historical business expense,REIMBURSED,PRJ-009,MEAL_EMPLOYEE,
HIST-00122,E0016,Riverside Cafe,2026-05-22,173.19,SGD,H138638,Routine historical business expense,REIMBURSED,PRJ-035,OTHER,
HIST-02196,E0277,Blue Line Couriers,2026-04-17,173.61,SGD,H376450,Routine historical business expense,REIMBURSED,PRJ-001,SOFTWARE,
HIST-01609,E0204,Summit Uniforms,2024-03-18,17315.09,JPY,H229695,Routine historical business expense,REIMBURSED,PRJ-051,AIRFARE,
HIST-01069,E0135,Lantern Printing,2024-09-26,17322.79,JPY,H193063,Routine historical business expense,REIMBURSED,PRJ-058,EQUIPMENT,
HIST-01685,E0213,Tech Repair Lab,2024-08-03,17327.16,JPY,H511735,Routine historical business expense,REIMBURSED,PRJ-041,OTHER,
HIST-01612,E0204,Lunch Bowl Cafe,2025-05-02,1733.32,JPY,H329961,Routine historical business expense,REIMBURSED,PRJ-026,AIRFARE,
HIST-01638,E0207,Anchor Water Co,2026-07-15,17358.49,JPY,H764852,Routine historical business expense,REIMBURSED,PRJ-046,AIRFARE,
HIST-01862,E0234,Evergreen Florists,2024-11-22,17392.78,JPY,H690287,Routine historical business expense,REIMBURSED,PRJ-057,SOFTWARE,
HIST-01352,E0171,Skyview Coffee,2025-09-06,17394.21,JPY,H842995,Routine historical business expense,REIMBURSED,PRJ-034,MEAL_EMPLOYEE,
HIST-00565,E0072,Corner Bakery Co,2026-03-02,17397.93,JPY,H321926,Routine historical business expense,REIMBURSED,PRJ-020,SOFTWARE,
HIST-01933,E0244,City Parking Services,2024-03-02,174.54,SGD,H696230,Routine historical business expense,REIMBURSED,PRJ-040,MEAL_EMPLOYEE,
HIST-00902,E0115,Pinnacle Signage,2026-02-07,174.94,SGD,H718218,Routine historical business expense,REIMBURSED,PRJ-051,SOFTWARE,
HIST-00277,E0036,Northside Pharmacy,2025-08-23,17416.72,JPY,H635664,Routine historical business expense,REIMBURSED,PRJ-040,GROUND_TRANSPORT,
HIST-00849,E0108,Summit Uniforms,2025-05-16,17429.24,JPY,H762785,Routine historical business expense,REIMBURSED,PRJ-022,AIRFARE,
HIST-01186,E0150,Harvest Deli,2026-06-26,17432.11,JPY,H188262,Routine historical business expense,REIMBURSED,PRJ-024,OTHER,
HIST-00816,E0105,Blue Line Couriers,2024-12-21,17433.58,JPY,H816128,Routine historical business expense,REIMBURSED,PRJ-034,GROUND_TRANSPORT,
HIST-00495,E0063,Lunch Bowl Cafe,2025-11-19,17443.46,JPY,H869590,Routine historical business expense,REIMBURSED,PRJ-054,MEAL_CLIENT,
HIST-01143,E0144,Sunrise Bookstore,2025-11-23,1746.45,JPY,H327726,Routine historical business expense,REIMBURSED,PRJ-012,OTHER,
HIST-01120,E0141,Sunrise Bookstore,2026-03-18,17465.31,JPY,H815673,Routine historical business expense,REIMBURSED,PRJ-024,SOFTWARE,
HIST-02244,E0283,Delta Copy Centre,2024-07-04,175.28,SGD,H242443,Routine historical business expense,REIMBURSED,PRJ-007,MEAL_CLIENT,
HIST-00734,E0094,Metro Print Shop,2024-08-11,175.35,SGD,H910898,Routine historical business expense,REIMBURSED,PRJ-026,MEAL_CLIENT,
HIST-00564,E0072,Lantern Printing,2024-07-19,17519.02,JPY,H274676,Routine historical business expense,REIMBURSED,PRJ-002,EQUIPMENT,
HIST-02212,E0279,TransitCard Top-up,2025-01-04,17565.6,JPY,H453730,Routine historical business expense,REIMBURSED,PRJ-015,SOFTWARE,
HIST-00042,E0006,TransitCard Top-up,2024-04-16,17569.85,JPY,H283325,Routine historical business expense,REIMBURSED,PRJ-041,GROUND_TRANSPORT,
HIST-00406,E0053,Summit Uniforms,2024-02-10,1757.35,INR,H792133,Routine historical business expense,REIMBURSED,PRJ-057,GROUND_TRANSPORT,
HIST-01094,E0138,Riverside Cafe,2024-09-08,17585.02,JPY,H422994,Routine historical business expense,REIMBURSED,PRJ-021,GROUND_TRANSPORT,
HIST-00397,E0052,TransitCard Top-up,2024-11-19,176.13,SGD,H314888,Routine historical business expense,REIMBURSED,PRJ-032,EQUIPMENT,
HIST-00974,E0124,Riverside Cafe,2024-11-12,176.23,SGD,H190017,Routine historical business expense,REIMBURSED,PRJ-048,HOTEL,
PREV-00007,E0226,Beacon Suite,2026-05-16,176.54,SGD,H465171,Recurring monthly subscription,REIMBURSED,,SOFTWARE,
HIST-01724,E0217,Summit Uniforms,2024-11-15,176.78,SGD,H410837,Routine historical business expense,REIMBURSED,PRJ-055,GROUND_TRANSPORT,
HIST-01434,E0181,Tech Repair Lab,2024-12-22,176.83,SGD,H792617,Routine historical business expense,REIMBURSED,PRJ-047,SOFTWARE,
HIST-01496,E0190,Evergreen Florists,2024-10-07,176.98,SGD,H341837,Routine historical business expense,REIMBURSED,PRJ-003,GROUND_TRANSPORT,
HIST-01614,E0204,Tech Repair Lab,2025-05-06,17612.84,JPY,H270506,Routine historical business expense,REIMBURSED,PRJ-003,MEAL_CLIENT,
HIST-01789,E0225,Airport Express Kiosk,2025-02-05,17629.05,JPY,H321706,Routine historical business expense,REIMBURSED,PRJ-053,SOFTWARE,
HIST-01783,E0225,Central Stationers,2024-11-06,17668.67,JPY,H720779,Routine historical business expense,REIMBURSED,PRJ-007,AIRFARE,
HIST-00026,E0004,Skyview Coffee,2024-03-04,177.71,SGD,H179004,Routine historical business expense,REIMBURSED,PRJ-053,AIRFARE,
HIST-00136,E0018,Summit Uniforms,2026-12-28,17754.81,JPY,H165811,Routine historical business expense,REIMBURSED,PRJ-048,EQUIPMENT,
HIST-02123,E0267,Blue Line Couriers,2025-01-05,17780.03,JPY,H423873,Routine historical business expense,REIMBURSED,PRJ-004,OTHER,
HIST-02078,E0262,Harvest Deli,2025-02-16,178.08,SGD,H269716,Routine historical business expense,REIMBURSED,PRJ-048,MEAL_EMPLOYEE,
HIST-02327,E0292,Central Stationers,2026-01-20,178.51,SGD,H761932,Routine historical business expense,REIMBURSED,PRJ-054,SOFTWARE,
HIST-02326,E0292,Evergreen Florists,2026-09-19,178.87,SGD,H404249,Routine historical business expense,REIMBURSED,PRJ-007,GROUND_TRANSPORT,
HIST-00006,E0001,Airport Express Kiosk,2024-01-11,178.95,SGD,H355005,Routine historical business expense,REIMBURSED,PRJ-054,MEAL_CLIENT,
HIST-00037,E0006,Harvest Deli,2025-04-09,17825.36,JPY,H170420,Routine historical business expense,REIMBURSED,PRJ-014,HOTEL,
HIST-00936,E0119,QuickFix IT Services,2025-03-01,1785.69,INR,H511611,Routine historical business expense,REIMBURSED,PRJ-053,EQUIPMENT,
HIST-02391,E0300,Corner Bakery Co,2025-02-04,17852.17,JPY,H864159,Routine historical business expense,REIMBURSED,PRJ-022,SOFTWARE,
HIST-01566,E0199,Urban Laundry,2024-04-27,179.5,SGD,H584356,Routine historical business expense,REIMBURSED,PRJ-019,AIRFARE,
HIST-00879,E0112,Harvest Deli,2025-05-03,18.14,SGD,H412581,Routine historical business expense,REIMBURSED,PRJ-060,SOFTWARE,
HIST-00568,E0073,Skyview Coffee,2026-12-13,18.32,SGD,H794263,Routine historical business expense,REIMBURSED,PRJ-041,EQUIPMENT,
HIST-02376,E0298,Central Stationers,2026-06-19,18.6,SGD,H560596,Routine historical business expense,REIMBURSED,PRJ-047,OTHER,
HIST-00142,E0019,Harbor Office Supply,2026-03-14,18.67,SGD,H517631,Routine historical business expense,REIMBURSED,PRJ-036,MEAL_EMPLOYEE,
PREV-00021,E0143,Tea & Tradition,2025-03-26,180,SGD,H555129,Gift to Tidewater Energy,REIMBURSED,,GIFT,Tidewater Energy
PREV-N0001,E0248,Pipeline Forge,2025-04-04,180.0,SGD,H148333,Ad hoc purchase,REIMBURSED,PRJ-058,SOFTWARE,
PREV-N0002,E0266,Pipeline Forge,2025-04-16,180.0,SGD,H319372,"Other employee, same charge",REIMBURSED,,SOFTWARE,
PREV-N0003,E0248,Pipeline Forge,2025-04-15,180.0,SGD,H757014,Different expense type,REIMBURSED,,OTHER,
HIST-02372,E0298,Riverside Cafe,2026-04-26,180.21,SGD,H367859,Routine historical business expense,REIMBURSED,PRJ-007,AIRFARE,
HIST-01226,E0154,TransitCard Top-up,2025-12-19,180.67,SGD,H103085,Routine historical business expense,REIMBURSED,PRJ-034,HOTEL,
HIST-01266,E0160,Pinnacle Signage,2026-05-20,180.68,SGD,H317524,Routine historical business expense,REIMBURSED,PRJ-018,OTHER,
HIST-02072,E0262,Paper & Pen Depot,2026-01-03,180.69,SGD,H768034,Routine historical business expense,REIMBURSED,PRJ-059,GROUND_TRANSPORT,
HIST-02267,E0285,Green Leaf Catering,2024-05-07,18014.32,JPY,H889172,Routine historical business expense,REIMBURSED,PRJ-012,SOFTWARE,
HIST-02190,E0276,City Parking Services,2024-08-28,18021.36,JPY,H735710,Routine historical business expense,REIMBURSED,PRJ-010,HOTEL,
HIST-01974,E0249,Central Stationers,2024-11-12,18034.88,JPY,H337293,Routine historical business expense,REIMBURSED,PRJ-039,SOFTWARE,
HIST-02319,E0291,Riverside Cafe,2025-08-06,1806.33,JPY,H115924,Routine historical business expense,REIMBURSED,PRJ-034,HOTEL,
HIST-01106,E0139,Evergreen Florists,2026-08-18,181.32,SGD,H236225,Routine historical business expense,REIMBURSED,PRJ-022,MEAL_CLIENT,
HIST-01474,E0187,Green Leaf Catering,2025-01-19,181.72,SGD,H791071,Routine historical business expense,REIMBURSED,PRJ-022,EQUIPMENT,
HIST-00051,E0007,Harvest Deli,2024-03-28,181.88,SGD,H989867,Routine historical business expense,REIMBURSED,PRJ-025,GROUND_TRANSPORT,
HIST-02050,E0258,Airport Express Kiosk,2025-03-09,18116.32,JPY,H769911,Routine historical business expense,REIMBURSED,PRJ-007,HOTEL,
HIST-00542,E0069,Paper & Pen Depot,2026-06-04,18116.36,JPY,H512765,Routine historical business expense,REIMBURSED,PRJ-026,MEAL_CLIENT,
HIST-00372,E0048,Blue Line Couriers,2024-02-09,18132.65,JPY,H788764,Routine historical business expense,REIMBURSED,PRJ-050,GROUND_TRANSPORT,
HIST-02140,E0270,Lunch Bowl Cafe,2025-04-09,18173.44,JPY,H474167,Routine historical business expense,REIMBURSED,PRJ-048,MEAL_CLIENT,
HIST-02096,E0264,Metro Print Shop,2024-05-27,18173.8,JPY,H601823,Routine historical business expense,REIMBURSED,PRJ-016,HOTEL,
HIST-01472,E0186,Harvest Deli,2024-08-09,18176.4,JPY,H652228,Routine historical business expense,REIMBURSED,PRJ-032,EQUIPMENT,
HIST-01589,E0201,Blue Line Couriers,2024-02-03,18181.62,JPY,H544028,Routine historical business expense,REIMBURSED,PRJ-046,HOTEL,
PREV-N0016,E0226,Beacon Suite,2026-05-31,182.0,SGD,H616973,Ad hoc purchase,REIMBURSED,PRJ-010,SOFTWARE,
PREV-N0017,E0138,Beacon Suite,2026-06-15,182.0,SGD,H630326,"Other employee, same charge",REIMBURSED,,SOFTWARE,
PREV-N0018,E0226,Beacon Suite,2026-06-14,182.0,SGD,H809080,Different expense type,REIMBURSED,,OTHER,
HIST-00569,E0073,Paper & Pen Depot,2026-01-16,182.09,SGD,H610761,Routine historical business expense,REIMBURSED,PRJ-058,OTHER,
HIST-00073,E0010,Airport Express Kiosk,2026-02-26,182.66,SGD,H776773,Routine historical business expense,REIMBURSED,PRJ-055,GROUND_TRANSPORT,
HIST-00739,E0094,Evergreen Florists,2024-05-05,182.89,SGD,H286218,Routine historical business expense,REIMBURSED,PRJ-010,HOTEL,
HIST-01247,E0157,Airport Express Kiosk,2024-08-27,182.96,SGD,H913629,Routine historical business expense,REIMBURSED,PRJ-011,MEAL_EMPLOYEE,
HIST-01859,E0234,Evergreen Florists,2024-12-22,18244.5,JPY,H779593,Routine historical business expense,REIMBURSED,PRJ-059,MEAL_EMPLOYEE,
HIST-02069,E0261,Central Stationers,2024-09-27,18296.3,JPY,H829322,Routine historical business expense,REIMBURSED,PRJ-019,OTHER,
HIST-01435,E0181,Summit Uniforms,2026-11-22,183.84,SGD,H843922,Routine historical business expense,REIMBURSED,PRJ-002,GROUND_TRANSPORT,
HIST-01111,E0140,Urban Laundry,2024-10-18,1830.9,INR,H778544,Routine historical business expense,REIMBURSED,PRJ-005,OTHER,
HIST-01238,E0156,Harvest Deli,2026-03-03,1833.34,JPY,H139832,Routine historical business expense,REIMBURSED,PRJ-053,OTHER,
HIST-02088,E0264,Airport Express Kiosk,2026-04-12,18350.81,JPY,H962798,Routine historical business expense,REIMBURSED,PRJ-055,HOTEL,
HIST-02121,E0267,Skyview Coffee,2025-01-03,18391.3,JPY,H235978,Routine historical business expense,REIMBURSED,PRJ-014,GROUND_TRANSPORT,
HIST-01307,E0165,Evergreen Florists,2026-03-07,18395.2,JPY,H485524,Routine historical business expense,REIMBURSED,PRJ-045,AIRFARE,
HIST-02170,E0274,Anchor Water Co,2026-08-01,184.09,SGD,H203406,Routine historical business expense,REIMBURSED,PRJ-052,AIRFARE,
HIST-01395,E0177,Skyview Coffee,2026-01-04,18435.73,JPY,H989434,Routine historical business expense,REIMBURSED,PRJ-053,HOTEL,
HIST-00044,E0006,Harbor Office Supply,2026-09-16,18439.1,JPY,H305102,Routine historical business expense,REIMBURSED,PRJ-014,EQUIPMENT,
HIST-01473,E0186,Riverside Cafe,2026-03-06,18487.02,JPY,H572802,Routine historical business expense,REIMBURSED,PRJ-042,EQUIPMENT,
HIST-01269,E0160,Skyview Coffee,2025-02-26,185.11,SGD,H154895,Routine historical business expense,REIMBURSED,PRJ-033,SOFTWARE,
HIST-01171,E0148,Summit Uniforms,2024-04-03,185.49,SGD,H823829,Routine historical business expense,REIMBURSED,PRJ-059,GROUND_TRANSPORT,
HIST-01794,E0226,Delta Copy Centre,2025-08-26,185.86,SGD,H305778,Routine historical business expense,REIMBURSED,PRJ-024,GROUND_TRANSPORT,
HIST-01571,E0199,Delta Copy Centre,2024-12-13,185.87,SGD,H536076,Routine historical business expense,REIMBURSED,PRJ-037,MEAL_EMPLOYEE,
HIST-01954,E0246,Riverside Cafe,2025-07-18,1851.39,JPY,H988563,Routine historical business expense,REIMBURSED,PRJ-048,AIRFARE,
HIST-01688,E0213,Corner Bakery Co,2026-03-07,18534.0,JPY,H124534,Routine historical business expense,REIMBURSED,PRJ-008,AIRFARE,
HIST-02213,E0279,QuickFix IT Services,2024-08-07,18558.71,JPY,H504628,Routine historical business expense,REIMBURSED,PRJ-030,MEAL_CLIENT,
HIST-00160,E0021,Pinnacle Signage,2025-04-28,18564.07,JPY,H116229,Routine historical business expense,REIMBURSED,PRJ-056,AIRFARE,
HIST-00009,E0002,Harbor Office Supply,2024-12-03,1857.26,INR,H550865,Routine historical business expense,REIMBURSED,PRJ-048,OTHER,
HIST-02036,E0257,Delta Copy Centre,2024-07-19,1857.69,INR,H852884,Routine historical business expense,REIMBURSED,PRJ-026,OTHER,
HIST-02315,E0291,Delta Copy Centre,2025-08-24,1857.91,JPY,H840728,Routine historical business expense,REIMBURSED,PRJ-045,AIRFARE,
HIST-00819,E0105,Anchor Water Co,2026-03-15,18588.53,JPY,H394375,Routine historical business expense,REIMBURSED,PRJ-040,GROUND_TRANSPORT,
HIST-01972,E0249,Northside Pharmacy,2024-02-14,18596.61,JPY,H877704,Routine historical business expense,REIMBURSED,PRJ-048,MEAL_CLIENT,
HIST-01697,E0214,Summit Uniforms,2025-06-28,186.17,SGD,H351548,Routine historical business expense,REIMBURSED,PRJ-002,HOTEL,
HIST-00995,E0127,Harvest Deli,2026-11-01,186.42,SGD,H464792,Routine historical business expense,REIMBURSED,PRJ-004,HOTEL,
HIST-02263,E0285,Harvest Deli,2026-03-22,18658.96,JPY,H609149,Routine historical business expense,REIMBURSED,PRJ-047,SOFTWARE,
HIST-01022,E0129,Anchor Water Co,2026-03-06,18670.7,JPY,H979891,Routine historical business expense,REIMBURSED,PRJ-038,EQUIPMENT,
HIST-01046,E0133,Tech Repair Lab,2026-03-14,187.31,SGD,H108612,Routine historical business expense,REIMBURSED,PRJ-033,EQUIPMENT,
HIST-00998,E0127,Urban Laundry,2026-11-08,187.59,SGD,H909710,Routine historical business expense,REIMBURSED,PRJ-014,MEAL_EMPLOYEE,
HIST-02053,E0259,Lunch Bowl Cafe,2024-03-26,187.62,SGD,H286393,Routine historical business expense,REIMBURSED,PRJ-012,MEAL_CLIENT,
HIST-00780,E0100,Lunch Bowl Cafe,2024-06-28,187.75,SGD,H840514,Routine historical business expense,REIMBURSED,PRJ-034,OTHER,
HIST-01239,E0156,Northside Pharmacy,2026-05-06,18724.54,JPY,H307580,Routine historical business expense,REIMBURSED,PRJ-026,MEAL_EMPLOYEE,
HIST-00038,E0006,City Parking Services,2025-12-11,18742.45,JPY,H925817,Routine historical business expense,REIMBURSED,PRJ-011,GROUND_TRANSPORT,
HIST-02187,E0276,City Parking Services,2024-04-02,18744.93,JPY,H848609,Routine historical business expense,REIMBURSED,PRJ-015,AIRFARE,
HIST-01167,E0147,Northside Pharmacy,2026-01-17,18764.48,JPY,H171598,Routine historical business expense,REIMBURSED,PRJ-011,MEAL_EMPLOYEE,
HIST-00903,E0115,Paper & Pen Depot,2026-03-12,188.34,SGD,H181215,Routine historical business expense,REIMBURSED,PRJ-017,HOTEL,
HIST-00966,E0123,Airport Express Kiosk,2026-11-18,18803.64,JPY,H200609,Routine historical business expense,REIMBURSED,PRJ-028,MEAL_CLIENT,
HIST-00323,E0042,City Parking Services,2024-12-26,18809.92,JPY,H812827,Routine historical business expense,REIMBURSED,PRJ-047,GROUND_TRANSPORT,
HIST-01401,E0177,Urban Laundry,2025-10-03,18812.96,JPY,H484123,Routine historical business expense,REIMBURSED,PRJ-004,HOTEL,
HIST-02268,E0285,Corner Bakery Co,2024-11-27,18817.03,JPY,H188413,Routine historical business expense,REIMBURSED,PRJ-038,MEAL_EMPLOYEE,
HIST-01834,E0231,Paper & Pen Depot,2026-12-02,18820.5,JPY,H446594,Routine historical business expense,REIMBURSED,PRJ-018,AIRFARE,
HIST-01560,E0198,TransitCard Top-up,2024-08-25,18831.04,JPY,H956061,Routine historical business expense,REIMBURSED,PRJ-053,OTHER,
HIST-02383,E0299,Harbor Office Supply,2025-04-05,1885.08,INR,H426164,Routine historical business expense,REIMBURSED,PRJ-006,OTHER,
HIST-01109,E0140,Riverside Cafe,2025-01-10,1887.5,INR,H715113,Routine historical business expense,REIMBURSED,PRJ-041,OTHER,
HIST-01758,E0222,Bridge Street Grocer,2025-07-27,18870.32,JPY,H496903,Routine historical business expense,REIMBURSED,PRJ-002,HOTEL,
PREV-00001,E0248,Pipeline Forge,2025-03-30,189,SGD,D830671,Design tool seat,REIMBURSED,,SOFTWARE,
HIST-00113,E0015,Green Leaf Catering,2024-05-17,18908.45,JPY,H470700,Routine historical business expense,REIMBURSED,PRJ-024,EQUIPMENT,
HIST-02001,E0252,Riverside Cafe,2024-08-16,18920.41,JPY,H158959,Routine historical business expense,REIMBURSED,PRJ-013,MEAL_EMPLOYEE,
HIST-01953,E0246,Sunrise Bookstore,2024-12-17,18929.32,JPY,H702672,Routine historical business expense,REIMBURSED,PRJ-010,HOTEL,
HIST-02363,E0297,Airport Express Kiosk,2026-11-17,18991.24,JPY,H375369,Routine historical business expense,REIMBURSED,PRJ-044,AIRFARE,
HIST-00803,E0103,Lantern Printing,2025-04-11,19.35,SGD,H824281,Routine historical business expense,REIMBURSED,PRJ-011,AIRFARE,
HIST-00351,E0046,Skyview Coffee,2024-07-08,19.63,SGD,H453284,Routine historical business expense,REIMBURSED,PRJ-054,SOFTWARE,
HIST-00804,E0103,Pinnacle Signage,2026-12-04,19.86,SGD,H816118,Routine historical business expense,REIMBURSED,PRJ-054,MEAL_CLIENT,
HIST-01174,E0148,Harbor Office Supply,2024-11-19,19.97,SGD,H373928,Routine historical business expense,REIMBURSED,PRJ-006,MEAL_CLIENT,
HIST-00027,E0004,Summit Uniforms,2026-10-26,190.01,SGD,H542562,Routine historical business expense,REIMBURSED,PRJ-057,OTHER,
HIST-00024,E0004,Riverside Cafe,2026-05-14,190.16,SGD,H832119,Routine historical business expense,REIMBURSED,PRJ-040,HOTEL,
HIST-00858,E0109,TransitCard Top-up,2026-11-26,190.2,SGD,H283173,Routine historical business expense,REIMBURSED,PRJ-006,OTHER,
HIST-00307,E0040,Airport Express Kiosk,2024-01-06,190.47,SGD,H949266,Routine historical business expense,REIMBURSED,PRJ-051,HOTEL,
HIST-02160,E0273,Green Leaf Catering,2024-03-06,19081.82,JPY,H223945,Routine historical business expense,REIMBURSED,PRJ-052,HOTEL,
HIST-00543,E0069,Summit Uniforms,2026-03-08,19090.04,JPY,H421937,Routine historical business expense,REIMBURSED,PRJ-001,OTHER,
HIST-01500,E0190,Blue Line Couriers,2024-06-21,191.05,SGD,H269475,Routine historical business expense,REIMBURSED,PRJ-023,SOFTWARE,
HIST-00001,E0001,Green Leaf Catering,2025-03-24,191.31,SGD,H376421,Routine historical business expense,REIMBURSED,PRJ-043,OTHER,
HIST-01477,E0187,Pinnacle Signage,2024-05-13,191.39,SGD,H776038,Routine historical business expense,REIMBURSED,PRJ-026,MEAL_CLIENT,
HIST-00285,E0037,Northside Pharmacy,2026-05-14,191.61,SGD,H460851,Routine historical business expense,REIMBURSED,PRJ-012,MEAL_CLIENT,
HIST-00076,E0010,Anchor Water Co,2024-06-02,191.73,SGD,H103494,Routine historical business expense,REIMBURSED,PRJ-022,EQUIPMENT,
HIST-01294,E0163,Delta Copy Centre,2026-11-24,191.87,SGD,H402904,Routine historical business expense,REIMBURSED,PRJ-045,MEAL_CLIENT,
HIST-00590,E0076,Lunch Bowl Cafe,2024-04-12,191.95,SGD,H867182,Routine historical business expense,REIMBURSED,PRJ-043,EQUIPMENT,
HIST-02364,E0297,Delta Copy Centre,2026-12-12,19101.39,JPY,H704307,Routine historical business expense,REIMBURSED,PRJ-009,HOTEL,
HIST-02166,E0273,TransitCard Top-up,2025-10-01,1915.03,JPY,H921925,Routine historical business expense,REIMBURSED,PRJ-028,EQUIPMENT,
HIST-02214,E0279,Pinnacle Signage,2026-06-22,19162.09,JPY,H762824,Routine historical business expense,REIMBURSED,PRJ-060,EQUIPMENT,
HIST-01882,E0237,Harvest Deli,2024-01-08,19185.53,JPY,H683720,Routine historical business expense,REIMBURSED,PRJ-030,OTHER,
HIST-00938,E0120,Central Stationers,2024-01-17,1919.86,JPY,H917064,Routine historical business expense,REIMBURSED,PRJ-010,GROUND_TRANSPORT,
HIST-00608,E0078,City Parking Services,2025-05-01,19204.89,JPY,H602654,Routine historical business expense,REIMBURSED,PRJ-002,GROUND_TRANSPORT,
HIST-00842,E0108,Metro Print Shop,2025-02-01,19243.05,JPY,H268062,Routine historical business expense,REIMBURSED,PRJ-042,OTHER,
HIST-00371,E0048,Summit Uniforms,2024-09-05,19270.58,JPY,H787567,Routine historical business expense,REIMBURSED,PRJ-023,OTHER,
HIST-00210,E0027,Delta Copy Centre,2026-05-16,19274.01,JPY,H928577,Routine historical business expense,REIMBURSED,PRJ-024,MEAL_EMPLOYEE,
HIST-01328,E0168,Harbor Office Supply,2024-08-09,19290.85,JPY,H540410,Routine historical business expense,REIMBURSED,PRJ-043,GROUND_TRANSPORT,
HIST-01568,E0199,Blue Line Couriers,2024-01-06,193.04,SGD,H265644,Routine historical business expense,REIMBURSED,PRJ-038,AIRFARE,
HIST-00759,E0097,QuickFix IT Services,2025-01-19,193.06,SGD,H636012,Routine historical business expense,REIMBURSED,PRJ-060,MEAL_CLIENT,
HIST-00636,E0082,Airport Express Kiosk,2024-10-07,193.13,SGD,H262459,Routine historical business expense,REIMBURSED,PRJ-010,MEAL_CLIENT,
HIST-01891,E0238,Tech Repair Lab,2025-01-01,193.34,SGD,H903484,Routine historical business expense,REIMBURSED,PRJ-037,OTHER,
HIST-01624,E0205,Metro Print Shop,2025-10-17,193.73,SGD,H140743,Routine historical business expense,REIMBURSED,PRJ-011,MEAL_EMPLOYEE,
HIST-00913,E0117,Anchor Water Co,2025-11-18,19321.77,JPY,H260530,Routine historical business expense,REIMBURSED,PRJ-017,SOFTWARE,
HIST-01686,E0213,Green Leaf Catering,2024-05-07,19324.7,JPY,H430667,Routine historical business expense,REIMBURSED,PRJ-019,MEAL_CLIENT,
HIST-00256,E0033,Anchor Water Co,2024-02-11,19340.54,JPY,H193682,Routine historical business expense,REIMBURSED,PRJ-034,HOTEL,
HIST-00150,E0020,Harvest Deli,2024-07-17,1936.68,INR,H198546,Routine historical business expense,REIMBURSED,PRJ-016,EQUIPMENT,
HIST-01119,E0141,Anchor Water Co,2024-08-01,19365.11,JPY,H249529,Routine historical business expense,REIMBURSED,PRJ-016,MEAL_EMPLOYEE,
HIST-01888,E0237,Skyview Coffee,2026-07-28,19383.17,JPY,H862525,Routine historical business expense,REIMBURSED,PRJ-010,HOTEL,
HIST-00640,E0082,Metro Print Shop,2026-07-01,194.42,SGD,H664648,Routine historical business expense,REIMBURSED,PRJ-006,EQUIPMENT,
HIST-00710,E0091,Pinnacle Signage,2025-07-24,194.7,SGD,H204621,Routine historical business expense,REIMBURSED,PRJ-007,MEAL_EMPLOYEE,
HIST-00018,E0003,Sunrise Bookstore,2026-12-19,19436.25,JPY,H125737,Routine historical business expense,REIMBURSED,PRJ-022,EQUIPMENT,
HIST-00321,E0042,QuickFix IT Services,2025-08-27,19444.82,JPY,H397953,Routine historical business expense,REIMBURSED,PRJ-060,MEAL_CLIENT,
HIST-02339,E0293,Lunch Bowl Cafe,2024-12-21,1946.23,INR,H784429,Routine historical business expense,REIMBURSED,PRJ-026,MEAL_EMPLOYEE,
HIST-00820,E0105,City Parking Services,2025-05-20,19480.48,JPY,H565008,Routine historical business expense,REIMBURSED,PRJ-037,SOFTWARE,
HIST-00860,E0110,Metro Print Shop,2024-12-22,1949.14,INR,H409047,Routine historical business expense,REIMBURSED,PRJ-001,OTHER,
HIST-00333,E0043,QuickFix IT Services,2025-08-16,195.09,SGD,H871604,Routine historical business expense,REIMBURSED,PRJ-018,OTHER,
HIST-00735,E0094,City Parking Services,2026-12-23,195.12,SGD,H710514,Routine historical business expense,REIMBURSED,PRJ-036,EQUIPMENT,
HIST-00482,E0061,Harbor Office Supply,2026-08-19,195.63,SGD,H373436,Routine historical business expense,REIMBURSED,PRJ-057,GROUND_TRANSPORT,
HIST-00874,E0111,Northside Pharmacy,2024-08-17,19540.2,JPY,H822386,Routine historical business expense,REIMBURSED,PRJ-049,GROUND_TRANSPORT,
HIST-01948,E0246,Blue Line Couriers,2024-03-18,1958.81,JPY,H614571,Routine historical business expense,REIMBURSED,PRJ-035,MEAL_CLIENT,
HIST-01832,E0231,Evergreen Florists,2025-09-04,19598.05,JPY,H675704,Routine historical business expense,REIMBURSED,PRJ-059,SOFTWARE,
HIST-00570,E0073,Sunrise Bookstore,2024-12-01,196.02,SGD,H294804,Routine historical business expense,REIMBURSED,PRJ-043,AIRFARE,
HIST-01647,E0208,QuickFix IT Services,2026-08-28,196.16,SGD,H154018,Routine historical business expense,REIMBURSED,PRJ-005,EQUIPMENT,
HIST-02299,E0289,Metro Print Shop,2026-08-12,196.47,SGD,H796252,Routine historical business expense,REIMBURSED,PRJ-027,HOTEL,
HIST-02271,E0286,Sunrise Bookstore,2026-10-18,196.56,SGD,H414654,Routine historical business expense,REIMBURSED,PRJ-007,SOFTWARE,
HIST-01526,E0194,Anchor Water Co,2024-02-09,1964.98,INR,H339815,Routine historical business expense,REIMBURSED,PRJ-024,HOTEL,
HIST-00463,E0060,Harbor Office Supply,2025-07-21,19663.51,JPY,H773316,Routine historical business expense,REIMBURSED,PRJ-012,HOTEL,
HIST-00344,E0045,Riverside Cafe,2024-08-19,19675.89,JPY,H105412,Routine historical business expense,REIMBURSED,PRJ-001,AIRFARE,
HIST-01276,E0161,Sunrise Bookstore,2024-10-25,1969.75,INR,H363633,Routine historical business expense,REIMBURSED,PRJ-014,SOFTWARE,
HIST-01129,E0142,Urban Laundry,2026-09-28,197.0,SGD,H333507,Routine historical business expense,REIMBURSED,PRJ-040,HOTEL,
HIST-02169,E0274,Blue Line Couriers,2025-11-11,197.13,SGD,H572201,Routine historical business expense,REIMBURSED,PRJ-034,SOFTWARE,
HIST-01338,E0169,Skyview Coffee,2026-05-03,197.22,SGD,H458161,Routine historical business expense,REIMBURSED,PRJ-016,SOFTWARE,
HIST-00367,E0048,Tech Repair Lab,2024-10-28,1970.49,JPY,H640709,Routine historical business expense,REIMBURSED,PRJ-027,AIRFARE,
HIST-00467,E0060,QuickFix IT Services,2024-09-16,19727.06,JPY,H845137,Routine historical business expense,REIMBURSED,PRJ-046,HOTEL,
HIST-00209,E0027,Summit Uniforms,2025-02-14,19738.13,JPY,H529588,Routine historical business expense,REIMBURSED,PRJ-053,EQUIPMENT,
HIST-01788,E0225,Tech Repair Lab,2025-11-25,19775.21,JPY,H723829,Routine historical business expense,REIMBURSED,PRJ-048,OTHER,
HIST-00207,E0027,Lantern Printing,2024-04-24,1979.06,JPY,H311651,Routine historical business expense,REIMBURSED,PRJ-041,OTHER,
HIST-01248,E0157,Sunrise Bookstore,2026-11-18,198.41,SGD,H734029,Routine historical business expense,REIMBURSED,PRJ-057,HOTEL,
HIST-02250,E0283,Tech Repair Lab,2024-11-03,198.8,SGD,H956601,Routine historical business expense,REIMBURSED,PRJ-028,EQUIPMENT,
HIST-00331,E0043,Bridge Street Grocer,2026-02-13,198.91,SGD,H158839,Routine historical business expense,REIMBURSED,PRJ-007,MEAL_CLIENT,
HIST-02354,E0295,Anchor Water Co,2024-04-20,198.94,SGD,H121280,Routine historical business expense,REIMBURSED,PRJ-036,HOTEL,
HIST-01032,E0131,Metro Print Shop,2026-08-15,1987.59,INR,H900540,Routine historical business expense,REIMBURSED,PRJ-059,EQUIPMENT,
HIST-01707,E0215,Delta Copy Centre,2025-01-20,1989.03,INR,H841485,Routine historical business expense,REIMBURSED,PRJ-028,AIRFARE,
HIST-02124,E0268,Harbor Office Supply,2025-02-14,199.51,SGD,H133354,Routine historical business expense,REIMBURSED,PRJ-041,AIRFARE,
HIST-00289,E0037,Lantern Printing,2025-11-15,199.53,SGD,H146383,Routine historical business expense,REIMBURSED,PRJ-044,GROUND_TRANSPORT,
HIST-00687,E0088,Lantern Printing,2025-11-22,199.67,SGD,H537574,Routine historical business expense,REIMBURSED,PRJ-057,EQUIPMENT,
HIST-01857,E0234,Central Stationers,2026-05-13,19915.98,JPY,H587999,Routine historical business expense,REIMBURSED,PRJ-042,GROUND_TRANSPORT,
HIST-01375,E0174,Blue Line Couriers,2024-07-21,19951.44,JPY,H410383,Routine historical business expense,REIMBURSED,PRJ-007,HOTEL,
HIST-00609,E0078,Airport Express Kiosk,2024-02-16,19982.28,JPY,H743531,Routine historical business expense,REIMBURSED,PRJ-002,MEAL_EMPLOYEE,
HIST-00698,E0090,Harbor Office Supply,2026-07-26,19999.24,JPY,H426425,Routine historical business expense,REIMBURSED,PRJ-007,MEAL_CLIENT,
HIST-02010,E0253,Blue Line Couriers,2025-04-26,20.18,SGD,H254685,Routine historical business expense,REIMBURSED,PRJ-055,EQUIPMENT,
HIST-00567,E0073,Harvest Deli,2025-04-26,20.45,SGD,H514114,Routine historical business expense,REIMBURSED,PRJ-031,OTHER,
HIST-01956,E0247,Anchor Water Co,2024-10-09,20.69,SGD,H774243,Routine historical business expense,REIMBURSED,PRJ-017,HOTEL,
HIST-00664,E0085,Northside Pharmacy,2025-06-28,20.83,SGD,H856672,Routine historical business expense,REIMBURSED,PRJ-054,MEAL_CLIENT,
PREV-00022,E0143,Gift Gallery,2024-12-10,200,SGD,H255252,Gift to Tidewater Energy,REIMBURSED,,GIFT,Tidewater Energy
PREV-00017,E0122,Craft Collective,2025-02-14,200,SGD,H439880,Gift to Zenith Foods,REIMBURSED,,GIFT,Zenith Foods
PREV-00020,E0143,Blossom & Co,2025-02-14,200,SGD,H680439,Gift to Tidewater Energy,REIMBURSED,,GIFT,Tidewater Energy
PREV-00019,E0122,Artisan Crate,2024-12-10,200,SGD,H699293,Gift to Zenith Foods,REIMBURSED,,GIFT,Zenith Foods
HIST-00402,E0052,QuickFix IT Services,2025-12-04,200.15,SGD,H968590,Routine historical business expense,REIMBURSED,PRJ-022,MEAL_CLIENT,
HIST-02193,E0277,Urban Laundry,2024-04-08,200.29,SGD,H351020,Routine historical business expense,REIMBURSED,PRJ-050,EQUIPMENT,
HIST-00947,E0121,Green Leaf Catering,2026-05-18,200.98,SGD,H323353,Routine historical business expense,REIMBURSED,PRJ-060,MEAL_EMPLOYEE,
HIST-01387,E0176,Anchor Water Co,2026-06-22,2004.39,INR,H143047,Routine historical business expense,REIMBURSED,PRJ-012,GROUND_TRANSPORT,
HIST-01640,E0207,Harvest Deli,2025-11-03,20067.62,JPY,H653262,Routine historical business expense,REIMBURSED,PRJ-029,MEAL_EMPLOYEE,
HIST-00448,E0058,Skyview Coffee,2026-10-01,201.04,SGD,H221175,Routine historical business expense,REIMBURSED,PRJ-011,EQUIPMENT,
HIST-00239,E0031,TransitCard Top-up,2025-07-01,201.15,SGD,H161399,Routine historical business expense,REIMBURSED,PRJ-047,GROUND_TRANSPORT,
HIST-00905,E0115,Urban Laundry,2026-10-17,201.17,SGD,H944611,Routine historical business expense,REIMBURSED,PRJ-032,GROUND_TRANSPORT,
HIST-01865,E0235,Tech Repair Lab,2024-02-14,201.32,SGD,H189949,Routine historical business expense,REIMBURSED,PRJ-006,MEAL_EMPLOYEE,
HIST-01149,E0145,Corner Bakery Co,2025-11-19,201.43,SGD,H680593,Routine historical business expense,REIMBURSED,PRJ-006,SOFTWARE,
HIST-00306,E0040,Tech Repair Lab,2026-01-17,201.75,SGD,H750852,Routine historical business expense,REIMBURSED,PRJ-019,AIRFARE,
HIST-00507,E0065,Tech Repair Lab,2025-10-22,2015.96,INR,H773406,Routine historical business expense,REIMBURSED,PRJ-030,EQUIPMENT,
HIST-00921,E0118,Pinnacle Signage,2024-01-17,202.53,SGD,H794790,Routine historical business expense,REIMBURSED,PRJ-009,MEAL_CLIENT,
HIST-00444,E0057,QuickFix IT Services,2024-05-13,20212.78,JPY,H560058,Routine historical business expense,REIMBURSED,PRJ-060,MEAL_CLIENT,
HIST-02122,E0267,Skyview Coffee,2024-04-03,20228.48,JPY,H906784,Routine historical business expense,REIMBURSED,PRJ-028,AIRFARE,
HIST-00360,E0047,Paper & Pen Depot,2026-10-11,2023.85,INR,H407464,Routine historical business expense,REIMBURSED,PRJ-040,MEAL_EMPLOYEE,
HIST-01610,E0204,Green Leaf Catering,2024-12-21,20257.71,JPY,H223147,Routine historical business expense,REIMBURSED,PRJ-053,GROUND_TRANSPORT,
HIST-01476,E0187,Evergreen Florists,2025-08-18,203.17,SGD,H797161,Routine historical business expense,REIMBURSED,PRJ-041,GROUND_TRANSPORT,
HIST-01353,E0172,Harbor Office Supply,2025-11-03,203.52,SGD,H769196,Routine historical business expense,REIMBURSED,PRJ-016,OTHER,
HIST-01316,E0167,QuickFix IT Services,2024-11-20,2032.88,INR,H584817,Routine historical business expense,REIMBURSED,PRJ-040,MEAL_EMPLOYEE,
HIST-01733,E0219,Bridge Street Grocer,2024-10-03,20356.04,JPY,H474723,Routine historical business expense,REIMBURSED,PRJ-038,OTHER,
HIST-01996,E0252,Bridge Street Grocer,2024-05-14,20364.21,JPY,H276717,Routine historical business expense,REIMBURSED,PRJ-008,GROUND_TRANSPORT,
HIST-02279,E0286,Central Stationers,2025-11-26,204.12,SGD,H671327,Routine historical business expense,REIMBURSED,PRJ-044,OTHER,
HIST-01175,E0148,Corner Bakery Co,2024-06-26,204.84,SGD,H685811,Routine historical business expense,REIMBURSED,PRJ-050,SOFTWARE,
HIST-00222,E0028,Central Stationers,2025-12-10,204.98,SGD,H668684,Routine historical business expense,REIMBURSED,PRJ-032,OTHER,
HIST-01635,E0207,Harbor Office Supply,2025-03-10,20421.76,JPY,H247587,Routine historical business expense,REIMBURSED,PRJ-057,OTHER,
HIST-01975,E0249,Delta Copy Centre,2025-01-07,20457.6,JPY,H128956,Routine historical business expense,REIMBURSED,PRJ-026,OTHER,
HIST-00606,E0078,Pinnacle Signage,2026-09-22,20471.61,JPY,H794830,Routine historical business expense,REIMBURSED,PRJ-039,EQUIPMENT,
HIST-00494,E0063,Evergreen Florists,2024-01-05,20484.26,JPY,H804085,Routine historical business expense,REIMBURSED,PRJ-005,OTHER,
HIST-01025,E0130,TransitCard Top-up,2024-04-02,205.0,SGD,H788173,Routine historical business expense,REIMBURSED,PRJ-018,SOFTWARE,
HIST-01819,E0229,Blue Line Couriers,2026-06-22,205.12,SGD,H357391,Routine historical business expense,REIMBURSED,PRJ-005,MEAL_EMPLOYEE,
HIST-00220,E0028,Pinnacle Signage,2026-02-23,205.12,SGD,H803122,Routine historical business expense,REIMBURSED,PRJ-036,HOTEL,
HIST-00592,E0076,Northside Pharmacy,2026-07-10,205.17,SGD,H622968,Routine historical business expense,REIMBURSED,PRJ-014,GROUND_TRANSPORT,
HIST-01415,E0179,Harbor Office Supply,2024-01-03,2051.13,INR,H358139,Routine historical business expense,REIMBURSED,PRJ-058,GROUND_TRANSPORT,
HIST-01145,E0144,Metro Print Shop,2026-01-03,20514.76,JPY,H106403,Routine historical business expense,REIMBURSED,PRJ-002,MEAL_CLIENT,
HIST-01690,E0213,Harvest Deli,2026-11-11,20561.04,JPY,H827747,Routine historical business expense,REIMBURSED,PRJ-019,SOFTWARE,
HIST-00414,E0054,Blue Line Couriers,2026-11-19,20564.22,JPY,H533995,Routine historical business expense,REIMBURSED,PRJ-030,HOTEL,
HIST-00352,E0046,Blue Line Couriers,2026-12-13,206.17,SGD,H397732,Routine historical business expense,REIMBURSED,PRJ-056,SOFTWARE,
HIST-02176,E0274,Harvest Deli,2026-01-13,206.27,SGD,H262014,Routine historical business expense,REIMBURSED,PRJ-010,EQUIPMENT,
HIST-00617,E0079,Northside Pharmacy,2026-06-10,206.89,SGD,H489099,Routine historical business expense,REIMBURSED,PRJ-029,MEAL_CLIENT,
HIST-00986,E0125,Evergreen Florists,2025-09-24,2061.45,INR,H619886,Routine historical business expense,REIMBURSED,PRJ-040,MEAL_EMPLOYEE,
HIST-01403,E0177,Pinnacle Signage,2026-05-19,20633.47,JPY,H971425,Routine historical business expense,REIMBURSED,PRJ-016,MEAL_CLIENT,
HIST-01088,E0138,Bridge Street Grocer,2025-05-15,20646.55,JPY,H527689,Routine historical business expense,REIMBURSED,PRJ-024,SOFTWARE,
HIST-01662,E0210,Urban Laundry,2026-02-04,20679.25,JPY,H103191,Routine historical business expense,REIMBURSED,PRJ-029,AIRFARE,
HIST-00181,E0024,Green Leaf Catering,2024-06-25,20694.03,JPY,H210044,Routine historical business expense,REIMBURSED,PRJ-034,SOFTWARE,
HIST-01224,E0154,Delta Copy Centre,2025-03-11,207.09,SGD,H280585,Routine historical business expense,REIMBURSED,PRJ-045,GROUND_TRANSPORT,
HIST-00528,E0067,Evergreen Florists,2024-04-22,207.16,SGD,H296701,Routine historical business expense,REIMBURSED,PRJ-056,MEAL_EMPLOYEE,
HIST-02104,E0265,Corner Bakery Co,2025-12-18,207.19,SGD,H535175,Routine historical business expense,REIMBURSED,PRJ-005,AIRFARE,
HIST-00130,E0017,Tech Repair Lab,2024-08-07,2070.61,INR,H183609,Routine historical business expense,REIMBURSED,PRJ-018,GROUND_TRANSPORT,
HIST-00062,E0009,Harbor Office Supply,2026-12-21,20728.58,JPY,H984242,Routine historical business expense,REIMBURSED,PRJ-032,EQUIPMENT,
HIST-01921,E0242,Northside Pharmacy,2024-07-04,2078.04,INR,H570580,Routine historical business expense,REIMBURSED,PRJ-016,HOTEL,
HIST-02221,E0280,Northside Pharmacy,2024-10-10,208.08,SGD,H726140,Routine historical business expense,REIMBURSED,PRJ-022,SOFTWARE,
HIST-00732,E0094,Pinnacle Signage,2026-04-14,208.78,SGD,H360424,Routine historical business expense,REIMBURSED,PRJ-011,MEAL_EMPLOYEE,
HIST-02030,E0256,Northside Pharmacy,2026-06-14,208.83,SGD,H207239,Routine historical business expense,REIMBURSED,PRJ-037,SOFTWARE,
HIST-00708,E0091,Summit Uniforms,2025-06-01,208.87,SGD,H760161,Routine historical business expense,REIMBURSED,PRJ-039,HOTEL,
HIST-01692,E0214,Green Leaf Catering,2025-02-14,208.88,SGD,H399922,Routine historical business expense,REIMBURSED,PRJ-018,AIRFARE,
HIST-00825,E0106,Lantern Printing,2025-01-03,208.92,SGD,H329491,Routine historical business expense,REIMBURSED,PRJ-002,HOTEL,
HIST-01042,E0132,Harvest Deli,2024-01-25,20815.77,JPY,H669533,Routine historical business expense,REIMBURSED,PRJ-024,EQUIPMENT,
HIST-01237,E0156,Blue Line Couriers,2026-10-25,20830.98,JPY,H978901,Routine historical business expense,REIMBURSED,PRJ-007,OTHER,
HIST-01934,E0244,Harbor Office Supply,2025-06-08,209.5,SGD,H708585,Routine historical business expense,REIMBURSED,PRJ-012,AIRFARE,
HIST-01728,E0218,City Parking Services,2024-03-08,2090.1,INR,H660214,Routine historical business expense,REIMBURSED,PRJ-010,OTHER,
HIST-00368,E0048,Blue Line Couriers,2024-09-07,20911.5,JPY,H122508,Routine historical business expense,REIMBURSED,PRJ-056,HOTEL,
HIST-01295,E0163,Delta Copy Centre,2026-05-19,21.65,SGD,H274373,Routine historical business expense,REIMBURSED,PRJ-036,OTHER,
HIST-00733,E0094,Evergreen Florists,2024-09-02,21.89,SGD,H120587,Routine historical business expense,REIMBURSED,PRJ-042,MEAL_CLIENT,
HIST-02100,E0265,Urban Laundry,2025-04-02,21.98,SGD,H735397,Routine historical business expense,REIMBURSED,PRJ-048,MEAL_CLIENT,
HIST-01354,E0172,Urban Laundry,2024-05-25,210.58,SGD,H999767,Routine historical business expense,REIMBURSED,PRJ-043,GROUND_TRANSPORT,
HIST-01492,E0189,Northside Pharmacy,2024-11-16,21005.95,JPY,H418244,Routine historical business expense,REIMBURSED,PRJ-029,OTHER,
HIST-00112,E0015,City Parking Services,2025-07-16,21030.18,JPY,H803060,Routine historical business expense,REIMBURSED,PRJ-001,MEAL_EMPLOYEE,
HIST-01377,E0174,Central Stationers,2024-01-19,21033.1,JPY,H566743,Routine historical business expense,REIMBURSED,PRJ-006,EQUIPMENT,
HIST-01189,E0150,Corner Bakery Co,2025-06-08,21084.36,JPY,H381983,Routine historical business expense,REIMBURSED,PRJ-025,AIRFARE,
HIST-00589,E0076,TransitCard Top-up,2026-01-15,211.31,SGD,H105723,Routine historical business expense,REIMBURSED,PRJ-056,GROUND_TRANSPORT,
HIST-01413,E0178,Skyview Coffee,2025-03-06,211.4,SGD,H186031,Routine historical business expense,REIMBURSED,PRJ-056,AIRFARE,
HIST-01909,E0241,City Parking Services,2024-05-26,211.44,SGD,H875152,Routine historical business expense,REIMBURSED,PRJ-049,GROUND_TRANSPORT,
HIST-00731,E0094,Urban Laundry,2026-07-15,211.75,SGD,H670610,Routine historical business expense,REIMBURSED,PRJ-018,SOFTWARE,
HIST-02370,E0298,Harvest Deli,2025-03-27,212.44,SGD,H383887,Routine historical business expense,REIMBURSED,PRJ-037,EQUIPMENT,
HIST-01941,E0244,Harbor Office Supply,2025-07-19,212.77,SGD,H130176,Routine historical business expense,REIMBURSED,PRJ-012,MEAL_EMPLOYEE,
HIST-00246,E0032,Blue Line Couriers,2026-05-12,2124.87,INR,H307243,Routine historical business expense,REIMBURSED,PRJ-016,MEAL_EMPLOYEE,
HIST-01262,E0159,Delta Copy Centre,2025-08-16,21250.04,JPY,H811019,Routine historical business expense,REIMBURSED,PRJ-002,AIRFARE,
HIST-02174,E0274,Corner Bakery Co,2025-05-15,213.1,SGD,H154517,Routine historical business expense,REIMBURSED,PRJ-034,MEAL_CLIENT,
HIST-00855,E0109,Northside Pharmacy,2026-02-26,213.37,SGD,H140780,Routine historical business expense,REIMBURSED,PRJ-058,GROUND_TRANSPORT,
HIST-02056,E0259,Skyview Coffee,2025-07-15,213.88,SGD,H296051,Routine historical business expense,REIMBURSED,PRJ-034,SOFTWARE,
HIST-00867,E0110,Tech Repair Lab,2025-12-01,2132.12,INR,H447773,Routine historical business expense,REIMBURSED,PRJ-022,MEAL_CLIENT,
HIST-00518,E0066,City Parking Services,2024-08-07,21363.09,JPY,H648139,Routine historical business expense,REIMBURSED,PRJ-035,OTHER,
HIST-01493,E0189,Northside Pharmacy,2026-11-16,21395.17,JPY,H151283,Routine historical business expense,REIMBURSED,PRJ-001,HOTEL,
HIST-00756,E0097,Metro Print Shop,2026-11-26,214.01,SGD,H245321,Routine historical business expense,REIMBURSED,PRJ-034,EQUIPMENT,
HIST-01503,E0190,Harbor Office Supply,2025-06-09,214.02,SGD,H378107,Routine historical business expense,REIMBURSED,PRJ-004,MEAL_EMPLOYEE,
HIST-01327,E0168,Northside Pharmacy,2025-02-08,21431.74,JPY,H306924,Routine historical business expense,REIMBURSED,PRJ-024,GROUND_TRANSPORT,
HIST-01538,E0195,Corner Bakery Co,2026-10-06,21438.75,JPY,H571098,Routine historical business expense,REIMBURSED,PRJ-027,EQUIPMENT,
HIST-01659,E0210,City Parking Services,2025-04-24,21461.82,JPY,H864132,Routine historical business expense,REIMBURSED,PRJ-011,OTHER,
HIST-01759,E0222,Skyview Coffee,2024-03-01,21472.22,JPY,H698115,Routine historical business expense,REIMBURSED,PRJ-013,MEAL_CLIENT,
HIST-02222,E0280,City Parking Services,2026-08-17,215.12,SGD,H998529,Routine historical business expense,REIMBURSED,PRJ-001,SOFTWARE,
HIST-01408,E0178,Blue Line Couriers,2024-08-18,215.21,SGD,H375639,Routine historical business expense,REIMBURSED,PRJ-054,AIRFARE,
HIST-01957,E0247,Sunrise Bookstore,2024-02-23,215.33,SGD,H659232,Routine historical business expense,REIMBURSED,PRJ-045,AIRFARE,
HIST-02198,E0277,Skyview Coffee,2025-04-02,215.6,SGD,H667439,Routine historical business expense,REIMBURSED,PRJ-005,HOTEL,
HIST-00713,E0091,Pinnacle Signage,2026-03-11,215.66,SGD,H374148,Routine historical business expense,REIMBURSED,PRJ-056,GROUND_TRANSPORT,
HIST-01270,E0160,QuickFix IT Services,2024-08-22,215.85,SGD,H679065,Routine historical business expense,REIMBURSED,PRJ-010,OTHER,
HIST-02226,E0280,Lunch Bowl Cafe,2024-05-26,215.9,SGD,H112368,Routine historical business expense,REIMBURSED,PRJ-039,MEAL_EMPLOYEE,
HIST-01534,E0195,Urban Laundry,2026-05-03,21531.6,JPY,H362434,Routine historical business expense,REIMBURSED,PRJ-053,SOFTWARE,
HIST-01191,E0150,Summit Uniforms,2024-08-22,21542.49,JPY,H403644,Routine historical business expense,REIMBURSED,PRJ-024,MEAL_EMPLOYEE,
HIST-01326,E0168,Bridge Street Grocer,2025-05-11,21545.33,JPY,H299143,Routine historical business expense,REIMBURSED,PRJ-014,AIRFARE,
HIST-00991,E0126,Paper & Pen Depot,2026-04-23,21598.63,JPY,H290604,Routine historical business expense,REIMBURSED,PRJ-010,MEAL_EMPLOYEE,
HIST-00659,E0085,Harvest Deli,2026-06-17,216.41,SGD,H981013,Routine historical business expense,REIMBURSED,PRJ-037,EQUIPMENT,
HIST-01511,E0192,City Parking Services,2026-02-10,21609.12,JPY,H968713,Routine historical business expense,REIMBURSED,PRJ-037,EQUIPMENT,
HIST-02345,E0294,Metro Print Shop,2026-04-20,21667.14,JPY,H406568,Routine historical business expense,REIMBURSED,PRJ-007,EQUIPMENT,
HIST-01372,E0174,Green Leaf Catering,2026-11-02,2167.62,JPY,H242252,Routine historical business expense,REIMBURSED,PRJ-040,HOTEL,
HIST-02008,E0253,Skyview Coffee,2025-10-13,217.23,SGD,H792013,Routine historical business expense,REIMBURSED,PRJ-047,GROUND_TRANSPORT,
HIST-00195,E0025,Lantern Printing,2025-02-21,217.27,SGD,H856911,Routine historical business expense,REIMBURSED,PRJ-056,GROUND_TRANSPORT,
HIST-01498,E0190,Blue Line Couriers,2024-12-26,217.34,SGD,H111488,Routine historical business expense,REIMBURSED,PRJ-046,OTHER,
HIST-01437,E0181,Tech Repair Lab,2025-08-07,217.35,SGD,H669716,Routine historical business expense,REIMBURSED,PRJ-024,GROUND_TRANSPORT,
HIST-01147,E0145,Tech Repair Lab,2026-03-14,217.8,SGD,H318767,Routine historical business expense,REIMBURSED,PRJ-005,MEAL_CLIENT,
HIST-00657,E0084,Sunrise Bookstore,2025-04-10,2170.31,JPY,H289390,Routine historical business expense,REIMBURSED,PRJ-052,GROUND_TRANSPORT,
HIST-00324,E0042,Riverside Cafe,2024-07-27,2171.1,JPY,H760259,Routine historical business expense,REIMBURSED,PRJ-041,HOTEL,
HIST-00135,E0018,Anchor Water Co,2026-10-01,21761.06,JPY,H502324,Routine historical business expense,REIMBURSED,PRJ-004,SOFTWARE,
HIST-00944,E0120,Summit Uniforms,2025-04-27,21783.16,JPY,H475385,Routine historical business expense,REIMBURSED,PRJ-014,MEAL_EMPLOYEE,
HIST-00117,E0016,Skyview Coffee,2024-10-10,218.1,SGD,H288599,Routine historical business expense,REIMBURSED,PRJ-001,MEAL_CLIENT,
HIST-01152,E0145,Evergreen Florists,2025-03-13,218.25,SGD,H973397,Routine historical business expense,REIMBURSED,PRJ-051,MEAL_CLIENT,
HIST-01289,E0163,Skyview Coffee,2024-07-21,218.5,SGD,H541137,Routine historical business expense,REIMBURSED,PRJ-033,HOTEL,
HIST-02032,E0256,Corner Bakery Co,2025-06-20,218.64,SGD,H291628,Routine historical business expense,REIMBURSED,PRJ-015,HOTEL,
HIST-02262,E0285,Pinnacle Signage,2025-03-12,21851.8,JPY,H608909,Routine historical business expense,REIMBURSED,PRJ-008,MEAL_EMPLOYEE,
HIST-01264,E0159,Central Stationers,2024-05-03,2188.74,JPY,H407834,Routine historical business expense,REIMBURSED,PRJ-004,MEAL_CLIENT,
HIST-00699,E0090,Harvest Deli,2024-10-09,21899.84,JPY,H425580,Routine historical business expense,REIMBURSED,PRJ-033,HOTEL,
HIST-00116,E0016,Green Leaf Catering,2025-07-13,219.56,SGD,H204944,Routine historical business expense,REIMBURSED,PRJ-033,GROUND_TRANSPORT,
HIST-01309,E0166,QuickFix IT Services,2025-12-17,219.62,SGD,H464384,Routine historical business expense,REIMBURSED,PRJ-001,EQUIPMENT,
HIST-00092,E0013,Central Stationers,2024-06-12,219.72,SGD,H281772,Routine historical business expense,REIMBURSED,PRJ-050,OTHER,
HIST-01256,E0158,Harvest Deli,2026-10-11,2190.62,INR,H688553,Routine historical business expense,REIMBURSED,PRJ-032,MEAL_EMPLOYEE,
HIST-00305,E0040,Tech Repair Lab,2025-10-01,22.37,SGD,H326214,Routine historical business expense,REIMBURSED,PRJ-029,MEAL_EMPLOYEE,
HIST-02200,E0277,Anchor Water Co,2026-08-18,22.43,SGD,H582865,Routine historical business expense,REIMBURSED,PRJ-055,MEAL_EMPLOYEE,
HIST-01499,E0190,QuickFix IT Services,2024-08-10,22.56,SGD,H546468,Routine historical business expense,REIMBURSED,PRJ-018,OTHER,
HIST-00118,E0016,Lunch Bowl Cafe,2024-06-25,220.57,SGD,H537297,Routine historical business expense,REIMBURSED,PRJ-025,AIRFARE,
HIST-01290,E0163,QuickFix IT Services,2025-02-26,220.74,SGD,H283692,Routine historical business expense,REIMBURSED,PRJ-012,SOFTWARE,
HIST-00596,E0076,Anchor Water Co,2026-07-09,220.75,SGD,H952455,Routine historical business expense,REIMBURSED,PRJ-045,HOTEL,
HIST-00500,E0064,Blue Line Couriers,2024-01-13,220.8,SGD,H338108,Routine historical business expense,REIMBURSED,PRJ-008,SOFTWARE,
HIST-01618,E0205,Lantern Printing,2026-09-21,220.83,SGD,H331386,Routine historical business expense,REIMBURSED,PRJ-038,MEAL_CLIENT,
PREV-00040,E0014,Cedar Professional Institute,2025-03-12,2200,SGD,H273298,External course,REIMBURSED,,TRAINING,
HIST-00517,E0066,TransitCard Top-up,2024-04-25,22015.26,JPY,H990854,Routine historical business expense,REIMBURSED,PRJ-006,EQUIPMENT,
HIST-01998,E0252,Lunch Bowl Cafe,2025-11-21,22015.92,JPY,H870538,Routine historical business expense,REIMBURSED,PRJ-030,SOFTWARE,
HIST-01632,E0207,Sunrise Bookstore,2025-02-26,22029.49,JPY,H756762,Routine historical business expense,REIMBURSED,PRJ-042,MEAL_CLIENT,
HIST-02218,E0279,Central Stationers,2026-05-10,22058.15,JPY,H446094,Routine historical business expense,REIMBURSED,PRJ-040,HOTEL,
HIST-00545,E0069,Anchor Water Co,2026-04-26,22075.33,JPY,H295317,Routine historical business expense,REIMBURSED,PRJ-012,OTHER,
HIST-01809,E0228,Delta Copy Centre,2025-07-11,22088.74,JPY,H216068,Routine historical business expense,REIMBURSED,PRJ-050,AIRFARE,
HIST-02272,E0286,Summit Uniforms,2024-08-15,221.39,SGD,H332415,Routine historical business expense,REIMBURSED,PRJ-005,MEAL_CLIENT,
HIST-01814,E0229,Blue Line Couriers,2025-05-09,221.4,SGD,H452091,Routine historical business expense,REIMBURSED,PRJ-019,GROUND_TRANSPORT,
HIST-01840,E0232,Bridge Street Grocer,2025-08-02,221.49,SGD,H863490,Routine historical business expense,REIMBURSED,PRJ-044,AIRFARE,
HIST-01509,E0191,Tech Repair Lab,2026-04-24,2210.19,INR,H152845,Routine historical business expense,REIMBURSED,PRJ-017,AIRFARE,
HIST-01738,E0219,Bridge Street Grocer,2025-09-09,22140.0,JPY,H755450,Routine historical business expense,REIMBURSED,PRJ-026,HOTEL,
HIST-02211,E0279,Northside Pharmacy,2026-07-15,2215.93,JPY,H984425,Routine historical business expense,REIMBURSED,PRJ-033,OTHER,
HIST-01399,E0177,Evergreen Florists,2025-12-20,22154.51,JPY,H684411,Routine historical business expense,REIMBURSED,PRJ-012,SOFTWARE,
HIST-01515,E0192,Paper & Pen Depot,2026-04-15,22174.37,JPY,H470511,Routine historical business expense,REIMBURSED,PRJ-010,MEAL_EMPLOYEE,
HIST-01166,E0147,TransitCard Top-up,2026-10-12,22180.94,JPY,H312492,Routine historical business expense,REIMBURSED,PRJ-031,AIRFARE,
HIST-02239,E0282,Harvest Deli,2024-09-23,22183.76,JPY,H813953,Routine historical business expense,REIMBURSED,PRJ-037,MEAL_CLIENT,
HIST-01569,E0199,Lantern Printing,2025-12-08,222.06,SGD,H887671,Routine historical business expense,REIMBURSED,PRJ-034,HOTEL,
HIST-02353,E0295,Green Leaf Catering,2024-11-19,222.31,SGD,H338527,Routine historical business expense,REIMBURSED,PRJ-056,GROUND_TRANSPORT,
HIST-01905,E0240,City Parking Services,2026-04-02,22227.42,JPY,H321382,Routine historical business expense,REIMBURSED,PRJ-017,OTHER,
HIST-02047,E0258,Airport Express Kiosk,2026-06-22,2227.32,JPY,H476365,Routine historical business expense,REIMBURSED,PRJ-031,GROUND_TRANSPORT,
HIST-00237,E0031,Paper & Pen Depot,2025-06-19,223.19,SGD,H800572,Routine historical business expense,REIMBURSED,PRJ-051,GROUND_TRANSPORT,
HIST-01792,E0226,Lantern Printing,2026-01-14,223.29,SGD,H240135,Routine historical business expense,REIMBURSED,PRJ-011,OTHER,
HIST-02195,E0277,Harbor Office Supply,2026-02-14,223.84,SGD,H388880,Routine historical business expense,REIMBURSED,PRJ-031,EQUIPMENT,
HIST-00219,E0028,Tech Repair Lab,2026-03-04,223.86,SGD,H518945,Routine historical business expense,REIMBURSED,PRJ-052,MEAL_CLIENT,
HIST-01363,E0173,Urban Laundry,2026-04-23,2230.76,INR,H863819,Routine historical business expense,REIMBURSED,PRJ-007,GROUND_TRANSPORT,
HIST-01508,E0191,Northside Pharmacy,2026-11-25,2237.24,INR,H748857,Routine historical business expense,REIMBURSED,PRJ-047,GROUND_TRANSPORT,
HIST-02210,E0279,QuickFix IT Services,2026-10-22,22393.52,JPY,H800861,Routine historical business expense,REIMBURSED,PRJ-038,EQUIPMENT,
HIST-00776,E0100,Skyview Coffee,2026-12-01,224.0,SGD,H765620,Routine historical business expense,REIMBURSED,PRJ-048,EQUIPMENT,
HIST-00214,E0028,Northside Pharmacy,2026-08-03,224.18,SGD,H497609,Routine historical business expense,REIMBURSED,PRJ-001,OTHER,
HIST-01406,E0178,Airport Express Kiosk,2025-04-11,224.58,SGD,H354535,Routine historical business expense,REIMBURSED,PRJ-022,MEAL_EMPLOYEE,
HIST-01735,E0219,Central Stationers,2026-06-07,22413.06,JPY,H622314,Routine historical business expense,REIMBURSED,PRJ-048,AIRFARE,
HIST-00013,E0003,Pinnacle Signage,2026-02-17,22450.49,JPY,H258888,Routine historical business expense,REIMBURSED,PRJ-022,HOTEL,
HIST-02223,E0280,Pinnacle Signage,2025-11-04,225.15,SGD,H627822,Routine historical business expense,REIMBURSED,PRJ-020,SOFTWARE,
HIST-01666,E0211,Paper & Pen Depot,2026-05-27,225.68,SGD,H751588,Routine historical business expense,REIMBURSED,PRJ-025,EQUIPMENT,
HIST-01591,E0202,Sunrise Bookstore,2025-08-25,225.74,SGD,H585535,Routine historical business expense,REIMBURSED,PRJ-059,AIRFARE,
HIST-00755,E0097,Airport Express Kiosk,2025-12-06,225.8,SGD,H940566,Routine historical business expense,REIMBURSED,PRJ-032,MEAL_CLIENT,
HIST-00415,E0054,Central Stationers,2025-06-13,22508.19,JPY,H397669,Routine historical business expense,REIMBURSED,PRJ-041,MEAL_CLIENT,
HIST-00655,E0084,Tech Repair Lab,2024-03-22,22521.84,JPY,H598962,Routine historical business expense,REIMBURSED,PRJ-039,SOFTWARE,
HIST-02021,E0255,Riverside Cafe,2026-04-07,22534.83,JPY,H644047,Routine historical business expense,REIMBURSED,PRJ-029,MEAL_CLIENT,
HIST-01039,E0132,Pinnacle Signage,2025-11-16,22555.21,JPY,H835133,Routine historical business expense,REIMBURSED,PRJ-057,SOFTWARE,
HIST-00660,E0085,Paper & Pen Depot,2025-07-04,226.14,SGD,H354640,Routine historical business expense,REIMBURSED,PRJ-007,AIRFARE,
HIST-02099,E0265,Airport Express Kiosk,2026-03-03,226.27,SGD,H441869,Routine historical business expense,REIMBURSED,PRJ-021,SOFTWARE,
HIST-01314,E0166,Corner Bakery Co,2025-09-07,226.52,SGD,H216130,Routine historical business expense,REIMBURSED,PRJ-006,GROUND_TRANSPORT,
HIST-01884,E0237,Sunrise Bookstore,2024-10-21,2262.19,JPY,H719305,Routine historical business expense,REIMBURSED,PRJ-017,MEAL_CLIENT,
HIST-01451,E0183,Corner Bakery Co,2026-12-07,2263.12,JPY,H102332,Routine historical business expense,REIMBURSED,PRJ-033,MEAL_EMPLOYEE,
HIST-01330,E0168,Evergreen Florists,2026-09-10,22650.05,JPY,H813148,Routine historical business expense,REIMBURSED,PRJ-049,AIRFARE,
HIST-01416,E0179,Skyview Coffee,2024-07-18,2266.45,INR,H547814,Routine historical business expense,REIMBURSED,PRJ-056,MEAL_CLIENT,
HIST-01994,E0252,Delta Copy Centre,2025-07-02,22699.06,JPY,H174649,Routine historical business expense,REIMBURSED,PRJ-002,AIRFARE,
HIST-01642,E0208,Northside Pharmacy,2026-09-08,227.63,SGD,H900995,Routine historical business expense,REIMBURSED,PRJ-051,GROUND_TRANSPORT,
HIST-02098,E0265,Urban Laundry,2024-03-27,227.66,SGD,H551286,Routine historical business expense,REIMBURSED,PRJ-016,AIRFARE,
HIST-02302,E0289,Harvest Deli,2026-11-15,227.72,SGD,H259013,Routine historical business expense,REIMBURSED,PRJ-013,MEAL_EMPLOYEE,
HIST-01542,E0196,QuickFix IT Services,2025-08-22,227.75,SGD,H371923,Routine historical business expense,REIMBURSED,PRJ-036,GROUND_TRANSPORT,
HIST-00673,E0086,Lantern Printing,2024-07-17,2271.33,INR,H981909,Routine historical business expense,REIMBURSED,PRJ-005,HOTEL,
HIST-01349,E0171,Central Stationers,2025-03-12,22741.47,JPY,H631196,Routine historical business expense,REIMBURSED,PRJ-007,MEAL_CLIENT,
HIST-02273,E0286,Lantern Printing,2026-06-19,228.15,SGD,H716580,Routine historical business expense,REIMBURSED,PRJ-026,SOFTWARE,
HIST-01567,E0199,Harvest Deli,2026-03-07,228.19,SGD,H683706,Routine historical business expense,REIMBURSED,PRJ-004,EQUIPMENT,
HIST-00628,E0081,Airport Express Kiosk,2025-07-24,22826.41,JPY,H897281,Routine historical business expense,REIMBURSED,PRJ-036,MEAL_EMPLOYEE,
HIST-00800,E0102,Lantern Printing,2025-02-25,22856.03,JPY,H794908,Routine historical business expense,REIMBURSED,PRJ-047,AIRFARE,
HIST-02321,E0291,Green Leaf Catering,2024-10-25,2288.36,JPY,H454487,Routine historical business expense,REIMBURSED,PRJ-033,GROUND_TRANSPORT,
HIST-00900,E0115,Bridge Street Grocer,2025-04-28,229.05,SGD,H520301,Routine historical business expense,REIMBURSED,PRJ-024,EQUIPMENT,
HIST-01864,E0235,Urban Laundry,2026-03-12,229.67,SGD,H390954,Routine historical business expense,REIMBURSED,PRJ-025,HOTEL,
HIST-00098,E0013,Delta Copy Centre,2024-12-27,229.7,SGD,H769194,Routine historical business expense,REIMBURSED,PRJ-054,MEAL_CLIENT,
HIST-01219,E0154,Urban Laundry,2024-05-12,229.88,SGD,H917447,Routine historical business expense,REIMBURSED,PRJ-023,AIRFARE,
HIST-01698,E0214,Riverside Cafe,2026-06-24,229.98,SGD,H904988,Routine historical business expense,REIMBURSED,PRJ-008,OTHER,
HIST-01118,E0141,Riverside Cafe,2024-02-27,22928.17,JPY,H870907,Routine historical business expense,REIMBURSED,PRJ-025,EQUIPMENT,
HIST-01188,E0150,Paper & Pen Depot,2024-12-12,22945.78,JPY,H381010,Routine historical business expense,REIMBURSED,PRJ-060,MEAL_CLIENT,
HIST-00438,E0057,Summit Uniforms,2026-01-21,22984.67,JPY,H502835,Routine historical business expense,REIMBURSED,PRJ-002,MEAL_EMPLOYEE,
HIST-00124,E0017,Anchor Water Co,2026-11-16,2299.42,INR,H983471,Routine historical business expense,REIMBURSED,PRJ-041,AIRFARE,
HIST-01429,E0180,Pinnacle Signage,2025-11-07,22995.3,JPY,H386444,Routine historical business expense,REIMBURSED,PRJ-008,OTHER,
HIST-01195,E0151,Blue Line Couriers,2024-05-23,23.51,SGD,H540701,Routine historical business expense,REIMBURSED,PRJ-011,GROUND_TRANSPORT,
HIST-01939,E0244,Evergreen Florists,2025-03-07,23.97,SGD,H132751,Routine historical business expense,REIMBURSED,PRJ-004,OTHER,
HIST-02031,E0256,Anchor Water Co,2024-11-07,230.03,SGD,H890896,Routine historical business expense,REIMBURSED,PRJ-008,MEAL_EMPLOYEE,
HIST-01668,E0211,Lunch Bowl Cafe,2025-03-25,230.74,SGD,H134710,Routine historical business expense,REIMBURSED,PRJ-007,GROUND_TRANSPORT,
HIST-01684,E0213,Skyview Coffee,2024-12-07,2305.43,JPY,H926561,Routine historical business expense,REIMBURSED,PRJ-018,MEAL_CLIENT,
HIST-02164,E0273,Delta Copy Centre,2024-04-23,23052.51,JPY,H988605,Routine historical business expense,REIMBURSED,PRJ-026,SOFTWARE,
HIST-01426,E0180,TransitCard Top-up,2026-03-17,23054.99,JPY,H262688,Routine historical business expense,REIMBURSED,PRJ-035,MEAL_CLIENT,
HIST-01122,E0141,QuickFix IT Services,2026-12-02,23076.56,JPY,H507017,Routine historical business expense,REIMBURSED,PRJ-015,HOTEL,
HIST-00093,E0013,Blue Line Couriers,2026-09-05,231.03,SGD,H939372,Routine historical business expense,REIMBURSED,PRJ-037,HOTEL,
HIST-01723,E0217,TransitCard Top-up,2024-11-07,231.13,SGD,H365440,Routine historical business expense,REIMBURSED,PRJ-015,MEAL_CLIENT,
HIST-02199,E0277,Harbor Office Supply,2024-05-14,231.22,SGD,H511591,Routine historical business expense,REIMBURSED,PRJ-027,MEAL_EMPLOYEE,
HIST-01520,E0193,Urban Laundry,2026-04-12,231.87,SGD,H807037,Routine historical business expense,REIMBURSED,PRJ-024,OTHER,
HIST-01168,E0147,QuickFix IT Services,2024-12-24,23101.53,JPY,H191099,Routine historical business expense,REIMBURSED,PRJ-009,SOFTWARE,
HIST-00953,E0122,QuickFix IT Services,2026-02-03,2312.78,INR,H946611,Routine historical business expense,REIMBURSED,PRJ-001,AIRFARE,
HIST-00815,E0105,Skyview Coffee,2025-03-04,23132.39,JPY,H931378,Routine historical business expense,REIMBURSED,PRJ-028,EQUIPMENT,
HIST-01930,E0243,Evergreen Florists,2024-08-23,2314.91,JPY,H846542,Routine historical business expense,REIMBURSED,PRJ-011,GROUND_TRANSPORT,
HIST-00870,E0111,Northside Pharmacy,2026-11-09,23150.45,JPY,H302358,Routine historical business expense,REIMBURSED,PRJ-012,HOTEL,
HIST-01808,E0228,QuickFix IT Services,2026-03-10,23168.62,JPY,H557667,Routine historical business expense,REIMBURSED,PRJ-030,HOTEL,
HIST-00940,E0120,TransitCard Top-up,2026-09-08,23174.28,JPY,H523579,Routine historical business expense,REIMBURSED,PRJ-001,GROUND_TRANSPORT,
HIST-01679,E0212,Lunch Bowl Cafe,2024-10-15,2318.02,INR,H356230,Routine historical business expense,REIMBURSED,PRJ-018,GROUND_TRANSPORT,
HIST-00770,E0099,City Parking Services,2025-06-20,23182.15,JPY,H833965,Routine historical business expense,REIMBURSED,PRJ-011,EQUIPMENT,
HIST-01351,E0171,Lantern Printing,2025-08-17,23194.88,JPY,H430888,Routine historical business expense,REIMBURSED,PRJ-057,MEAL_CLIENT,
HIST-02148,E0271,Lunch Bowl Cafe,2024-04-12,232.13,SGD,H542446,Routine historical business expense,REIMBURSED,PRJ-041,MEAL_CLIENT,
HIST-01650,E0208,Harvest Deli,2025-06-27,232.88,SGD,H591616,Routine historical business expense,REIMBURSED,PRJ-043,EQUIPMENT,
HIST-01044,E0132,Central Stationers,2024-12-08,23211.63,JPY,H347895,Routine historical business expense,REIMBURSED,PRJ-002,MEAL_EMPLOYEE,
HIST-00138,E0018,Sunrise Bookstore,2024-10-04,23226.7,JPY,H421823,Routine historical business expense,REIMBURSED,PRJ-044,EQUIPMENT,
HIST-02230,E0281,Skyview Coffee,2026-02-20,2325.86,INR,H179429,Routine historical business expense,REIMBURSED,PRJ-002,AIRFARE,
HIST-01302,E0165,Blue Line Couriers,2025-12-14,23256.44,JPY,H839743,Routine historical business expense,REIMBURSED,PRJ-028,SOFTWARE,
HIST-00521,E0066,Summit Uniforms,2024-11-11,2328.42,JPY,H182004,Routine historical business expense,REIMBURSED,PRJ-020,HOTEL,
HIST-00329,E0043,Harbor Office Supply,2024-12-14,233.23,SGD,H194899,Routine historical business expense,REIMBURSED,PRJ-037,MEAL_EMPLOYEE,
HIST-00829,E0106,City Parking Services,2024-04-14,233.32,SGD,H134426,Routine historical business expense,REIMBURSED,PRJ-022,OTHER,
HIST-00852,E0109,Anchor Water Co,2025-12-26,233.46,SGD,H592284,Routine historical business expense,REIMBURSED,PRJ-002,MEAL_CLIENT,
HIST-02173,E0274,Bridge Street Grocer,2026-02-08,233.75,SGD,H781154,Routine historical business expense,REIMBURSED,PRJ-054,SOFTWARE,
HIST-01383,E0175,Urban Laundry,2026-07-11,233.81,SGD,H706367,Routine historical business expense,REIMBURSED,PRJ-045,AIRFARE,
HIST-00393,E0051,TransitCard Top-up,2024-04-23,23317.79,JPY,H676807,Routine historical business expense,REIMBURSED,PRJ-004,MEAL_CLIENT,
HIST-01305,E0165,Pinnacle Signage,2026-04-23,23340.22,JPY,H343287,Routine historical business expense,REIMBURSED,PRJ-058,GROUND_TRANSPORT,
HIST-01161,E0147,QuickFix IT Services,2025-08-28,23367.16,JPY,H401276,Routine historical business expense,REIMBURSED,PRJ-030,MEAL_EMPLOYEE,
HIST-01271,E0160,QuickFix IT Services,2024-04-05,234.02,SGD,H337015,Routine historical business expense,REIMBURSED,PRJ-008,MEAL_CLIENT,
HIST-01645,E0208,Paper & Pen Depot,2026-09-03,234.19,SGD,H694334,Routine historical business expense,REIMBURSED,PRJ-002,OTHER,
HIST-00876,E0112,Metro Print Shop,2026-07-07,234.77,SGD,H899256,Routine historical business expense,REIMBURSED,PRJ-048,EQUIPMENT,
HIST-01558,E0198,Skyview Coffee,2025-07-08,2341.03,JPY,H922758,Routine historical business expense,REIMBURSED,PRJ-045,EQUIPMENT,
HIST-01017,E0129,Pinnacle Signage,2024-04-22,23455.84,JPY,H638102,Routine historical business expense,REIMBURSED,PRJ-041,EQUIPMENT,
HIST-02183,E0275,City Parking Services,2024-07-28,2346.57,INR,H351941,Routine historical business expense,REIMBURSED,PRJ-046,SOFTWARE,
HIST-00297,E0039,Harbor Office Supply,2025-11-25,2348.59,JPY,H391742,Routine historical business expense,REIMBURSED,PRJ-057,GROUND_TRANSPORT,
HIST-00723,E0093,Harbor Office Supply,2025-06-20,2348.71,JPY,H832091,Routine historical business expense,REIMBURSED,PRJ-025,MEAL_EMPLOYEE,
HIST-00523,E0066,City Parking Services,2026-09-02,23484.01,JPY,H630015,Routine historical business expense,REIMBURSED,PRJ-015,GROUND_TRANSPORT,
HIST-01722,E0217,Northside Pharmacy,2026-08-19,235.27,SGD,H536795,Routine historical business expense,REIMBURSED,PRJ-029,SOFTWARE,
HIST-01890,E0238,Harbor Office Supply,2024-07-01,235.46,SGD,H881179,Routine historical business expense,REIMBURSED,PRJ-022,OTHER,
HIST-01713,E0216,City Parking Services,2026-02-28,23545.7,JPY,H280553,Routine historical business expense,REIMBURSED,PRJ-027,AIRFARE,
HIST-00520,E0066,Pinnacle Signage,2026-08-03,23546.15,JPY,H452142,Routine historical business expense,REIMBURSED,PRJ-006,GROUND_TRANSPORT,
HIST-00633,E0081,Summit Uniforms,2024-08-23,23552.09,JPY,H820605,Routine historical business expense,REIMBURSED,PRJ-029,GROUND_TRANSPORT,
HIST-00245,E0032,Pinnacle Signage,2024-11-16,2356.87,INR,H432373,Routine historical business expense,REIMBURSED,PRJ-031,MEAL_CLIENT,
HIST-00004,E0001,Pinnacle Signage,2026-05-25,236.01,SGD,H989533,Routine historical business expense,REIMBURSED,PRJ-024,SOFTWARE,
HIST-01540,E0196,Northside Pharmacy,2026-08-02,236.16,SGD,H793603,Routine historical business expense,REIMBURSED,PRJ-010,HOTEL,
HIST-01570,E0199,Blue Line Couriers,2026-01-25,236.21,SGD,H175555,Routine historical business expense,REIMBURSED,PRJ-055,MEAL_CLIENT,
HIST-01495,E0190,TransitCard Top-up,2025-08-24,236.27,SGD,H809401,Routine historical business expense,REIMBURSED,PRJ-034,SOFTWARE,
HIST-01200,E0151,Tech Repair Lab,2025-10-21,236.69,SGD,H895216,Routine historical business expense,REIMBURSED,PRJ-059,MEAL_EMPLOYEE,
HIST-00614,E0079,QuickFix IT Services,2025-01-08,236.89,SGD,H935119,Routine historical business expense,REIMBURSED,PRJ-016,OTHER,
HIST-01839,E0231,Evergreen Florists,2025-03-16,2361.42,JPY,H995176,Routine historical business expense,REIMBURSED,PRJ-029,HOTEL,
HIST-02120,E0267,Blue Line Couriers,2024-09-02,23618.3,JPY,H189561,Routine historical business expense,REIMBURSED,PRJ-044,GROUND_TRANSPORT,
HIST-00125,E0017,Blue Line Couriers,2024-06-03,2364.92,INR,H701793,Routine historical business expense,REIMBURSED,PRJ-001,HOTEL,
HIST-02204,E0278,City Parking Services,2026-03-19,2367.15,INR,H141298,Routine historical business expense,REIMBURSED,PRJ-052,EQUIPMENT,
HIST-01856,E0234,Paper & Pen Depot,2025-09-21,23679.58,JPY,H193406,Routine historical business expense,REIMBURSED,PRJ-049,AIRFARE,
HIST-00456,E0059,Delta Copy Centre,2026-05-17,2368.06,INR,H379826,Routine historical business expense,REIMBURSED,PRJ-052,EQUIPMENT,
HIST-01002,E0127,Bridge Street Grocer,2024-12-12,237.04,SGD,H653447,Routine historical business expense,REIMBURSED,PRJ-039,AIRFARE,
HIST-01768,E0223,Harvest Deli,2026-12-09,237.49,SGD,H144949,Routine historical business expense,REIMBURSED,PRJ-032,AIRFARE,
HIST-00399,E0052,Bridge Street Grocer,2025-08-07,237.91,SGD,H422082,Routine historical business expense,REIMBURSED,PRJ-028,GROUND_TRANSPORT,
HIST-00164,E0022,Pinnacle Signage,2025-09-16,237.93,SGD,H930265,Routine historical business expense,REIMBURSED,PRJ-020,EQUIPMENT,
HIST-02278,E0286,Anchor Water Co,2025-03-05,237.98,SGD,H446543,Routine historical business expense,REIMBURSED,PRJ-032,EQUIPMENT,
HIST-01885,E0237,Evergreen Florists,2026-09-11,23718.92,JPY,H103229,Routine historical business expense,REIMBURSED,PRJ-046,SOFTWARE,
HIST-00287,E0037,Green Leaf Catering,2024-08-27,238.4,SGD,H302893,Routine historical business expense,REIMBURSED,PRJ-051,SOFTWARE,
HIST-00499,E0064,Bridge Street Grocer,2025-11-06,238.44,SGD,H669755,Routine historical business expense,REIMBURSED,PRJ-036,SOFTWARE,
HIST-02126,E0268,Green Leaf Catering,2026-05-09,238.46,SGD,H773326,Routine historical business expense,REIMBURSED,PRJ-002,MEAL_EMPLOYEE,
HIST-00259,E0034,Blue Line Couriers,2025-03-20,238.73,SGD,H896096,Routine historical business expense,REIMBURSED,PRJ-059,MEAL_CLIENT,
HIST-01846,E0232,Northside Pharmacy,2025-01-02,238.85,SGD,H634563,Routine historical business expense,REIMBURSED,PRJ-006,MEAL_CLIENT,
HIST-00014,E0003,Northside Pharmacy,2026-11-07,23800.31,JPY,H425643,Routine historical business expense,REIMBURSED,PRJ-052,SOFTWARE,
HIST-00280,E0036,Corner Bakery Co,2026-12-08,23805.14,JPY,H839812,Routine historical business expense,REIMBURSED,PRJ-025,EQUIPMENT,
HIST-01211,E0153,Paper & Pen Depot,2024-10-21,23830.24,JPY,H608179,Routine historical business expense,REIMBURSED,PRJ-045,HOTEL,
HIST-01308,E0165,Northside Pharmacy,2024-02-19,23872.3,JPY,H212360,Routine historical business expense,REIMBURSED,PRJ-025,HOTEL,
HIST-00255,E0033,Evergreen Florists,2024-05-26,23877.81,JPY,H833334,Routine historical business expense,REIMBURSED,PRJ-025,OTHER,
HIST-01902,E0240,Skyview Coffee,2026-12-05,23898.07,JPY,H760963,Routine historical business expense,REIMBURSED,PRJ-044,MEAL_CLIENT,
HIST-02139,E0270,Pinnacle Signage,2024-03-01,23899.04,JPY,H662442,Routine historical business expense,REIMBURSED,PRJ-016,MEAL_CLIENT,
HIST-02079,E0262,Harbor Office Supply,2026-04-06,239.15,SGD,H297225,Routine historical business expense,REIMBURSED,PRJ-056,EQUIPMENT,
HIST-00854,E0109,Green Leaf Catering,2025-06-02,239.26,SGD,H172216,Routine historical business expense,REIMBURSED,PRJ-027,HOTEL,
HIST-00639,E0082,QuickFix IT Services,2025-12-20,239.7,SGD,H356177,Routine historical business expense,REIMBURSED,PRJ-033,AIRFARE,
HIST-02029,E0256,City Parking Services,2024-02-23,239.75,SGD,H859382,Routine historical business expense,REIMBURSED,PRJ-002,AIRFARE,
HIST-00891,E0114,Metro Print Shop,2025-08-08,23921.48,JPY,H446871,Routine historical business expense,REIMBURSED,PRJ-011,MEAL_EMPLOYEE,
HIST-02295,E0288,Central Stationers,2025-02-06,23924.77,JPY,H697670,Routine historical business expense,REIMBURSED,PRJ-010,GROUND_TRANSPORT,
HIST-02390,E0300,TransitCard Top-up,2025-09-07,23942.41,JPY,H638655,Routine historical business expense,REIMBURSED,PRJ-051,EQUIPMENT,
HIST-01041,E0132,Summit Uniforms,2024-08-19,2395.93,JPY,H441526,Routine historical business expense,REIMBURSED,PRJ-033,SOFTWARE,
HIST-00440,E0057,QuickFix IT Services,2025-09-01,23963.31,JPY,H564739,Routine historical business expense,REIMBURSED,PRJ-048,OTHER,
HIST-01903,E0240,TransitCard Top-up,2025-01-03,23963.68,JPY,H460021,Routine historical business expense,REIMBURSED,PRJ-056,MEAL_EMPLOYEE,
HIST-01835,E0231,Lunch Bowl Cafe,2024-01-10,23973.02,JPY,H611672,Routine historical business expense,REIMBURSED,PRJ-060,HOTEL,
HIST-00547,E0070,Lunch Bowl Cafe,2025-07-04,24.02,SGD,H928495,Routine historical business expense,REIMBURSED,PRJ-047,MEAL_EMPLOYEE,
HIST-00779,E0100,TransitCard Top-up,2025-12-14,24.62,SGD,H622346,Routine historical business expense,REIMBURSED,PRJ-047,OTHER,
HIST-01847,E0232,Lunch Bowl Cafe,2026-05-18,24.69,SGD,H846960,Routine historical business expense,REIMBURSED,PRJ-019,GROUND_TRANSPORT,
PREV-00002,E0136,Ledger Loop,2026-01-22,240,SGD,H690358,Design tool seat,REIMBURSED,,SOFTWARE,
PREV-N0019,E0097,Ledger Loop,2025-05-14,240.0,SGD,H193411,Ad hoc purchase,REIMBURSED,PRJ-020,SOFTWARE,
PREV-N0020,E0021,Ledger Loop,2025-05-21,240.0,SGD,H412587,"Other employee, same charge",REIMBURSED,,SOFTWARE,
PREV-N0021,E0097,Ledger Loop,2025-05-20,240.0,SGD,H747335,Different expense type,REIMBURSED,,OTHER,
PREV-N0005,E0290,Ledger Loop,2026-01-22,240.0,SGD,H844627,"Other employee, same charge",REIMBURSED,,SOFTWARE,
PREV-N0004,E0136,Ledger Loop,2026-01-05,240.0,SGD,H877055,Ad hoc purchase,REIMBURSED,PRJ-017,SOFTWARE,
PREV-N0006,E0136,Ledger Loop,2026-01-21,240.0,SGD,H925229,Different expense type,REIMBURSED,,OTHER,
PREV-00008,E0097,Ledger Loop,2025-04-23,240.0,SGD,H927923,Recurring monthly subscription,REIMBURSED,,SOFTWARE,
HIST-00705,E0091,Sunrise Bookstore,2026-07-24,240.19,SGD,H220766,Routine historical business expense,REIMBURSED,PRJ-055,GROUND_TRANSPORT,
HIST-00878,E0112,Delta Copy Centre,2026-07-26,240.98,SGD,H401898,Routine historical business expense,REIMBURSED,PRJ-035,GROUND_TRANSPORT,
HIST-00743,E0095,Harbor Office Supply,2026-12-27,2400.25,INR,H580809,Routine historical business expense,REIMBURSED,PRJ-024,GROUND_TRANSPORT,
PREV-00016,E0271,DeskWorks,2025-10-05,24000,JPY,H946340,Project equipment purchase,REIMBURSED,PRJ-013,EQUIPMENT,
HIST-00967,E0123,Harvest Deli,2026-11-14,24003.35,JPY,H535831,Routine historical business expense,REIMBURSED,PRJ-025,MEAL_EMPLOYEE,
HIST-01706,E0215,Harvest Deli,2026-02-22,2402.53,INR,H340878,Routine historical business expense,REIMBURSED,PRJ-034,GROUND_TRANSPORT,
HIST-00257,E0033,Tech Repair Lab,2025-09-12,2403.92,JPY,H467874,Routine historical business expense,REIMBURSED,PRJ-004,GROUND_TRANSPORT,
HIST-01060,E0135,Central Stationers,2026-03-26,24032.71,JPY,H388913,Routine historical business expense,REIMBURSED,PRJ-041,AIRFARE,
HIST-01212,E0153,Metro Print Shop,2024-10-05,24045.42,JPY,H894309,Routine historical business expense,REIMBURSED,PRJ-044,SOFTWARE,
HIST-02389,E0300,Skyview Coffee,2025-10-12,24064.74,JPY,H650880,Routine historical business expense,REIMBURSED,PRJ-056,EQUIPMENT,
HIST-00417,E0054,Corner Bakery Co,2026-03-25,24065.17,JPY,H532891,Routine historical business expense,REIMBURSED,PRJ-032,HOTEL,
HIST-01263,E0159,Paper & Pen Depot,2025-07-04,24067.74,JPY,H749191,Routine historical business expense,REIMBURSED,PRJ-030,OTHER,
HIST-00284,E0037,TransitCard Top-up,2025-10-07,241.23,SGD,H195953,Routine historical business expense,REIMBURSED,PRJ-055,GROUND_TRANSPORT,
HIST-01497,E0190,Delta Copy Centre,2024-04-04,241.58,SGD,H304496,Routine historical business expense,REIMBURSED,PRJ-003,MEAL_EMPLOYEE,
HIST-01385,E0175,Paper & Pen Depot,2026-07-22,241.68,SGD,H512956,Routine historical business expense,REIMBURSED,PRJ-024,HOTEL,
HIST-00355,E0046,Delta Copy Centre,2024-02-06,241.72,SGD,H144078,Routine historical business expense,REIMBURSED,PRJ-038,SOFTWARE,
HIST-02313,E0291,Lunch Bowl Cafe,2024-12-17,24109.6,JPY,H315531,Routine historical business expense,REIMBURSED,PRJ-043,EQUIPMENT,
HIST-01916,E0242,Harvest Deli,2024-03-10,2413.48,INR,H827710,Routine historical business expense,REIMBURSED,PRJ-045,HOTEL,
HIST-00223,E0029,Skyview Coffee,2025-12-12,2415.96,INR,H684012,Routine historical business expense,REIMBURSED,PRJ-046,SOFTWARE,
HIST-01093,E0138,Metro Print Shop,2024-02-19,24153.81,JPY,H291031,Routine historical business expense,REIMBURSED,PRJ-047,SOFTWARE,
HIST-00464,E0060,Northside Pharmacy,2026-09-19,24163.64,JPY,H157433,Routine historical business expense,REIMBURSED,PRJ-032,MEAL_EMPLOYEE,
HIST-02294,E0288,Paper & Pen Depot,2024-08-16,2419.78,JPY,H264492,Routine historical business expense,REIMBURSED,PRJ-016,AIRFARE,
HIST-02324,E0292,TransitCard Top-up,2024-03-05,242.1,SGD,H702599,Routine historical business expense,REIMBURSED,PRJ-048,OTHER,
HIST-01502,E0190,Lunch Bowl Cafe,2026-08-20,242.13,SGD,H366617,Routine historical business expense,REIMBURSED,PRJ-016,MEAL_CLIENT,
HIST-00597,E0076,Harbor Office Supply,2024-05-05,242.38,SGD,H404902,Routine historical business expense,REIMBURSED,PRJ-027,MEAL_EMPLOYEE,
HIST-00147,E0019,Pinnacle Signage,2024-03-27,242.44,SGD,H574656,Routine historical business expense,REIMBURSED,PRJ-029,GROUND_TRANSPORT,
HIST-00738,E0094,Riverside Cafe,2024-04-27,242.45,SGD,H242137,Routine historical business expense,REIMBURSED,PRJ-033,SOFTWARE,
HIST-00119,E0016,Riverside Cafe,2025-12-10,242.53,SGD,H440992,Routine historical business expense,REIMBURSED,PRJ-025,AIRFARE,
HIST-01649,E0208,Green Leaf Catering,2026-12-13,242.54,SGD,H805590,Routine historical business expense,REIMBURSED,PRJ-044,EQUIPMENT,
HIST-02177,E0274,Paper & Pen Depot,2026-01-20,242.78,SGD,H274660,Routine historical business expense,REIMBURSED,PRJ-054,GROUND_TRANSPORT,
HIST-01521,E0193,Pinnacle Signage,2025-06-03,242.83,SGD,H908894,Routine historical business expense,REIMBURSED,PRJ-052,AIRFARE,
HIST-01091,E0138,Metro Print Shop,2025-10-14,24216.08,JPY,H467287,Routine historical business expense,REIMBURSED,PRJ-041,SOFTWARE,
HIST-02082,E0263,Northside Pharmacy,2025-07-05,2427.13,INR,H523593,Routine historical business expense,REIMBURSED,PRJ-015,HOTEL,
HIST-01267,E0160,Tech Repair Lab,2024-09-17,243.04,SGD,H733349,Routine historical business expense,REIMBURSED,PRJ-028,GROUND_TRANSPORT,
HIST-00976,E0124,TransitCard Top-up,2026-11-02,243.29,SGD,H775604,Routine historical business expense,REIMBURSED,PRJ-025,AIRFARE,
HIST-01458,E0184,City Parking Services,2025-10-18,243.55,SGD,H610123,Routine historical business expense,REIMBURSED,PRJ-049,EQUIPMENT,
HIST-00840,E0107,City Parking Services,2026-04-28,2430.32,INR,H257667,Routine historical business expense,REIMBURSED,PRJ-027,AIRFARE,
HIST-00613,E0079,Northside Pharmacy,2026-03-23,244.04,SGD,H493201,Routine historical business expense,REIMBURSED,PRJ-003,AIRFARE,
HIST-02127,E0268,Airport Express Kiosk,2026-03-02,244.37,SGD,H892607,Routine historical business expense,REIMBURSED,PRJ-006,EQUIPMENT,
HIST-00704,E0090,Airport Express Kiosk,2025-03-06,24422.72,JPY,H862720,Routine historical business expense,REIMBURSED,PRJ-019,AIRFARE,
HIST-00846,E0108,Harbor Office Supply,2025-10-08,24426.05,JPY,H571644,Routine historical business expense,REIMBURSED,PRJ-048,GROUND_TRANSPORT,
HIST-00691,E0089,Paper & Pen Depot,2026-05-15,2444.99,INR,H541038,Routine historical business expense,REIMBURSED,PRJ-026,MEAL_CLIENT,
HIST-01183,E0150,Blue Line Couriers,2025-05-22,24463.49,JPY,H992287,Routine historical business expense,REIMBURSED,PRJ-033,HOTEL,
HIST-01284,E0162,Paper & Pen Depot,2025-11-08,24495.84,JPY,H662499,Routine historical business expense,REIMBURSED,PRJ-033,GROUND_TRANSPORT,
HIST-00618,E0079,TransitCard Top-up,2026-08-23,245.65,SGD,H951604,Routine historical business expense,REIMBURSED,PRJ-046,AIRFARE,
PREV-00014,E0102,PeriphPoint,2026-02-10,24500,JPY,H469547,Project equipment purchase,REIMBURSED,PRJ-011,EQUIPMENT,
HIST-02024,E0255,Northside Pharmacy,2025-11-07,24521.68,JPY,H292239,Routine historical business expense,REIMBURSED,PRJ-029,GROUND_TRANSPORT,
HIST-00888,E0113,Harvest Deli,2025-09-04,2455.26,INR,H858147,Routine historical business expense,REIMBURSED,PRJ-008,MEAL_EMPLOYEE,
HIST-00937,E0120,City Parking Services,2026-04-11,24571.07,JPY,H731018,Routine historical business expense,REIMBURSED,PRJ-014,OTHER,
HIST-01812,E0228,Airport Express Kiosk,2026-04-17,24578.15,JPY,H918145,Routine historical business expense,REIMBURSED,PRJ-018,GROUND_TRANSPORT,
HIST-00418,E0054,Bridge Street Grocer,2024-05-07,24580.01,JPY,H915216,Routine historical business expense,REIMBURSED,PRJ-014,SOFTWARE,
HIST-02318,E0291,Lantern Printing,2024-01-05,24583.44,JPY,H991822,Routine historical business expense,REIMBURSED,PRJ-012,EQUIPMENT,
HIST-01746,E0220,QuickFix IT Services,2026-02-27,246.05,SGD,H769740,Routine historical business expense,REIMBURSED,PRJ-038,GROUND_TRANSPORT,
HIST-02028,E0256,Harbor Office Supply,2025-12-21,246.29,SGD,H832138,Routine historical business expense,REIMBURSED,PRJ-053,SOFTWARE,
HIST-00282,E0037,Summit Uniforms,2025-05-11,246.4,SGD,H651018,Routine historical business expense,REIMBURSED,PRJ-010,MEAL_CLIENT,
HIST-00530,E0067,Summit Uniforms,2026-03-24,246.48,SGD,H702232,Routine historical business expense,REIMBURSED,PRJ-038,OTHER,
HIST-00881,E0112,City Parking Services,2025-03-18,246.53,SGD,H643803,Routine historical business expense,REIMBURSED,PRJ-007,HOTEL,
HIST-02128,E0268,Anchor Water Co,2026-09-22,246.67,SGD,H296445,Routine historical business expense,REIMBURSED,PRJ-016,SOFTWARE,
HIST-02073,E0262,Delta Copy Centre,2024-05-14,246.89,SGD,H830437,Routine historical business expense,REIMBURSED,PRJ-013,OTHER,
HIST-01376,E0174,Sunrise Bookstore,2025-10-04,24606.47,JPY,H369756,Routine historical business expense,REIMBURSED,PRJ-008,MEAL_CLIENT,
HIST-02168,E0273,Bridge Street Grocer,2025-07-24,2463.43,JPY,H695497,Routine historical business expense,REIMBURSED,PRJ-024,OTHER,
HIST-01233,E0155,Urban Laundry,2024-07-16,2464.88,INR,H475227,Routine historical business expense,REIMBURSED,PRJ-057,HOTEL,
HIST-00584,E0075,City Parking Services,2026-09-11,24665.19,JPY,H453207,Routine historical business expense,REIMBURSED,PRJ-045,HOTEL,
HIST-01535,E0195,Metro Print Shop,2026-06-14,24696.68,JPY,H595434,Routine historical business expense,REIMBURSED,PRJ-059,MEAL_EMPLOYEE,
HIST-00349,E0046,Metro Print Shop,2025-03-24,247.19,SGD,H351014,Routine historical business expense,REIMBURSED,PRJ-004,HOTEL,
HIST-01414,E0178,Urban Laundry,2025-01-26,247.8,SGD,H536111,Routine historical business expense,REIMBURSED,PRJ-043,OTHER,
HIST-01552,E0197,Harvest Deli,2025-07-21,2470.4,INR,H757114,Routine historical business expense,REIMBURSED,PRJ-016,AIRFARE,
HIST-00396,E0051,Delta Copy Centre,2026-07-09,24726.46,JPY,H231465,Routine historical business expense,REIMBURSED,PRJ-026,HOTEL,
HIST-00302,E0039,Riverside Cafe,2024-10-15,24771.91,JPY,H933310,Routine historical business expense,REIMBURSED,PRJ-041,OTHER,
HIST-00916,E0117,Metro Print Shop,2024-06-16,24776.94,JPY,H821799,Routine historical business expense,REIMBURSED,PRJ-042,MEAL_EMPLOYEE,
HIST-01013,E0129,Bridge Street Grocer,2025-01-08,24794.94,JPY,H241137,Routine historical business expense,REIMBURSED,PRJ-020,OTHER,
HIST-00114,E0016,Lunch Bowl Cafe,2026-10-22,248.36,SGD,H651439,Routine historical business expense,REIMBURSED,PRJ-010,MEAL_EMPLOYEE,
HIST-00218,E0028,Paper & Pen Depot,2026-10-26,248.73,SGD,H738566,Routine historical business expense,REIMBURSED,PRJ-044,HOTEL,
HIST-02220,E0280,Metro Print Shop,2024-09-25,248.73,SGD,H873432,Routine historical business expense,REIMBURSED,PRJ-003,OTHER,
HIST-00167,E0022,TransitCard Top-up,2025-02-20,248.75,SGD,H119128,Routine historical business expense,REIMBURSED,PRJ-059,SOFTWARE,
HIST-02240,E0282,Sunrise Bookstore,2024-06-17,24816.59,JPY,H125199,Routine historical business expense,REIMBURSED,PRJ-006,MEAL_CLIENT,
HIST-02309,E0290,Anchor Water Co,2024-08-23,2484.79,INR,H264611,Routine historical business expense,REIMBURSED,PRJ-025,OTHER,
HIST-00892,E0114,TransitCard Top-up,2025-03-24,24872.07,JPY,H342742,Routine historical business expense,REIMBURSED,PRJ-048,HOTEL,
HIST-01139,E0144,Northside Pharmacy,2026-01-13,24899.57,JPY,H328392,Routine historical business expense,REIMBURSED,PRJ-019,MEAL_CLIENT,
HIST-00880,E0112,Summit Uniforms,2026-10-07,249.36,SGD,H604722,Routine historical business expense,REIMBURSED,PRJ-060,SOFTWARE,
HIST-00096,E0013,Lunch Bowl Cafe,2024-03-15,249.36,SGD,H726641,Routine historical business expense,REIMBURSED,PRJ-028,HOTEL,
HIST-02149,E0271,Pinnacle Signage,2026-11-11,249.4,SGD,H222553,Routine historical business expense,REIMBURSED,PRJ-059,EQUIPMENT,
HIST-00742,E0095,Harbor Office Supply,2025-05-11,2494.05,INR,H868035,Routine historical business expense,REIMBURSED,PRJ-020,MEAL_EMPLOYEE,
HIST-02060,E0260,TransitCard Top-up,2025-12-03,2496.03,INR,H682476,Routine historical business expense,REIMBURSED,PRJ-001,MEAL_CLIENT,
HIST-01868,E0235,Lantern Printing,2025-05-24,25.26,SGD,H655814,Routine historical business expense,REIMBURSED,PRJ-060,GROUND_TRANSPORT,
HIST-01767,E0223,Harvest Deli,2026-08-24,25.48,SGD,H883157,Routine historical business expense,REIMBURSED,PRJ-007,SOFTWARE,
HIST-01192,E0151,Tech Repair Lab,2024-03-20,25.56,SGD,H773407,Routine historical business expense,REIMBURSED,PRJ-002,MEAL_CLIENT,
HIST-00401,E0052,Delta Copy Centre,2025-11-27,25.61,SGD,H240045,Routine historical business expense,REIMBURSED,PRJ-014,HOTEL,
HIST-00969,E0124,Northside Pharmacy,2025-01-15,25.79,SGD,H668114,Routine historical business expense,REIMBURSED,PRJ-027,SOFTWARE,
HIST-02011,E0253,QuickFix IT Services,2024-08-26,250.02,SGD,H380075,Routine historical business expense,REIMBURSED,PRJ-018,GROUND_TRANSPORT,
PREV-00041,E0212,Northwind Institute,2026-02-11,2500,SGD,H165289,External course,REIMBURSED,,TRAINING,
PREV-00044,E0288,Apex Learning,2025-03-12,2500,SGD,H196733,External course,REIMBURSED,,TRAINING,
PREV-00015,E0251,OfficeMart,2026-04-07,25000,JPY,H245888,Project equipment purchase,REIMBURSED,PRJ-012,EQUIPMENT,
HIST-01116,E0140,Harvest Deli,2025-11-07,2503.92,INR,H136156,Routine historical business expense,REIMBURSED,PRJ-011,SOFTWARE,
HIST-00941,E0120,TransitCard Top-up,2026-08-12,25033.32,JPY,H909750,Routine historical business expense,REIMBURSED,PRJ-050,MEAL_CLIENT,
HIST-00656,E0084,Evergreen Florists,2026-03-15,25077.16,JPY,H740237,Routine historical business expense,REIMBURSED,PRJ-052,EQUIPMENT,
HIST-00343,E0045,Airport Express Kiosk,2024-05-02,25085.72,JPY,H820906,Routine historical business expense,REIMBURSED,PRJ-059,MEAL_CLIENT,
HIST-00925,E0118,Green Leaf Catering,2026-04-16,251.32,SGD,H465678,Routine historical business expense,REIMBURSED,PRJ-050,MEAL_CLIENT,
HIST-00896,E0115,Bridge Street Grocer,2024-04-07,251.5,SGD,H633327,Routine historical business expense,REIMBURSED,PRJ-056,AIRFARE,
HIST-01980,E0250,Northside Pharmacy,2025-08-14,251.53,SGD,H911815,Routine historical business expense,REIMBURSED,PRJ-031,SOFTWARE,
HIST-01798,E0226,Airport Express Kiosk,2025-09-05,251.66,SGD,H711576,Routine historical business expense,REIMBURSED,PRJ-044,SOFTWARE,
HIST-00544,E0069,Airport Express Kiosk,2024-07-25,25144.23,JPY,H255064,Routine historical business expense,REIMBURSED,PRJ-028,OTHER,
HIST-00531,E0067,Northside Pharmacy,2024-06-18,252.11,SGD,H279098,Routine historical business expense,REIMBURSED,PRJ-030,HOTEL,
HIST-01336,E0169,City Parking Services,2024-08-18,252.12,SGD,H280420,Routine historical business expense,REIMBURSED,PRJ-043,OTHER,
HIST-01740,E0220,Harbor Office Supply,2024-12-19,252.18,SGD,H359767,Routine historical business expense,REIMBURSED,PRJ-028,GROUND_TRANSPORT,
HIST-01128,E0142,Delta Copy Centre,2025-03-14,252.29,SGD,H447094,Routine historical business expense,REIMBURSED,PRJ-045,SOFTWARE,
HIST-02194,E0277,Bridge Street Grocer,2026-11-19,252.41,SGD,H903117,Routine historical business expense,REIMBURSED,PRJ-060,HOTEL,
HIST-01622,E0205,Lantern Printing,2025-04-25,252.81,SGD,H206361,Routine historical business expense,REIMBURSED,PRJ-033,AIRFARE,
HIST-02297,E0288,Metro Print Shop,2025-06-27,25230.3,JPY,H262963,Routine historical business expense,REIMBURSED,PRJ-005,OTHER,
HIST-00918,E0117,Central Stationers,2024-11-10,25233.0,JPY,H444633,Routine historical business expense,REIMBURSED,PRJ-022,AIRFARE,
HIST-01537,E0195,Bridge Street Grocer,2025-09-27,2525.6,JPY,H871150,Routine historical business expense,REIMBURSED,PRJ-035,MEAL_CLIENT,
HIST-02365,E0297,Riverside Cafe,2026-01-08,25250.58,JPY,H659544,Routine historical business expense,REIMBURSED,PRJ-036,EQUIPMENT,
HIST-01790,E0225,Metro Print Shop,2024-11-14,25269.52,JPY,H180395,Routine historical business expense,REIMBURSED,PRJ-006,OTHER,
HIST-02216,E0279,Corner Bakery Co,2024-12-10,25279.09,JPY,H748054,Routine historical business expense,REIMBURSED,PRJ-036,HOTEL,
HIST-01187,E0150,Green Leaf Catering,2025-01-16,2528.92,JPY,H586809,Routine historical business expense,REIMBURSED,PRJ-052,SOFTWARE,
HIST-00595,E0076,City Parking Services,2025-08-09,253.07,SGD,H473677,Routine historical business expense,REIMBURSED,PRJ-021,GROUND_TRANSPORT,
HIST-00795,E0102,Central Stationers,2025-02-07,25315.6,JPY,H982900,Routine historical business expense,REIMBURSED,PRJ-055,EQUIPMENT,
HIST-01886,E0237,Green Leaf Catering,2026-02-20,25334.18,JPY,H701536,Routine historical business expense,REIMBURSED,PRJ-039,OTHER,
HIST-00676,E0087,Skyview Coffee,2024-04-06,25363.0,JPY,H702733,Routine historical business expense,REIMBURSED,PRJ-018,OTHER,
HIST-01793,E0226,Delta Copy Centre,2024-04-20,254.59,SGD,H687952,Routine historical business expense,REIMBURSED,PRJ-040,HOTEL,
HIST-00899,E0115,Harbor Office Supply,2025-08-27,254.63,SGD,H262379,Routine historical business expense,REIMBURSED,PRJ-031,GROUND_TRANSPORT,
HIST-00121,E0016,Urban Laundry,2025-10-03,254.67,SGD,H295226,Routine historical business expense,REIMBURSED,PRJ-005,AIRFARE,
HIST-02274,E0286,Skyview Coffee,2025-08-22,254.96,SGD,H250865,Routine historical business expense,REIMBURSED,PRJ-046,MEAL_EMPLOYEE,
HIST-00148,E0019,Corner Bakery Co,2026-09-24,254.99,SGD,H419763,Routine historical business expense,REIMBURSED,PRJ-054,GROUND_TRANSPORT,
HIST-00274,E0036,Harbor Office Supply,2024-01-03,25417.08,JPY,H878914,Routine historical business expense,REIMBURSED,PRJ-040,OTHER,
HIST-00443,E0057,City Parking Services,2026-08-05,25424.95,JPY,H282315,Routine historical business expense,REIMBURSED,PRJ-041,EQUIPMENT,
HIST-02192,E0276,Harbor Office Supply,2024-10-13,25472.79,JPY,H786141,Routine historical business expense,REIMBURSED,PRJ-021,SOFTWARE,
HIST-02340,E0294,Metro Print Shop,2026-08-27,25479.46,JPY,H351496,Routine historical business expense,REIMBURSED,PRJ-022,MEAL_EMPLOYEE,
HIST-00327,E0042,Paper & Pen Depot,2024-01-04,25485.63,JPY,H913595,Routine historical business expense,REIMBURSED,PRJ-006,HOTEL,
HIST-00157,E0021,Paper & Pen Depot,2025-08-03,25490.7,JPY,H123260,Routine historical business expense,REIMBURSED,PRJ-059,SOFTWARE,
HIST-00025,E0004,QuickFix IT Services,2025-03-28,255.67,SGD,H898390,Routine historical business expense,REIMBURSED,PRJ-014,OTHER,
HIST-02228,E0280,Blue Line Couriers,2025-07-01,255.69,SGD,H548405,Routine historical business expense,REIMBURSED,PRJ-045,GROUND_TRANSPORT,
HIST-00831,E0106,Summit Uniforms,2026-04-06,255.98,SGD,H587244,Routine historical business expense,REIMBURSED,PRJ-050,AIRFARE,
HIST-02300,E0289,Northside Pharmacy,2024-11-10,256.2,SGD,H985444,Routine historical business expense,REIMBURSED,PRJ-048,GROUND_TRANSPORT,
HIST-01625,E0205,Lunch Bowl Cafe,2025-10-12,256.58,SGD,H195671,Routine historical business expense,REIMBURSED,PRJ-042,MEAL_CLIENT,
HIST-01985,E0250,Central Stationers,2026-10-11,256.58,SGD,H260066,Routine historical business expense,REIMBURSED,PRJ-042,SOFTWARE,
HIST-01380,E0175,Paper & Pen Depot,2025-01-08,256.77,SGD,H901861,Routine historical business expense,REIMBURSED,PRJ-049,AIRFARE,
HIST-01436,E0181,Sunrise Bookstore,2026-11-01,256.86,SGD,H574407,Routine historical business expense,REIMBURSED,PRJ-049,MEAL_CLIENT,
HIST-01582,E0201,Northside Pharmacy,2025-03-10,25600.39,JPY,H342992,Routine historical business expense,REIMBURSED,PRJ-020,SOFTWARE,
HIST-00928,E0119,Paper & Pen Depot,2024-05-22,2564.39,INR,H863343,Routine historical business expense,REIMBURSED,PRJ-036,EQUIPMENT,
HIST-00370,E0048,Skyview Coffee,2025-08-25,25659.93,JPY,H351839,Routine historical business expense,REIMBURSED,PRJ-028,AIRFARE,
HIST-01102,E0139,Harbor Office Supply,2024-07-13,257.12,SGD,H804573,Routine historical business expense,REIMBURSED,PRJ-005,GROUND_TRANSPORT,
HIST-00398,E0052,Riverside Cafe,2025-07-03,257.29,SGD,H946439,Routine historical business expense,REIMBURSED,PRJ-004,AIRFARE,
HIST-01337,E0169,Urban Laundry,2025-12-13,257.52,SGD,H435602,Routine historical business expense,REIMBURSED,PRJ-029,HOTEL,
HIST-00454,E0058,Harvest Deli,2026-06-23,257.76,SGD,H804840,Routine historical business expense,REIMBURSED,PRJ-035,OTHER,
HIST-00074,E0010,Airport Express Kiosk,2025-10-18,257.89,SGD,H583155,Routine historical business expense,REIMBURSED,PRJ-038,AIRFARE,
HIST-00610,E0078,Blue Line Couriers,2026-07-06,2570.09,JPY,H920492,Routine historical business expense,REIMBURSED,PRJ-051,HOTEL,
HIST-00653,E0084,Riverside Cafe,2024-12-09,25792.63,JPY,H489972,Routine historical business expense,REIMBURSED,PRJ-003,HOTEL,
HIST-00805,E0103,Lunch Bowl Cafe,2025-12-23,258.37,SGD,H288314,Routine historical business expense,REIMBURSED,PRJ-048,HOTEL,
HIST-01292,E0163,Urban Laundry,2026-05-17,258.62,SGD,H607867,Routine historical business expense,REIMBURSED,PRJ-004,MEAL_EMPLOYEE,
HIST-01104,E0139,Sunrise Bookstore,2026-07-14,258.65,SGD,H903012,Routine historical business expense,REIMBURSED,PRJ-049,AIRFARE,
HIST-00170,E0022,Lantern Printing,2025-04-21,258.89,SGD,H633001,Routine historical business expense,REIMBURSED,PRJ-030,GROUND_TRANSPORT,
HIST-01999,E0252,Lunch Bowl Cafe,2026-06-09,25817.23,JPY,H575966,Routine historical business expense,REIMBURSED,PRJ-024,MEAL_CLIENT,
HIST-01282,E0162,Lantern Printing,2026-01-04,25844.82,JPY,H389455,Routine historical business expense,REIMBURSED,PRJ-052,EQUIPMENT,
HIST-00744,E0095,City Parking Services,2024-11-06,2588.75,INR,H449735,Routine historical business expense,REIMBURSED,PRJ-051,AIRFARE,
HIST-02090,E0264,Northside Pharmacy,2026-01-28,25891.69,JPY,H774352,Routine historical business expense,REIMBURSED,PRJ-055,MEAL_CLIENT,
HIST-01984,E0250,Paper & Pen Depot,2024-12-07,259.5,SGD,H923895,Routine historical business expense,REIMBURSED,PRJ-012,OTHER,
HIST-01623,E0205,Anchor Water Co,2026-05-06,259.62,SGD,H928502,Routine historical business expense,REIMBURSED,PRJ-040,MEAL_EMPLOYEE,
HIST-00843,E0108,Corner Bakery Co,2026-05-28,25914.8,JPY,H332198,Routine historical business expense,REIMBURSED,PRJ-027,OTHER,
HIST-02343,E0294,Pinnacle Signage,2024-11-21,25917.22,JPY,H817791,Routine historical business expense,REIMBURSED,PRJ-033,EQUIPMENT,
HIST-01976,E0249,Harvest Deli,2026-02-10,25943.73,JPY,H224208,Routine historical business expense,REIMBURSED,PRJ-025,SOFTWARE,
HIST-02264,E0285,Riverside Cafe,2025-06-23,2597.28,JPY,H166448,Routine historical business expense,REIMBURSED,PRJ-056,GROUND_TRANSPORT,
HIST-01396,E0177,Lunch Bowl Cafe,2024-03-14,25998.2,JPY,H782124,Routine historical business expense,REIMBURSED,PRJ-044,MEAL_EMPLOYEE,
HIST-01963,E0247,City Parking Services,2026-04-23,26.09,SGD,H403713,Routine historical business expense,REIMBURSED,PRJ-033,HOTEL,
HIST-00263,E0034,TransitCard Top-up,2026-02-13,26.41,SGD,H590283,Routine historical business expense,REIMBURSED,PRJ-013,SOFTWARE,
HIST-00146,E0019,Bridge Street Grocer,2024-07-23,26.65,SGD,H134224,Routine historical business expense,REIMBURSED,PRJ-051,MEAL_EMPLOYEE,
HIST-02146,E0271,Metro Print Shop,2025-09-15,26.88,SGD,H341772,Routine historical business expense,REIMBURSED,PRJ-060,EQUIPMENT,
HIST-00808,E0103,Central Stationers,2026-11-26,26.92,SGD,H944246,Routine historical business expense,REIMBURSED,PRJ-038,AIRFARE,
PREV-N0015,E0023,Helix Docs,2025-02-24,260.0,SGD,H213424,Different expense type,REIMBURSED,,OTHER,
PREV-N0013,E0023,Helix Docs,2025-02-15,260.0,SGD,H256917,Ad hoc purchase,REIMBURSED,PRJ-020,SOFTWARE,
PREV-N0014,E0196,Helix Docs,2025-02-25,260.0,SGD,H828863,"Other employee, same charge",REIMBURSED,,SOFTWARE,
PREV-N0040,E0271,DeskWorks,2025-09-19,26000.0,JPY,H108002,Ad hoc purchase,REIMBURSED,PRJ-013,EQUIPMENT,
PREV-N0042,E0271,DeskWorks,2025-10-05,26000.0,JPY,H282167,Different expense type,REIMBURSED,,OTHER,
PREV-N0041,E0147,DeskWorks,2025-10-06,26000.0,JPY,H416359,"Other employee, same charge",REIMBURSED,,EQUIPMENT,
HIST-00682,E0087,Lunch Bowl Cafe,2024-12-05,26001.42,JPY,H609017,Routine historical business expense,REIMBURSED,PRJ-046,EQUIPMENT,
HIST-01964,E0248,Sunrise Bookstore,2026-02-16,2606.44,INR,H431917,Routine historical business expense,REIMBURSED,PRJ-015,GROUND_TRANSPORT,
HIST-01736,E0219,Blue Line Couriers,2025-02-19,26093.15,JPY,H192340,Routine historical business expense,REIMBURSED,PRJ-029,OTHER,
HIST-01446,E0183,Anchor Water Co,2024-02-10,26103.45,JPY,H304088,Routine historical business expense,REIMBURSED,PRJ-019,MEAL_CLIENT,
HIST-00140,E0018,Lantern Printing,2026-07-04,26137.58,JPY,H608027,Routine historical business expense,REIMBURSED,PRJ-046,AIRFARE,
HIST-00845,E0108,Bridge Street Grocer,2024-03-19,26148.13,JPY,H348537,Routine historical business expense,REIMBURSED,PRJ-031,SOFTWARE,
HIST-01260,E0159,Northside Pharmacy,2025-12-23,26174.82,JPY,H932978,Routine historical business expense,REIMBURSED,PRJ-053,SOFTWARE,
HIST-01761,E0222,Central Stationers,2025-12-02,26180.4,JPY,H986503,Routine historical business expense,REIMBURSED,PRJ-044,MEAL_CLIENT,
HIST-01286,E0162,Green Leaf Catering,2026-05-26,26214.16,JPY,H858085,Routine historical business expense,REIMBURSED,PRJ-006,MEAL_EMPLOYEE,
HIST-02341,E0294,Central Stationers,2026-08-25,26233.55,JPY,H234578,Routine historical business expense,REIMBURSED,PRJ-050,EQUIPMENT,
HIST-00993,E0126,Summit Uniforms,2024-02-24,26247.3,JPY,H374590,Routine historical business expense,REIMBURSED,PRJ-039,MEAL_EMPLOYEE,
PREV-00006,E0023,Helix Docs,2025-02-25,263.9,SGD,H320625,Design tool seat,REIMBURSED,,SOFTWARE,
HIST-01241,E0156,Urban Laundry,2024-05-20,26315.04,JPY,H534560,Routine historical business expense,REIMBURSED,PRJ-031,SOFTWARE,
HIST-00319,E0042,Tech Repair Lab,2024-04-20,2632.74,JPY,H246252,Routine historical business expense,REIMBURSED,PRJ-041,EQUIPMENT,
HIST-02039,E0257,Pinnacle Signage,2026-07-11,2634.35,INR,H429208,Routine historical business expense,REIMBURSED,PRJ-029,OTHER,
HIST-00945,E0120,Bridge Street Grocer,2024-01-04,2640.84,JPY,H759683,Routine historical business expense,REIMBURSED,PRJ-053,OTHER,
HIST-02117,E0267,Lantern Printing,2025-09-02,26422.11,JPY,H569545,Routine historical business expense,REIMBURSED,PRJ-030,EQUIPMENT,
HIST-02143,E0270,Pinnacle Signage,2024-07-13,26433.44,JPY,H313767,Routine historical business expense,REIMBURSED,PRJ-021,HOTEL,
HIST-01067,E0135,Paper & Pen Depot,2024-08-07,26457.6,JPY,H467728,Routine historical business expense,REIMBURSED,PRJ-003,MEAL_CLIENT,
HIST-00159,E0021,Harbor Office Supply,2024-06-03,26490.55,JPY,H221650,Routine historical business expense,REIMBURSED,PRJ-058,SOFTWARE,
HIST-00752,E0096,Central Stationers,2024-11-18,26497.44,JPY,H217422,Routine historical business expense,REIMBURSED,PRJ-022,SOFTWARE,
HIST-00963,E0123,Lunch Bowl Cafe,2025-12-24,26509.71,JPY,H766309,Routine historical business expense,REIMBURSED,PRJ-047,GROUND_TRANSPORT,
HIST-00629,E0081,Central Stationers,2024-02-01,26519.53,JPY,H114266,Routine historical business expense,REIMBURSED,PRJ-043,AIRFARE,
HIST-01303,E0165,Airport Express Kiosk,2025-12-02,26528.32,JPY,H364133,Routine historical business expense,REIMBURSED,PRJ-048,AIRFARE,
HIST-01097,E0138,City Parking Services,2026-06-28,26543.09,JPY,H737375,Routine historical business expense,REIMBURSED,PRJ-047,EQUIPMENT,
HIST-02252,E0284,Sunrise Bookstore,2025-10-13,2656.29,INR,H919783,Routine historical business expense,REIMBURSED,PRJ-055,GROUND_TRANSPORT,
HIST-00472,E0060,Central Stationers,2024-02-27,26648.82,JPY,H940551,Routine historical business expense,REIMBURSED,PRJ-006,OTHER,
HIST-01210,E0153,Evergreen Florists,2024-10-26,26663.3,JPY,H859309,Routine historical business expense,REIMBURSED,PRJ-053,MEAL_EMPLOYEE,
HIST-00566,E0072,TransitCard Top-up,2025-12-02,26685.57,JPY,H355847,Routine historical business expense,REIMBURSED,PRJ-054,SOFTWARE,
HIST-00298,E0039,Bridge Street Grocer,2024-11-25,26702.31,JPY,H291205,Routine historical business expense,REIMBURSED,PRJ-027,EQUIPMENT,
HIST-00700,E0090,Paper & Pen Depot,2024-04-11,26708.87,JPY,H728131,Routine historical business expense,REIMBURSED,PRJ-005,MEAL_CLIENT,
HIST-01117,E0141,Pinnacle Signage,2025-05-10,26715.61,JPY,H671001,Routine historical business expense,REIMBURSED,PRJ-051,MEAL_CLIENT,
HIST-00141,E0018,TransitCard Top-up,2025-02-28,2672.34,JPY,H421849,Routine historical business expense,REIMBURSED,PRJ-021,OTHER,
HIST-01430,E0180,Corner Bakery Co,2026-10-03,26790.6,JPY,H781022,Routine historical business expense,REIMBURSED,PRJ-011,MEAL_EMPLOYEE,
HIST-00161,E0021,Paper & Pen Depot,2025-02-21,26819.61,JPY,H560154,Routine historical business expense,REIMBURSED,PRJ-035,MEAL_EMPLOYEE,
HIST-01883,E0237,Pinnacle Signage,2024-05-04,26844.36,JPY,H171852,Routine historical business expense,REIMBURSED,PRJ-045,OTHER,
HIST-00747,E0096,Metro Print Shop,2025-04-21,26871.71,JPY,H743961,Routine historical business expense,REIMBURSED,PRJ-028,AIRFARE,
HIST-00180,E0024,Green Leaf Catering,2025-07-04,26925.44,JPY,H416483,Routine historical business expense,REIMBURSED,PRJ-060,AIRFARE,
HIST-01712,E0216,Metro Print Shop,2026-09-10,26943.16,JPY,H856596,Routine historical business expense,REIMBURSED,PRJ-023,GROUND_TRANSPORT,
HIST-00965,E0123,Metro Print Shop,2026-10-04,26965.46,JPY,H205562,Routine historical business expense,REIMBURSED,PRJ-036,AIRFARE,
HIST-01661,E0210,Riverside Cafe,2026-11-05,26969.94,JPY,H237175,Routine historical business expense,REIMBURSED,PRJ-028,MEAL_CLIENT,
HIST-02236,E0282,Blue Line Couriers,2026-12-12,26986.35,JPY,H563251,Routine historical business expense,REIMBURSED,PRJ-028,OTHER,
HIST-00158,E0021,Blue Line Couriers,2025-05-18,2700.75,JPY,H684760,Routine historical business expense,REIMBURSED,PRJ-028,AIRFARE,
HIST-00060,E0008,Blue Line Couriers,2025-07-14,2705.26,INR,H365261,Routine historical business expense,REIMBURSED,PRJ-060,MEAL_CLIENT,
HIST-00065,E0009,Bridge Street Grocer,2025-03-23,27083.44,JPY,H645847,Routine historical business expense,REIMBURSED,PRJ-051,MEAL_CLIENT,
HIST-01863,E0234,Urban Laundry,2024-10-05,27135.95,JPY,H568414,Routine historical business expense,REIMBURSED,PRJ-017,GROUND_TRANSPORT,
HIST-00920,E0117,Harbor Office Supply,2026-06-02,27177.26,JPY,H221460,Routine historical business expense,REIMBURSED,PRJ-026,SOFTWARE,
HIST-00057,E0008,Bridge Street Grocer,2026-04-26,2719.49,INR,H187363,Routine historical business expense,REIMBURSED,PRJ-031,AIRFARE,
HIST-02065,E0261,City Parking Services,2025-04-20,27197.08,JPY,H429838,Routine historical business expense,REIMBURSED,PRJ-015,AIRFARE,
HIST-01038,E0132,Sunrise Bookstore,2024-01-28,27248.12,JPY,H422787,Routine historical business expense,REIMBURSED,PRJ-001,EQUIPMENT,
HIST-01485,E0188,Summit Uniforms,2026-04-26,2726.96,INR,H753091,Routine historical business expense,REIMBURSED,PRJ-019,SOFTWARE,
HIST-00632,E0081,Skyview Coffee,2025-06-26,27296.89,JPY,H464464,Routine historical business expense,REIMBURSED,PRJ-015,AIRFARE,
HIST-01427,E0180,Skyview Coffee,2025-03-27,27298.91,JPY,H223395,Routine historical business expense,REIMBURSED,PRJ-039,SOFTWARE,
HIST-00206,E0027,Sunrise Bookstore,2026-11-09,27324.87,JPY,H363626,Routine historical business expense,REIMBURSED,PRJ-040,OTHER,
HIST-00470,E0060,Riverside Cafe,2026-09-06,27377.82,JPY,H493525,Routine historical business expense,REIMBURSED,PRJ-035,HOTEL,
HIST-01095,E0138,Lantern Printing,2024-09-22,27380.31,JPY,H529510,Routine historical business expense,REIMBURSED,PRJ-022,EQUIPMENT,
HIST-02269,E0285,Lantern Printing,2024-08-12,27407.88,JPY,H411197,Routine historical business expense,REIMBURSED,PRJ-040,MEAL_EMPLOYEE,
HIST-00325,E0042,Northside Pharmacy,2025-05-12,27424.67,JPY,H750866,Routine historical business expense,REIMBURSED,PRJ-046,SOFTWARE,
HIST-01785,E0225,Pinnacle Signage,2024-05-08,27429.17,JPY,H914607,Routine historical business expense,REIMBURSED,PRJ-018,SOFTWARE,
HIST-00374,E0048,Harvest Deli,2026-05-03,27443.59,JPY,H281683,Routine historical business expense,REIMBURSED,PRJ-022,MEAL_EMPLOYEE,
HIST-01346,E0171,Bridge Street Grocer,2026-03-01,27493.23,JPY,H959361,Routine historical business expense,REIMBURSED,PRJ-009,OTHER,
PREV-00010,E0231,OfficeMart,2025-08-04,275,SGD,H563041,Project equipment purchase,REIMBURSED,PRJ-007,EQUIPMENT,
PREV-N0039,E0251,OfficeMart,2026-04-07,27500.0,JPY,H144050,Different expense type,REIMBURSED,,OTHER,
PREV-N0038,E0258,OfficeMart,2026-04-08,27500.0,JPY,H400106,"Other employee, same charge",REIMBURSED,,EQUIPMENT,
PREV-N0037,E0251,OfficeMart,2026-03-22,27500.0,JPY,H757661,Ad hoc purchase,REIMBURSED,PRJ-012,EQUIPMENT,
HIST-00773,E0099,Harvest Deli,2025-09-09,27549.91,JPY,H180957,Routine historical business expense,REIMBURSED,PRJ-025,SOFTWARE,
HIST-00563,E0072,Anchor Water Co,2026-10-02,27589.07,JPY,H994663,Routine historical business expense,REIMBURSED,PRJ-038,HOTEL,
HIST-01306,E0165,Northside Pharmacy,2025-09-28,27606.16,JPY,H761809,Routine historical business expense,REIMBURSED,PRJ-029,SOFTWARE,
HIST-01285,E0162,Airport Express Kiosk,2025-05-08,27614.51,JPY,H780407,Routine historical business expense,REIMBURSED,PRJ-031,GROUND_TRANSPORT,
HIST-00468,E0060,TransitCard Top-up,2025-12-18,27658.06,JPY,H664825,Routine historical business expense,REIMBURSED,PRJ-047,MEAL_CLIENT,
HIST-01929,E0243,Pinnacle Signage,2026-12-13,27673.28,JPY,H607905,Routine historical business expense,REIMBURSED,PRJ-009,SOFTWARE,
HIST-00061,E0009,Evergreen Florists,2025-08-06,27707.24,JPY,H898678,Routine historical business expense,REIMBURSED,PRJ-048,AIRFARE,
HIST-01514,E0192,Anchor Water Co,2026-11-06,27719.48,JPY,H865827,Routine historical business expense,REIMBURSED,PRJ-011,HOTEL,
HIST-02020,E0255,Central Stationers,2024-08-18,2772.34,JPY,H916807,Routine historical business expense,REIMBURSED,PRJ-044,MEAL_EMPLOYEE,
HIST-00326,E0042,Lunch Bowl Cafe,2025-10-02,27759.75,JPY,H456712,Routine historical business expense,REIMBURSED,PRJ-005,SOFTWARE,
HIST-00519,E0066,Pinnacle Signage,2025-06-13,27866.03,JPY,H975317,Routine historical business expense,REIMBURSED,PRJ-030,GROUND_TRANSPORT,
HIST-00796,E0102,Metro Print Shop,2025-12-25,27878.25,JPY,H470827,Routine historical business expense,REIMBURSED,PRJ-030,MEAL_CLIENT,
HIST-01140,E0144,Urban Laundry,2024-08-16,27879.66,JPY,H432794,Routine historical business expense,REIMBURSED,PRJ-053,OTHER,
HIST-00642,E0083,Evergreen Florists,2025-08-10,2789.87,INR,H763576,Routine historical business expense,REIMBURSED,PRJ-028,MEAL_CLIENT,
HIST-01020,E0129,Harbor Office Supply,2024-12-14,27894.62,JPY,H815253,Routine historical business expense,REIMBURSED,PRJ-006,HOTEL,
HIST-01919,E0242,Airport Express Kiosk,2026-08-14,2790.72,INR,H793383,Routine historical business expense,REIMBURSED,PRJ-022,HOTEL,
HIST-01484,E0188,Harbor Office Supply,2025-01-25,2792.39,INR,H353066,Routine historical business expense,REIMBURSED,PRJ-056,MEAL_CLIENT,
HIST-01454,E0183,Evergreen Florists,2024-11-13,27940.12,JPY,H547747,Routine historical business expense,REIMBURSED,PRJ-017,MEAL_CLIENT,
HIST-00488,E0062,Riverside Cafe,2026-09-16,2795.08,INR,H273189,Routine historical business expense,REIMBURSED,PRJ-015,MEAL_CLIENT,
HIST-02141,E0270,Harbor Office Supply,2025-11-24,27968.19,JPY,H820456,Routine historical business expense,REIMBURSED,PRJ-031,GROUND_TRANSPORT,
HIST-02109,E0266,Anchor Water Co,2025-01-03,2797.95,INR,H452084,Routine historical business expense,REIMBURSED,PRJ-030,EQUIPMENT,
HIST-01766,E0223,Central Stationers,2026-09-16,28.12,SGD,H936164,Routine historical business expense,REIMBURSED,PRJ-056,MEAL_CLIENT,
HIST-02276,E0286,Skyview Coffee,2026-08-21,28.6,SGD,H645930,Routine historical business expense,REIMBURSED,PRJ-036,GROUND_TRANSPORT,
HIST-01355,E0172,Evergreen Florists,2026-09-19,28.98,SGD,H651248,Routine historical business expense,REIMBURSED,PRJ-025,AIRFARE,
PREV-00009,E0215,ErgoStore,2026-08-02,280,SGD,H431120,Project equipment purchase,REIMBURSED,PRJ-006,EQUIPMENT,
PREV-N0035,E0091,PeriphPoint,2026-02-12,28000.0,JPY,H620911,"Other employee, same charge",REIMBURSED,,EQUIPMENT,
PREV-N0036,E0102,PeriphPoint,2026-02-11,28000.0,JPY,H724656,Different expense type,REIMBURSED,,OTHER,
PREV-N0034,E0102,PeriphPoint,2026-01-28,28000.0,JPY,H988871,Ad hoc purchase,REIMBURSED,PRJ-011,EQUIPMENT,
HIST-00587,E0075,Harvest Deli,2026-05-13,2808.06,JPY,H719707,Routine historical business expense,REIMBURSED,PRJ-026,OTHER,
HIST-01760,E0222,Paper & Pen Depot,2026-07-19,28087.98,JPY,H254443,Routine historical business expense,REIMBURSED,PRJ-056,GROUND_TRANSPORT,
PREV-00011,E0104,Keystone Supplies,2025-07-06,281,SGD,H922943,Project equipment purchase,REIMBURSED,PRJ-008,EQUIPMENT,
HIST-01907,E0240,Green Leaf Catering,2026-09-09,28108.18,JPY,H112240,Routine historical business expense,REIMBURSED,PRJ-023,MEAL_CLIENT,
HIST-00441,E0057,Sunrise Bookstore,2026-12-23,2813.38,JPY,H267622,Routine historical business expense,REIMBURSED,PRJ-060,OTHER,
HIST-01021,E0129,Riverside Cafe,2024-07-21,28159.82,JPY,H876500,Routine historical business expense,REIMBURSED,PRJ-008,OTHER,
HIST-00318,E0041,Metro Print Shop,2025-08-18,2818.81,INR,H634694,Routine historical business expense,REIMBURSED,PRJ-025,OTHER,
HIST-02314,E0291,City Parking Services,2025-10-26,28213.0,JPY,H169738,Routine historical business expense,REIMBURSED,PRJ-033,HOTEL,
HIST-01691,E0213,Delta Copy Centre,2024-06-15,28216.98,JPY,H490676,Routine historical business expense,REIMBURSED,PRJ-037,SOFTWARE,
HIST-00252,E0033,Delta Copy Centre,2024-06-03,28237.91,JPY,H457344,Routine historical business expense,REIMBURSED,PRJ-004,EQUIPMENT,
HIST-01641,E0207,Lantern Printing,2024-05-13,28240.1,JPY,H424933,Routine historical business expense,REIMBURSED,PRJ-034,EQUIPMENT,
HIST-00322,E0042,Corner Bakery Co,2026-02-01,28268.14,JPY,H333322,Routine historical business expense,REIMBURSED,PRJ-013,OTHER,
HIST-00052,E0008,Lunch Bowl Cafe,2024-05-11,2827.41,INR,H736052,Routine historical business expense,REIMBURSED,PRJ-052,SOFTWARE,
HIST-00915,E0117,Harvest Deli,2025-11-07,28280.31,JPY,H919774,Routine historical business expense,REIMBURSED,PRJ-015,OTHER,
HIST-00962,E0123,Tech Repair Lab,2024-10-15,28319.76,JPY,H331290,Routine historical business expense,REIMBURSED,PRJ-013,GROUND_TRANSPORT,
HIST-02041,E0257,Paper & Pen Depot,2025-03-14,2834.24,INR,H211061,Routine historical business expense,REIMBURSED,PRJ-045,EQUIPMENT,
HIST-00939,E0120,City Parking Services,2025-05-21,28341.41,JPY,H278453,Routine historical business expense,REIMBURSED,PRJ-056,SOFTWARE,
HIST-01764,E0222,Summit Uniforms,2026-01-20,28380.86,JPY,H590940,Routine historical business expense,REIMBURSED,PRJ-018,MEAL_CLIENT,
HIST-01213,E0153,Harbor Office Supply,2025-09-18,28388.37,JPY,H147276,Routine historical business expense,REIMBURSED,PRJ-051,OTHER,
HIST-01584,E0201,TransitCard Top-up,2026-09-27,28421.61,JPY,H515351,Routine historical business expense,REIMBURSED,PRJ-027,MEAL_EMPLOYEE,
HIST-02133,E0269,Blue Line Couriers,2026-04-15,2844.42,INR,H173179,Routine historical business expense,REIMBURSED,PRJ-023,HOTEL,
HIST-02162,E0273,Lunch Bowl Cafe,2026-03-15,2844.57,JPY,H840575,Routine historical business expense,REIMBURSED,PRJ-053,EQUIPMENT,
HIST-01553,E0197,Anchor Water Co,2024-10-18,2847.43,INR,H341633,Routine historical business expense,REIMBURSED,PRJ-005,GROUND_TRANSPORT,
HIST-02293,E0288,Corner Bakery Co,2026-06-11,28475.51,JPY,H669218,Routine historical business expense,REIMBURSED,PRJ-031,MEAL_EMPLOYEE,
HIST-00493,E0063,Pinnacle Signage,2025-08-01,28484.02,JPY,H149318,Routine historical business expense,REIMBURSED,PRJ-056,HOTEL,
HIST-01016,E0129,Delta Copy Centre,2025-09-23,28499.31,JPY,H494631,Routine historical business expense,REIMBURSED,PRJ-060,SOFTWARE,
PREV-N0025,E0231,OfficeMart,2025-07-31,285.0,SGD,H405543,Ad hoc purchase,REIMBURSED,PRJ-007,EQUIPMENT,
PREV-N0027,E0231,OfficeMart,2025-08-04,285.0,SGD,H537320,Different expense type,REIMBURSED,,OTHER,
PREV-N0026,E0275,OfficeMart,2025-08-05,285.0,SGD,H659324,"Other employee, same charge",REIMBURSED,,EQUIPMENT,
HIST-01329,E0168,Harvest Deli,2024-05-10,2855.07,JPY,H746616,Routine historical business expense,REIMBURSED,PRJ-029,EQUIPMENT,
HIST-01660,E0210,Bridge Street Grocer,2025-07-07,28581.29,JPY,H500251,Routine historical business expense,REIMBURSED,PRJ-009,EQUIPMENT,
HIST-01739,E0219,QuickFix IT Services,2026-06-27,2859.5,JPY,H546471,Routine historical business expense,REIMBURSED,PRJ-004,AIRFARE,
HIST-01810,E0228,Paper & Pen Depot,2026-02-12,2867.06,JPY,H862078,Routine historical business expense,REIMBURSED,PRJ-042,SOFTWARE,
HIST-00792,E0101,Skyview Coffee,2025-12-08,2869.13,INR,H935163,Routine historical business expense,REIMBURSED,PRJ-019,SOFTWARE,
HIST-01136,E0143,Central Stationers,2026-04-23,2875.91,INR,H660097,Routine historical business expense,REIMBURSED,PRJ-053,MEAL_EMPLOYEE,
HIST-01421,E0179,Bridge Street Grocer,2025-06-01,2877.9,INR,H549194,Routine historical business expense,REIMBURSED,PRJ-030,MEAL_EMPLOYEE,
HIST-00712,E0091,Metro Print Shop,2024-12-20,29.25,SGD,H167784,Routine historical business expense,REIMBURSED,PRJ-003,EQUIPMENT,
HIST-01960,E0247,Evergreen Florists,2024-10-12,29.33,SGD,H870698,Routine historical business expense,REIMBURSED,PRJ-055,SOFTWARE,
HIST-00924,E0118,Delta Copy Centre,2025-04-18,29.84,SGD,H231890,Routine historical business expense,REIMBURSED,PRJ-031,MEAL_EMPLOYEE,
HIST-00593,E0076,QuickFix IT Services,2024-10-09,29.89,SGD,H291387,Routine historical business expense,REIMBURSED,PRJ-056,MEAL_CLIENT,
HIST-00594,E0076,Summit Uniforms,2024-04-03,29.94,SGD,H318981,Routine historical business expense,REIMBURSED,PRJ-045,HOTEL,
PREV-N0024,E0215,ErgoStore,2026-08-03,290.0,SGD,H228967,Different expense type,REIMBURSED,,OTHER,
PREV-N0023,E0088,ErgoStore,2026-08-04,290.0,SGD,H556491,"Other employee, same charge",REIMBURSED,,EQUIPMENT,
PREV-N0022,E0215,ErgoStore,2026-07-24,290.0,SGD,H886702,Ad hoc purchase,REIMBURSED,PRJ-006,EQUIPMENT,
PREV-N0030,E0104,Keystone Supplies,2025-07-07,292.0,SGD,H275341,Different expense type,REIMBURSED,,OTHER,
PREV-N0029,E0011,Keystone Supplies,2025-07-08,292.0,SGD,H690441,"Other employee, same charge",REIMBURSED,,EQUIPMENT,
PREV-N0028,E0104,Keystone Supplies,2025-06-23,292.0,SGD,H875992,Ad hoc purchase,REIMBURSED,PRJ-008,EQUIPMENT,
HIST-00053,E0008,Urban Laundry,2026-11-01,2939.4,INR,H392136,Routine historical business expense,REIMBURSED,PRJ-026,GROUND_TRANSPORT,
HIST-00174,E0023,Urban Laundry,2024-12-27,2950.65,INR,H300497,Routine historical business expense,REIMBURSED,PRJ-017,OTHER,
HIST-01828,E0230,Urban Laundry,2024-07-16,2952.85,INR,H993986,Routine historical business expense,REIMBURSED,PRJ-040,EQUIPMENT,
HIST-01113,E0140,TransitCard Top-up,2026-09-15,2972.83,INR,H324911,Routine historical business expense,REIMBURSED,PRJ-034,OTHER,
HIST-02286,E0287,Skyview Coffee,2025-09-24,2979.15,INR,H305519,Routine historical business expense,REIMBURSED,PRJ-008,EQUIPMENT,
HIST-01797,E0226,Skyview Coffee,2025-09-13,30.61,SGD,H547172,Routine historical business expense,REIMBURSED,PRJ-006,AIRFARE,
HIST-01412,E0178,Corner Bakery Co,2025-02-10,30.64,SGD,H995775,Routine historical business expense,REIMBURSED,PRJ-007,EQUIPMENT,
HIST-00069,E0010,Central Stationers,2024-02-24,30.79,SGD,H967100,Routine historical business expense,REIMBURSED,PRJ-001,MEAL_CLIENT,
HIST-01791,E0226,Pinnacle Signage,2024-05-02,30.99,SGD,H735785,Routine historical business expense,REIMBURSED,PRJ-059,OTHER,
PREV-00039,E0014,Lighthouse Training,2025-02-11,3000,SGD,H120111,External course,REIMBURSED,,TRAINING,
PREV-00043,E0288,Cedar Professional Institute,2025-02-11,3000,SGD,H816061,External course,REIMBURSED,,TRAINING,
HIST-02381,E0299,Anchor Water Co,2024-10-04,3003.4,INR,H536342,Routine historical business expense,REIMBURSED,PRJ-009,OTHER,
HIST-00196,E0026,Skyview Coffee,2025-03-10,3012.95,INR,H112030,Routine historical business expense,REIMBURSED,PRJ-040,AIRFARE,
HIST-01081,E0137,Harvest Deli,2024-05-13,3023.68,INR,H360347,Routine historical business expense,REIMBURSED,PRJ-031,HOTEL,
HIST-00788,E0101,City Parking Services,2024-06-13,3042.53,INR,H963422,Routine historical business expense,REIMBURSED,PRJ-049,AIRFARE,
HIST-00171,E0023,TransitCard Top-up,2024-11-18,3045.46,INR,H190987,Routine historical business expense,REIMBURSED,PRJ-026,OTHER,
PREV-00004,E0025,CodeForge,2025-11-16,306.28,SGD,H132167,Design tool seat,REIMBURSED,,SOFTWARE,
HIST-02063,E0260,Metro Print Shop,2026-12-14,3067.21,INR,H511094,Routine historical business expense,REIMBURSED,PRJ-050,OTHER,
HIST-01085,E0137,Airport Express Kiosk,2025-10-06,3076.32,INR,H857431,Routine historical business expense,REIMBURSED,PRJ-034,OTHER,
HIST-01928,E0243,Bridge Street Grocer,2024-03-01,3088.31,JPY,H851889,Routine historical business expense,REIMBURSED,PRJ-007,MEAL_CLIENT,
HIST-00169,E0022,Skyview Coffee,2026-04-06,31.7,SGD,H411637,Routine historical business expense,REIMBURSED,PRJ-013,EQUIPMENT,
PREV-N0012,E0025,CodeForge,2025-11-17,310.0,SGD,H613796,Different expense type,REIMBURSED,,OTHER,
PREV-N0011,E0114,CodeForge,2025-11-18,310.0,SGD,H798922,"Other employee, same charge",REIMBURSED,,SOFTWARE,
PREV-N0010,E0025,CodeForge,2025-11-07,310.0,SGD,H815811,Ad hoc purchase,REIMBURSED,PRJ-031,SOFTWARE,
HIST-00011,E0002,Corner Bakery Co,2024-09-11,3110.03,INR,H463771,Routine historical business expense,REIMBURSED,PRJ-015,GROUND_TRANSPORT,
HIST-00086,E0012,Green Leaf Catering,2024-05-21,3128.64,JPY,H278488,Routine historical business expense,REIMBURSED,PRJ-007,EQUIPMENT,
HIST-01367,E0173,Anchor Water Co,2025-08-06,3129.29,INR,H227280,Routine historical business expense,REIMBURSED,PRJ-038,HOTEL,
HIST-00989,E0126,Skyview Coffee,2024-08-06,3152.89,JPY,H361377,Routine historical business expense,REIMBURSED,PRJ-057,MEAL_CLIENT,
HIST-02307,E0290,Urban Laundry,2026-09-17,3163.44,INR,H847903,Routine historical business expense,REIMBURSED,PRJ-021,SOFTWARE,
HIST-00412,E0053,Summit Uniforms,2024-05-27,3166.2,INR,H251286,Routine historical business expense,REIMBURSED,PRJ-009,GROUND_TRANSPORT,
HIST-00671,E0086,Corner Bakery Co,2025-09-17,3169.34,INR,H571343,Routine historical business expense,REIMBURSED,PRJ-050,SOFTWARE,
HIST-01144,E0144,Blue Line Couriers,2024-08-25,3181.85,JPY,H456100,Routine historical business expense,REIMBURSED,PRJ-054,MEAL_EMPLOYEE,
HIST-00612,E0078,Harvest Deli,2024-12-01,3193.72,JPY,H814702,Routine historical business expense,REIMBURSED,PRJ-055,AIRFARE,
HIST-01137,E0144,Harvest Deli,2025-03-07,3197.71,JPY,H793283,Routine historical business expense,REIMBURSED,PRJ-037,OTHER,
HIST-00145,E0019,Central Stationers,2026-02-08,32.11,SGD,H197248,Routine historical business expense,REIMBURSED,PRJ-041,AIRFARE,
HIST-01358,E0172,Paper & Pen Depot,2024-04-15,32.2,SGD,H129300,Routine historical business expense,REIMBURSED,PRJ-050,SOFTWARE,
HIST-01359,E0172,Riverside Cafe,2024-12-15,32.55,SGD,H437143,Routine historical business expense,REIMBURSED,PRJ-024,MEAL_EMPLOYEE,
HIST-00684,E0088,Harvest Deli,2025-02-21,32.8,SGD,H169076,Routine historical business expense,REIMBURSED,PRJ-054,MEAL_CLIENT,
HIST-00216,E0028,Central Stationers,2025-10-06,32.85,SGD,H617454,Routine historical business expense,REIMBURSED,PRJ-030,OTHER,
HIST-00658,E0085,Lunch Bowl Cafe,2025-10-25,32.88,SGD,H611297,Routine historical business expense,REIMBURSED,PRJ-007,SOFTWARE,
HIST-01826,E0230,Urban Laundry,2024-03-03,3200.17,INR,H836242,Routine historical business expense,REIMBURSED,PRJ-018,GROUND_TRANSPORT,
HIST-01896,E0239,Delta Copy Centre,2025-04-14,3217.45,INR,H500414,Routine historical business expense,REIMBURSED,PRJ-021,SOFTWARE,
HIST-01471,E0186,Harvest Deli,2025-07-28,3219.87,JPY,H238118,Routine historical business expense,REIMBURSED,PRJ-048,MEAL_CLIENT,
HIST-01918,E0242,Green Leaf Catering,2026-07-24,3225.7,INR,H796827,Routine historical business expense,REIMBURSED,PRJ-002,EQUIPMENT,
HIST-01301,E0164,Green Leaf Catering,2024-12-07,3230.45,INR,H475353,Routine historical business expense,REIMBURSED,PRJ-043,HOTEL,
HIST-00835,E0107,Riverside Cafe,2025-04-14,3248.04,INR,H939804,Routine historical business expense,REIMBURSED,PRJ-042,HOTEL,
HIST-01252,E0158,Lunch Bowl Cafe,2026-07-04,3249.96,INR,H308221,Routine historical business expense,REIMBURSED,PRJ-029,HOTEL,
HIST-00539,E0068,Summit Uniforms,2025-04-09,3281.28,INR,H822210,Routine historical business expense,REIMBURSED,PRJ-018,MEAL_EMPLOYEE,
HIST-02258,E0284,TransitCard Top-up,2026-02-26,3286.51,INR,H305584,Routine historical business expense,REIMBURSED,PRJ-052,MEAL_EMPLOYEE,
HIST-01494,E0189,Riverside Cafe,2026-01-14,3289.25,JPY,H367086,Routine historical business expense,REIMBURSED,PRJ-001,AIRFARE,
HIST-01586,E0201,Urban Laundry,2024-06-15,3297.12,JPY,H504409,Routine historical business expense,REIMBURSED,PRJ-023,MEAL_EMPLOYEE,
HIST-00241,E0031,Evergreen Florists,2025-03-15,33.0,SGD,H878441,Routine historical business expense,REIMBURSED,PRJ-056,OTHER,
HIST-01360,E0172,Green Leaf Catering,2026-06-11,33.63,SGD,H837867,Routine historical business expense,REIMBURSED,PRJ-004,SOFTWARE,
HIST-01076,E0136,Delta Copy Centre,2025-09-28,33.65,SGD,H434169,Routine historical business expense,REIMBURSED,PRJ-054,AIRFARE,
HIST-00877,E0112,Tech Repair Lab,2026-04-02,33.91,SGD,H524694,Routine historical business expense,REIMBURSED,PRJ-057,OTHER,
HIST-00626,E0080,Sunrise Bookstore,2026-02-11,3303.88,INR,H815964,Routine historical business expense,REIMBURSED,PRJ-057,GROUND_TRANSPORT,
HIST-00990,E0126,City Parking Services,2026-01-12,3305.52,JPY,H231883,Routine historical business expense,REIMBURSED,PRJ-036,OTHER,
HIST-01536,E0195,Tech Repair Lab,2026-12-18,3322.56,JPY,H429917,Routine historical business expense,REIMBURSED,PRJ-044,EQUIPMENT,
HIST-01925,E0243,Lunch Bowl Cafe,2026-02-11,3333.48,JPY,H824793,Routine historical business expense,REIMBURSED,PRJ-046,MEAL_EMPLOYEE,
HIST-00083,E0011,Evergreen Florists,2025-05-12,3334.04,INR,H471967,Routine historical business expense,REIMBURSED,PRJ-045,MEAL_EMPLOYEE,
HIST-00251,E0032,Paper & Pen Depot,2026-07-21,3339.15,INR,H869088,Routine historical business expense,REIMBURSED,PRJ-006,MEAL_CLIENT,
HIST-00126,E0017,Delta Copy Centre,2026-12-20,3355.36,INR,H857614,Routine historical business expense,REIMBURSED,PRJ-046,AIRFARE,
HIST-01931,E0243,Harbor Office Supply,2025-02-03,3360.88,JPY,H497963,Routine historical business expense,REIMBURSED,PRJ-008,MEAL_CLIENT,
HIST-02350,E0295,Summit Uniforms,2025-12-22,34.25,SGD,H581585,Routine historical business expense,REIMBURSED,PRJ-031,OTHER,
HIST-01072,E0136,Evergreen Florists,2024-04-04,34.48,SGD,H479206,Routine historical business expense,REIMBURSED,PRJ-041,EQUIPMENT,
HIST-01071,E0136,Metro Print Shop,2025-03-15,34.65,SGD,H282166,Routine historical business expense,REIMBURSED,PRJ-038,MEAL_EMPLOYEE,
HIST-00365,E0048,Lunch Bowl Cafe,2026-02-10,3401.9,JPY,H671753,Routine historical business expense,REIMBURSED,PRJ-014,AIRFARE,
HIST-02059,E0260,Blue Line Couriers,2025-09-23,3414.82,INR,H625636,Routine historical business expense,REIMBURSED,PRJ-023,SOFTWARE,
HIST-02378,E0299,Evergreen Florists,2025-09-18,3428.28,INR,H850892,Routine historical business expense,REIMBURSED,PRJ-056,SOFTWARE,
HIST-01068,E0135,Harbor Office Supply,2026-12-11,3432.43,JPY,H667598,Routine historical business expense,REIMBURSED,PRJ-049,OTHER,
HIST-00794,E0102,Lunch Bowl Cafe,2024-02-23,3440.96,JPY,H717252,Routine historical business expense,REIMBURSED,PRJ-043,GROUND_TRANSPORT,
HIST-00677,E0087,Lantern Printing,2026-10-27,3442.89,JPY,H203347,Routine historical business expense,REIMBURSED,PRJ-006,GROUND_TRANSPORT,
HIST-00029,E0005,Harbor Office Supply,2025-04-02,3456.77,INR,H316426,Routine historical business expense,REIMBURSED,PRJ-033,OTHER,
HIST-00340,E0044,Harvest Deli,2026-08-10,3465.45,INR,H739173,Routine historical business expense,REIMBURSED,PRJ-050,MEAL_EMPLOYEE,
HIST-01287,E0162,Airport Express Kiosk,2025-12-02,3474.01,JPY,H912657,Routine historical business expense,REIMBURSED,PRJ-011,EQUIPMENT,
HIST-00513,E0065,Harvest Deli,2024-08-19,3481.58,INR,H914105,Routine historical business expense,REIMBURSED,PRJ-027,GROUND_TRANSPORT,
HIST-00262,E0034,TransitCard Top-up,2024-09-02,35.19,SGD,H882917,Routine historical business expense,REIMBURSED,PRJ-036,AIRFARE,
HIST-01268,E0160,Delta Copy Centre,2025-01-27,35.29,SGD,H478875,Routine historical business expense,REIMBURSED,PRJ-047,GROUND_TRANSPORT,
HIST-02251,E0283,Central Stationers,2026-07-27,35.69,SGD,H277688,Routine historical business expense,REIMBURSED,PRJ-010,SOFTWARE,
HIST-00243,E0031,Delta Copy Centre,2026-03-28,35.8,SGD,H522927,Routine historical business expense,REIMBURSED,PRJ-056,MEAL_EMPLOYEE,
HIST-00301,E0039,Paper & Pen Depot,2026-08-18,3526.67,JPY,H859894,Routine historical business expense,REIMBURSED,PRJ-050,MEAL_CLIENT,
HIST-02167,E0273,Sunrise Bookstore,2024-10-07,3539.62,JPY,H550466,Routine historical business expense,REIMBURSED,PRJ-023,AIRFARE,
HIST-01987,E0251,Paper & Pen Depot,2025-11-12,3564.78,INR,H997554,Routine historical business expense,REIMBURSED,PRJ-052,GROUND_TRANSPORT,
HIST-02016,E0254,Sunrise Bookstore,2025-03-27,3568.04,INR,H178382,Routine historical business expense,REIMBURSED,PRJ-054,EQUIPMENT,
HIST-01181,E0149,TransitCard Top-up,2025-11-25,3573.39,INR,H680368,Routine historical business expense,REIMBURSED,PRJ-009,MEAL_CLIENT,
HIST-01730,E0218,Riverside Cafe,2024-01-08,3588.36,INR,H606309,Routine historical business expense,REIMBURSED,PRJ-018,MEAL_CLIENT,
HIST-02203,E0278,Northside Pharmacy,2025-03-11,3590.89,INR,H711425,Routine historical business expense,REIMBURSED,PRJ-055,MEAL_EMPLOYEE,
HIST-01019,E0129,Tech Repair Lab,2026-08-26,3598.54,JPY,H534287,Routine historical business expense,REIMBURSED,PRJ-012,SOFTWARE,
HIST-01464,E0185,Northside Pharmacy,2026-11-22,3598.89,INR,H538453,Routine historical business expense,REIMBURSED,PRJ-045,OTHER,
HIST-00003,E0001,Green Leaf Catering,2026-02-02,36.31,SGD,H881303,Routine historical business expense,REIMBURSED,PRJ-010,SOFTWARE,
HIST-00688,E0088,Anchor Water Co,2025-03-11,36.96,SGD,H543387,Routine historical business expense,REIMBURSED,PRJ-008,EQUIPMENT,
HIST-00293,E0038,Sunrise Bookstore,2024-06-28,3605.66,INR,H398236,Routine historical business expense,REIMBURSED,PRJ-017,EQUIPMENT,
HIST-00575,E0074,City Parking Services,2024-01-24,3635.74,INR,H982659,Routine historical business expense,REIMBURSED,PRJ-035,EQUIPMENT,
HIST-00105,E0014,Airport Express Kiosk,2024-08-12,3652.42,INR,H670326,Routine historical business expense,REIMBURSED,PRJ-038,HOTEL,
HIST-01063,E0135,Green Leaf Catering,2025-02-13,3656.36,JPY,H583398,Routine historical business expense,REIMBURSED,PRJ-056,MEAL_CLIENT,
HIST-01182,E0149,Anchor Water Co,2026-11-26,3656.85,INR,H872859,Routine historical business expense,REIMBURSED,PRJ-035,EQUIPMENT,
HIST-02332,E0293,Skyview Coffee,2024-12-13,3668.82,INR,H486500,Routine historical business expense,REIMBURSED,PRJ-059,MEAL_CLIENT,
HIST-01389,E0176,Summit Uniforms,2024-05-14,3685.25,INR,H247125,Routine historical business expense,REIMBURSED,PRJ-018,GROUND_TRANSPORT,
HIST-00409,E0053,Riverside Cafe,2024-08-15,3691.62,INR,H390400,Routine historical business expense,REIMBURSED,PRJ-044,HOTEL,
HIST-00422,E0055,Harbor Office Supply,2025-01-03,37.9,SGD,H259232,Routine historical business expense,REIMBURSED,PRJ-035,SOFTWARE,
HIST-00426,E0055,Tech Repair Lab,2025-12-16,37.96,SGD,H150956,Routine historical business expense,REIMBURSED,PRJ-014,SOFTWARE,
HIST-01283,E0162,Green Leaf Catering,2025-05-06,3708.41,JPY,H520160,Routine historical business expense,REIMBURSED,PRJ-024,MEAL_EMPLOYEE,
HIST-01750,E0221,Paper & Pen Depot,2024-07-27,3717.81,INR,H379800,Routine historical business expense,REIMBURSED,PRJ-026,OTHER,
HIST-01598,E0203,Corner Bakery Co,2026-12-09,3718.03,INR,H695717,Routine historical business expense,REIMBURSED,PRJ-041,GROUND_TRANSPORT,
HIST-00186,E0024,Lunch Bowl Cafe,2025-09-06,3724.62,JPY,H929120,Routine historical business expense,REIMBURSED,PRJ-022,MEAL_EMPLOYEE,
HIST-00648,E0083,Summit Uniforms,2024-03-08,3726.95,INR,H497861,Routine historical business expense,REIMBURSED,PRJ-057,EQUIPMENT,
HIST-02266,E0285,TransitCard Top-up,2026-05-07,3732.91,JPY,H217972,Routine historical business expense,REIMBURSED,PRJ-008,EQUIPMENT,
HIST-01561,E0198,Lunch Bowl Cafe,2025-07-11,3739.77,JPY,H841171,Routine historical business expense,REIMBURSED,PRJ-011,AIRFARE,
HIST-01556,E0197,Airport Express Kiosk,2026-03-26,3760.12,INR,H325546,Routine historical business expense,REIMBURSED,PRJ-034,GROUND_TRANSPORT,
HIST-02022,E0255,Sunrise Bookstore,2026-01-12,3763.39,JPY,H847828,Routine historical business expense,REIMBURSED,PRJ-003,HOTEL,
HIST-00577,E0074,Lantern Printing,2025-04-19,3771.65,INR,H880772,Routine historical business expense,REIMBURSED,PRJ-012,MEAL_CLIENT,
HIST-02110,E0266,Blue Line Couriers,2025-12-17,3786.42,INR,H314952,Routine historical business expense,REIMBURSED,PRJ-047,AIRFARE,
HIST-02238,E0282,Summit Uniforms,2024-12-10,3789.15,JPY,H357991,Routine historical business expense,REIMBURSED,PRJ-020,OTHER,
HIST-01023,E0130,QuickFix IT Services,2026-11-25,38.32,SGD,H547583,Routine historical business expense,REIMBURSED,PRJ-041,AIRFARE,
HIST-00730,E0094,Delta Copy Centre,2024-01-26,38.36,SGD,H982325,Routine historical business expense,REIMBURSED,PRJ-012,AIRFARE,
HIST-00183,E0024,Airport Express Kiosk,2025-04-13,3802.91,JPY,H577283,Routine historical business expense,REIMBURSED,PRJ-042,GROUND_TRANSPORT,
HIST-00387,E0050,Metro Print Shop,2024-06-04,3803.23,INR,H474903,Routine historical business expense,REIMBURSED,PRJ-035,EQUIPMENT,
HIST-02081,E0263,Pinnacle Signage,2024-12-27,3806.54,INR,H579506,Routine historical business expense,REIMBURSED,PRJ-005,MEAL_EMPLOYEE,
HIST-00235,E0030,Harbor Office Supply,2025-02-17,3821.47,JPY,H182763,Routine historical business expense,REIMBURSED,PRJ-007,OTHER,
HIST-01420,E0179,Riverside Cafe,2026-09-08,3833.13,INR,H422538,Routine historical business expense,REIMBURSED,PRJ-053,EQUIPMENT,
HIST-02145,E0270,Blue Line Couriers,2024-06-09,3836.3,JPY,H800635,Routine historical business expense,REIMBURSED,PRJ-022,EQUIPMENT,
HIST-01799,E0227,Blue Line Couriers,2025-01-06,3838.67,INR,H658469,Routine historical business expense,REIMBURSED,PRJ-025,MEAL_CLIENT,
HIST-02316,E0291,Green Leaf Catering,2025-05-14,3867.02,JPY,H962283,Routine historical business expense,REIMBURSED,PRJ-015,MEAL_CLIENT,
HIST-01462,E0185,Blue Line Couriers,2025-02-03,3878.13,INR,H810456,Routine historical business expense,REIMBURSED,PRJ-037,GROUND_TRANSPORT,
HIST-00020,E0004,Riverside Cafe,2025-10-06,39.65,SGD,H316253,Routine historical business expense,REIMBURSED,PRJ-028,AIRFARE,
HIST-01675,E0212,Paper & Pen Depot,2026-12-26,3901.65,INR,H270980,Routine historical business expense,REIMBURSED,PRJ-047,EQUIPMENT,
HIST-01402,E0177,Central Stationers,2026-05-27,3903.57,JPY,H254937,Routine historical business expense,REIMBURSED,PRJ-026,AIRFARE,
HIST-01510,E0192,Harvest Deli,2026-06-02,3915.61,JPY,H700758,Routine historical business expense,REIMBURSED,PRJ-052,EQUIPMENT,
HIST-00604,E0077,Harbor Office Supply,2025-10-02,3916.72,INR,H740489,Routine historical business expense,REIMBURSED,PRJ-043,OTHER,
HIST-00576,E0074,Tech Repair Lab,2024-10-24,3931.69,INR,H641872,Routine historical business expense,REIMBURSED,PRJ-006,EQUIPMENT,
HIST-00431,E0056,Central Stationers,2024-12-15,3966.96,INR,H627275,Routine historical business expense,REIMBURSED,PRJ-031,HOTEL,
HIST-00930,E0119,Pinnacle Signage,2025-09-18,3985.82,INR,H106793,Routine historical business expense,REIMBURSED,PRJ-032,MEAL_EMPLOYEE,
HIST-02093,E0264,QuickFix IT Services,2026-03-21,3988.86,JPY,H835387,Routine historical business expense,REIMBURSED,PRJ-030,AIRFARE,
HIST-00679,E0087,QuickFix IT Services,2026-03-23,3998.37,JPY,H245669,Routine historical business expense,REIMBURSED,PRJ-032,EQUIPMENT,
HIST-01657,E0209,Lantern Printing,2024-05-23,3999.16,INR,H728280,Routine historical business expense,REIMBURSED,PRJ-019,EQUIPMENT,
HIST-00927,E0118,City Parking Services,2024-09-23,40.03,SGD,H811120,Routine historical business expense,REIMBURSED,PRJ-007,AIRFARE,
HIST-02103,E0265,Riverside Cafe,2025-12-13,40.09,SGD,H168977,Routine historical business expense,REIMBURSED,PRJ-059,EQUIPMENT,
HIST-00904,E0115,Pinnacle Signage,2025-07-24,40.26,SGD,H729655,Routine historical business expense,REIMBURSED,PRJ-005,AIRFARE,
HIST-00091,E0013,Green Leaf Catering,2026-03-07,40.88,SGD,H217937,Routine historical business expense,REIMBURSED,PRJ-003,MEAL_EMPLOYEE,
HIST-01049,E0133,Lunch Bowl Cafe,2024-11-25,40.89,SGD,H329066,Routine historical business expense,REIMBURSED,PRJ-001,OTHER,
HIST-00395,E0051,Green Leaf Catering,2025-06-13,4011.63,JPY,H903513,Routine historical business expense,REIMBURSED,PRJ-016,MEAL_CLIENT,
HIST-01898,E0239,Skyview Coffee,2025-06-28,4019.33,INR,H991977,Routine historical business expense,REIMBURSED,PRJ-053,EQUIPMENT,
HIST-01368,E0173,Lantern Printing,2026-02-03,4024.27,INR,H480712,Routine historical business expense,REIMBURSED,PRJ-039,HOTEL,
HIST-02179,E0275,Urban Laundry,2025-04-02,4044.45,INR,H561233,Routine historical business expense,REIMBURSED,PRJ-057,MEAL_EMPLOYEE,
HIST-01762,E0222,Evergreen Florists,2026-08-14,4084.74,JPY,H422561,Routine historical business expense,REIMBURSED,PRJ-014,MEAL_EMPLOYEE,
HIST-01771,E0223,Lantern Printing,2025-01-01,41.05,SGD,H666309,Routine historical business expense,REIMBURSED,PRJ-005,EQUIPMENT,
HIST-01291,E0163,Paper & Pen Depot,2025-10-06,41.63,SGD,H835542,Routine historical business expense,REIMBURSED,PRJ-008,OTHER,
HIST-01250,E0157,Summit Uniforms,2026-07-17,41.89,SGD,H582105,Routine historical business expense,REIMBURSED,PRJ-003,SOFTWARE,
HIST-01837,E0231,Northside Pharmacy,2024-01-26,4120.31,JPY,H277518,Routine historical business expense,REIMBURSED,PRJ-018,MEAL_CLIENT,
HIST-02234,E0281,Green Leaf Catering,2025-04-24,4137.87,INR,H741925,Routine historical business expense,REIMBURSED,PRJ-025,MEAL_EMPLOYEE,
HIST-01394,E0176,Harbor Office Supply,2024-09-02,4138.88,INR,H230214,Routine historical business expense,REIMBURSED,PRJ-040,GROUND_TRANSPORT,
HIST-01784,E0225,QuickFix IT Services,2025-04-25,4148.17,JPY,H104703,Routine historical business expense,REIMBURSED,PRJ-044,MEAL_CLIENT,
HIST-00574,E0074,Corner Bakery Co,2025-08-03,4148.39,INR,H209887,Routine historical business expense,REIMBURSED,PRJ-020,GROUND_TRANSPORT,
HIST-02289,E0288,Harbor Office Supply,2025-05-14,4181.34,JPY,H551735,Routine historical business expense,REIMBURSED,PRJ-042,EQUIPMENT,
HIST-00446,E0058,Riverside Cafe,2024-05-13,42.03,SGD,H483662,Routine historical business expense,REIMBURSED,PRJ-009,MEAL_CLIENT,
HIST-00827,E0106,Airport Express Kiosk,2025-06-01,42.27,SGD,H178737,Routine historical business expense,REIMBURSED,PRJ-027,MEAL_CLIENT,
HIST-01616,E0205,Blue Line Couriers,2024-10-19,42.44,SGD,H614998,Routine historical business expense,REIMBURSED,PRJ-054,GROUND_TRANSPORT,
HIST-01516,E0192,Lunch Bowl Cafe,2025-05-01,4217.22,JPY,H855273,Routine historical business expense,REIMBURSED,PRJ-017,MEAL_CLIENT,
HIST-01574,E0200,Urban Laundry,2026-01-18,4220.79,INR,H838586,Routine historical business expense,REIMBURSED,PRJ-012,OTHER,
HIST-00458,E0059,Corner Bakery Co,2024-11-04,4232.82,INR,H812746,Routine historical business expense,REIMBURSED,PRJ-011,MEAL_EMPLOYEE,
HIST-01466,E0185,Delta Copy Centre,2026-09-04,4235.18,INR,H998211,Routine historical business expense,REIMBURSED,PRJ-032,EQUIPMENT,
HIST-01453,E0183,Sunrise Bookstore,2025-12-10,4241.33,JPY,H977874,Routine historical business expense,REIMBURSED,PRJ-042,GROUND_TRANSPORT,
HIST-00718,E0092,Sunrise Bookstore,2025-06-10,4257.46,INR,H832584,Routine historical business expense,REIMBURSED,PRJ-045,EQUIPMENT,
HIST-02107,E0266,TransitCard Top-up,2025-08-10,4263.14,INR,H108875,Routine historical business expense,REIMBURSED,PRJ-051,MEAL_CLIENT,
HIST-02045,E0258,TransitCard Top-up,2024-10-02,4272.94,JPY,H544112,Routine historical business expense,REIMBURSED,PRJ-040,HOTEL,
HIST-01504,E0191,Skyview Coffee,2024-03-19,4274.89,INR,H497051,Routine historical business expense,REIMBURSED,PRJ-045,MEAL_EMPLOYEE,
HIST-00837,E0107,Harvest Deli,2026-09-19,4276.6,INR,H262751,Routine historical business expense,REIMBURSED,PRJ-019,AIRFARE,
HIST-01103,E0139,Riverside Cafe,2026-03-10,43.2,SGD,H949632,Routine historical business expense,REIMBURSED,PRJ-021,EQUIPMENT,
HIST-02075,E0262,Blue Line Couriers,2024-10-27,43.39,SGD,H657058,Routine historical business expense,REIMBURSED,PRJ-009,SOFTWARE,
HIST-01795,E0226,Central Stationers,2026-05-12,43.46,SGD,H432643,Routine historical business expense,REIMBURSED,PRJ-017,EQUIPMENT,
HIST-00475,E0061,Metro Print Shop,2025-03-11,43.5,SGD,H915413,Routine historical business expense,REIMBURSED,PRJ-010,OTHER,
HIST-01908,E0241,Harvest Deli,2024-10-11,43.62,SGD,H475939,Routine historical business expense,REIMBURSED,PRJ-038,AIRFARE,
HIST-00898,E0115,Airport Express Kiosk,2025-07-09,43.89,SGD,H696123,Routine historical business expense,REIMBURSED,PRJ-027,SOFTWARE,
HIST-01838,E0231,Green Leaf Catering,2025-08-24,4330.82,JPY,H745364,Routine historical business expense,REIMBURSED,PRJ-003,SOFTWARE,
HIST-02178,E0275,Bridge Street Grocer,2025-08-02,4333.15,INR,H481913,Routine historical business expense,REIMBURSED,PRJ-056,GROUND_TRANSPORT,
HIST-00844,E0108,Riverside Cafe,2026-08-10,4343.32,JPY,H136231,Routine historical business expense,REIMBURSED,PRJ-044,SOFTWARE,
HIST-02338,E0293,Bridge Street Grocer,2026-11-03,4353.16,INR,H133490,Routine historical business expense,REIMBURSED,PRJ-023,AIRFARE,
HIST-00151,E0020,Urban Laundry,2026-03-11,4354.26,INR,H886860,Routine historical business expense,REIMBURSED,PRJ-028,SOFTWARE,
HIST-00392,E0051,TransitCard Top-up,2024-05-19,4378.37,JPY,H115797,Routine historical business expense,REIMBURSED,PRJ-044,EQUIPMENT,
HIST-00908,E0116,Blue Line Couriers,2025-08-22,4379.07,INR,H983316,Routine historical business expense,REIMBURSED,PRJ-002,HOTEL,
HIST-00857,E0109,Evergreen Florists,2025-08-04,44.43,SGD,H818948,Routine historical business expense,REIMBURSED,PRJ-060,MEAL_CLIENT,
HIST-00661,E0085,Summit Uniforms,2025-02-27,44.46,SGD,H466229,Routine historical business expense,REIMBURSED,PRJ-004,HOTEL,
HIST-00400,E0052,Paper & Pen Depot,2025-06-08,44.49,SGD,H999222,Routine historical business expense,REIMBURSED,PRJ-034,MEAL_EMPLOYEE,
HIST-01715,E0216,Lunch Bowl Cafe,2026-07-06,4422.28,JPY,H406039,Routine historical business expense,REIMBURSED,PRJ-054,EQUIPMENT,
HIST-01278,E0161,Summit Uniforms,2025-04-15,4452.09,INR,H416161,Routine historical business expense,REIMBURSED,PRJ-007,EQUIPMENT,
HIST-02186,E0276,Evergreen Florists,2026-08-18,4465.91,JPY,H957138,Routine historical business expense,REIMBURSED,PRJ-002,AIRFARE,
HIST-02154,E0272,Airport Express Kiosk,2026-03-25,4472.38,INR,H688306,Routine historical business expense,REIMBURSED,PRJ-034,EQUIPMENT,
HIST-00036,E0006,Metro Print Shop,2024-12-04,4482.97,JPY,H974576,Routine historical business expense,REIMBURSED,PRJ-041,GROUND_TRANSPORT,
HIST-00736,E0094,Lunch Bowl Cafe,2024-04-13,45.01,SGD,H104076,Routine historical business expense,REIMBURSED,PRJ-040,MEAL_CLIENT,
HIST-00050,E0007,Harvest Deli,2024-05-19,45.52,SGD,H762535,Routine historical business expense,REIMBURSED,PRJ-025,EQUIPMENT,
HIST-01889,E0238,TransitCard Top-up,2024-02-28,45.57,SGD,H853189,Routine historical business expense,REIMBURSED,PRJ-021,AIRFARE,
HIST-02151,E0271,Harvest Deli,2024-06-09,45.64,SGD,H657916,Routine historical business expense,REIMBURSED,PRJ-059,MEAL_CLIENT,
HIST-01573,E0200,Bridge Street Grocer,2025-03-09,4501.6,INR,H742423,Routine historical business expense,REIMBURSED,PRJ-001,MEAL_EMPLOYEE,
HIST-02287,E0287,Delta Copy Centre,2024-02-27,4504.11,INR,H918849,Routine historical business expense,REIMBURSED,PRJ-034,AIRFARE,
HIST-02335,E0293,Paper & Pen Depot,2026-08-22,4549.6,INR,H945335,Routine historical business expense,REIMBURSED,PRJ-058,MEAL_CLIENT,
HIST-01490,E0189,Central Stationers,2026-06-24,4551.35,JPY,H124110,Routine historical business expense,REIMBURSED,PRJ-045,HOTEL,
HIST-01549,E0197,Lantern Printing,2024-12-13,4554.84,INR,H722566,Routine historical business expense,REIMBURSED,PRJ-059,HOTEL,
HIST-01440,E0182,Urban Laundry,2025-08-25,4595.83,INR,H473993,Routine historical business expense,REIMBURSED,PRJ-034,SOFTWARE,
HIST-00308,E0040,Corner Bakery Co,2026-04-16,46.48,SGD,H455303,Routine historical business expense,REIMBURSED,PRJ-054,EQUIPMENT,
HIST-01770,E0223,Lunch Bowl Cafe,2026-04-01,46.7,SGD,H375741,Routine historical business expense,REIMBURSED,PRJ-019,GROUND_TRANSPORT,
HIST-02366,E0297,Evergreen Florists,2026-09-09,4615.76,JPY,H492966,Routine historical business expense,REIMBURSED,PRJ-003,EQUIPMENT,
HIST-01600,E0203,Riverside Cafe,2026-09-09,4621.8,INR,H155283,Routine historical business expense,REIMBURSED,PRJ-014,MEAL_CLIENT,
HIST-00979,E0125,Anchor Water Co,2024-01-12,4623.4,INR,H548250,Routine historical business expense,REIMBURSED,PRJ-016,OTHER,
HIST-00603,E0077,Sunrise Bookstore,2026-04-06,4624.67,INR,H714218,Routine historical business expense,REIMBURSED,PRJ-011,GROUND_TRANSPORT,
HIST-00741,E0095,Airport Express Kiosk,2024-12-21,4626.57,INR,H794075,Routine historical business expense,REIMBURSED,PRJ-008,EQUIPMENT,
HIST-00230,E0029,Harbor Office Supply,2025-04-02,4631.71,INR,H735518,Routine historical business expense,REIMBURSED,PRJ-033,OTHER,
HIST-01008,E0128,Green Leaf Catering,2026-11-20,4643.4,INR,H153803,Routine historical business expense,REIMBURSED,PRJ-060,OTHER,
HIST-01639,E0207,Paper & Pen Depot,2026-10-27,4666.47,JPY,H417234,Routine historical business expense,REIMBURSED,PRJ-006,AIRFARE,
HIST-01184,E0150,Lunch Bowl Cafe,2026-10-26,4678.24,JPY,H264980,Routine historical business expense,REIMBURSED,PRJ-054,MEAL_CLIENT,
HIST-00110,E0015,Summit Uniforms,2026-07-11,4687.27,JPY,H702603,Routine historical business expense,REIMBURSED,PRJ-036,HOTEL,
HIST-00481,E0061,Sunrise Bookstore,2026-11-10,47.2,SGD,H859252,Routine historical business expense,REIMBURSED,PRJ-058,AIRFARE,
HIST-01983,E0250,Green Leaf Catering,2025-11-02,47.39,SGD,H173404,Routine historical business expense,REIMBURSED,PRJ-032,SOFTWARE,
HIST-01386,E0175,Anchor Water Co,2024-08-03,47.4,SGD,H677624,Routine historical business expense,REIMBURSED,PRJ-053,HOTEL,
HIST-00777,E0100,Skyview Coffee,2026-07-25,47.46,SGD,H950574,Routine historical business expense,REIMBURSED,PRJ-027,HOTEL,
HIST-00922,E0118,Lantern Printing,2025-11-09,47.98,SGD,H161808,Routine historical business expense,REIMBURSED,PRJ-057,EQUIPMENT,
HIST-02044,E0258,Riverside Cafe,2026-04-25,4706.71,JPY,H729503,Routine historical business expense,REIMBURSED,PRJ-018,MEAL_EMPLOYEE,
HIST-01887,E0237,Lantern Printing,2026-09-17,4720.23,JPY,H420156,Routine historical business expense,REIMBURSED,PRJ-017,MEAL_EMPLOYEE,
HIST-00809,E0104,Evergreen Florists,2026-07-18,4721.12,INR,H789584,Routine historical business expense,REIMBURSED,PRJ-003,MEAL_CLIENT,
HIST-00225,E0029,Northside Pharmacy,2025-03-21,4734.46,INR,H584816,Routine historical business expense,REIMBURSED,PRJ-024,MEAL_EMPLOYEE,
HIST-01513,E0192,Urban Laundry,2024-04-18,4750.93,JPY,H509620,Routine historical business expense,REIMBURSED,PRJ-024,OTHER,
HIST-02237,E0282,QuickFix IT Services,2026-11-20,4753.68,JPY,H639086,Routine historical business expense,REIMBURSED,PRJ-048,SOFTWARE,
HIST-00107,E0014,Airport Express Kiosk,2024-02-28,4756.47,INR,H361652,Routine historical business expense,REIMBURSED,PRJ-053,EQUIPMENT,
HIST-01993,E0251,Airport Express Kiosk,2024-09-10,4773.12,INR,H754595,Routine historical business expense,REIMBURSED,PRJ-043,SOFTWARE,
HIST-01922,E0242,Delta Copy Centre,2024-07-17,4774.25,INR,H281555,Routine historical business expense,REIMBURSED,PRJ-031,EQUIPMENT,
HIST-01310,E0166,Harbor Office Supply,2024-11-27,48.25,SGD,H356256,Routine historical business expense,REIMBURSED,PRJ-037,SOFTWARE,
HIST-00002,E0001,Bridge Street Grocer,2025-01-06,48.39,SGD,H690727,Routine historical business expense,REIMBURSED,PRJ-024,SOFTWARE,
HIST-00961,E0122,City Parking Services,2024-07-05,4808.93,INR,H489667,Routine historical business expense,REIMBURSED,PRJ-052,AIRFARE,
HIST-02235,E0281,Harbor Office Supply,2024-11-10,4809.32,INR,H210380,Routine historical business expense,REIMBURSED,PRJ-033,AIRFARE,
HIST-02182,E0275,Lunch Bowl Cafe,2024-11-17,4811.47,INR,H744451,Routine historical business expense,REIMBURSED,PRJ-045,EQUIPMENT,
HIST-00134,E0018,Blue Line Couriers,2026-08-08,4815.21,JPY,H866103,Routine historical business expense,REIMBURSED,PRJ-005,SOFTWARE,
HIST-01378,E0174,Northside Pharmacy,2026-07-05,4825.57,JPY,H898178,Routine historical business expense,REIMBURSED,PRJ-008,EQUIPMENT,
HIST-00765,E0098,Green Leaf Catering,2026-08-28,4835.82,INR,H885379,Routine historical business expense,REIMBURSED,PRJ-052,AIRFARE,
HIST-01391,E0176,Airport Express Kiosk,2026-02-07,4849.72,INR,H287131,Routine historical business expense,REIMBURSED,PRJ-039,EQUIPMENT,
HIST-02091,E0264,Riverside Cafe,2026-03-16,4872.13,JPY,H669980,Routine historical business expense,REIMBURSED,PRJ-020,AIRFARE,
HIST-00490,E0062,Evergreen Florists,2026-11-19,4880.53,INR,H982919,Routine historical business expense,REIMBURSED,PRJ-001,MEAL_EMPLOYEE,
HIST-01448,E0183,Bridge Street Grocer,2025-02-17,4881.52,JPY,H200458,Routine historical business expense,REIMBURSED,PRJ-002,GROUND_TRANSPORT,
HIST-00670,E0086,Lunch Bowl Cafe,2025-11-21,4889.26,INR,H442474,Routine historical business expense,REIMBURSED,PRJ-021,HOTEL,
HIST-01820,E0229,Riverside Cafe,2026-02-04,49.47,SGD,H626551,Routine historical business expense,REIMBURSED,PRJ-034,MEAL_EMPLOYEE,
HIST-01617,E0205,Central Stationers,2025-07-14,49.58,SGD,H322827,Routine historical business expense,REIMBURSED,PRJ-003,GROUND_TRANSPORT,
HIST-01656,E0209,Skyview Coffee,2025-08-09,491.73,INR,H883110,Routine historical business expense,REIMBURSED,PRJ-033,EQUIPMENT,
HIST-00296,E0038,Bridge Street Grocer,2024-08-03,4918.0,INR,H293915,Routine historical business expense,REIMBURSED,PRJ-044,OTHER,
HIST-00697,E0090,City Parking Services,2025-05-14,4926.16,JPY,H102961,Routine historical business expense,REIMBURSED,PRJ-023,HOTEL,
HIST-00100,E0014,Metro Print Shop,2025-10-22,4928.96,INR,H938189,Routine historical business expense,REIMBURSED,PRJ-019,AIRFARE,
HIST-02119,E0267,Airport Express Kiosk,2025-11-17,4937.39,JPY,H822926,Routine historical business expense,REIMBURSED,PRJ-028,SOFTWARE,
HIST-01035,E0131,QuickFix IT Services,2025-10-06,4939.08,INR,H511792,Routine historical business expense,REIMBURSED,PRJ-026,SOFTWARE,
HIST-00303,E0039,Anchor Water Co,2026-03-17,4958.25,JPY,H510799,Routine historical business expense,REIMBURSED,PRJ-057,EQUIPMENT,
HIST-01178,E0149,Corner Bakery Co,2026-05-09,4980.83,INR,H368782,Routine historical business expense,REIMBURSED,PRJ-059,OTHER,
HIST-01971,E0249,Paper & Pen Depot,2025-04-04,4984.81,JPY,H876357,Routine historical business expense,REIMBURSED,PRJ-038,HOTEL,
HIST-01704,E0215,Lantern Printing,2026-04-16,4989.99,INR,H511872,Routine historical business expense,REIMBURSED,PRJ-056,EQUIPMENT,
HIST-00465,E0060,Harvest Deli,2026-10-10,4990.98,JPY,H417594,Routine historical business expense,REIMBURSED,PRJ-028,GROUND_TRANSPORT,
HIST-00975,E0124,Green Leaf Catering,2025-10-05,50.15,SGD,H858426,Routine historical business expense,REIMBURSED,PRJ-013,MEAL_CLIENT,
HIST-01107,E0139,Paper & Pen Depot,2026-06-08,50.27,SGD,H965751,Routine historical business expense,REIMBURSED,PRJ-044,EQUIPMENT,
HIST-01218,E0154,Blue Line Couriers,2026-11-06,50.31,SGD,H255179,Routine historical business expense,REIMBURSED,PRJ-041,EQUIPMENT,
HIST-01867,E0235,City Parking Services,2024-05-03,50.34,SGD,H119467,Routine historical business expense,REIMBURSED,PRJ-044,MEAL_CLIENT,
HIST-01199,E0151,Paper & Pen Depot,2025-02-09,50.47,SGD,H969568,Routine historical business expense,REIMBURSED,PRJ-003,MEAL_CLIENT,
HIST-01818,E0229,Bridge Street Grocer,2026-02-02,50.95,SGD,H874141,Routine historical business expense,REIMBURSED,PRJ-036,AIRFARE,
HIST-02083,E0263,City Parking Services,2026-08-14,5055.71,INR,H210415,Routine historical business expense,REIMBURSED,PRJ-035,OTHER,
HIST-01801,E0227,Northside Pharmacy,2024-05-02,5057.0,INR,H114768,Routine historical business expense,REIMBURSED,PRJ-060,OTHER,
HIST-00434,E0056,Blue Line Couriers,2024-11-11,508.01,INR,H517361,Routine historical business expense,REIMBURSED,PRJ-011,HOTEL,
HIST-02209,E0278,Tech Repair Lab,2025-12-20,5092.37,INR,H224388,Routine historical business expense,REIMBURSED,PRJ-057,MEAL_CLIENT,
HIST-00213,E0028,Metro Print Shop,2024-09-19,51.91,SGD,H712949,Routine historical business expense,REIMBURSED,PRJ-048,AIRFARE,
HIST-00450,E0058,Tech Repair Lab,2026-11-05,51.95,SGD,H653016,Routine historical business expense,REIMBURSED,PRJ-028,EQUIPMENT,
HIST-01949,E0246,Paper & Pen Depot,2026-05-16,5111.61,JPY,H432223,Routine historical business expense,REIMBURSED,PRJ-057,MEAL_CLIENT,
HIST-01778,E0224,Lunch Bowl Cafe,2024-01-26,5147.72,INR,H696368,Routine historical business expense,REIMBURSED,PRJ-008,MEAL_CLIENT,
HIST-00313,E0041,City Parking Services,2025-09-08,5150.54,INR,H577631,Routine historical business expense,REIMBURSED,PRJ-008,EQUIPMENT,
HIST-00683,E0087,Pinnacle Signage,2024-04-02,5164.9,JPY,H458105,Routine historical business expense,REIMBURSED,PRJ-041,OTHER,
HIST-00152,E0020,Delta Copy Centre,2026-06-25,5183.2,INR,H362581,Routine historical business expense,REIMBURSED,PRJ-060,AIRFARE,
HIST-01729,E0218,Harvest Deli,2026-05-02,5196.49,INR,H293061,Routine historical business expense,REIMBURSED,PRJ-059,OTHER,
HIST-01841,E0232,Central Stationers,2025-01-14,52.33,SGD,H514997,Routine historical business expense,REIMBURSED,PRJ-040,GROUND_TRANSPORT,
HIST-02325,E0292,Lunch Bowl Cafe,2024-12-06,52.34,SGD,H376888,Routine historical business expense,REIMBURSED,PRJ-005,HOTEL,
HIST-02129,E0268,Green Leaf Catering,2024-10-17,52.93,SGD,H381370,Routine historical business expense,REIMBURSED,PRJ-015,OTHER,
HIST-02038,E0257,Tech Repair Lab,2025-12-28,5204.6,INR,H634999,Routine historical business expense,REIMBURSED,PRJ-019,MEAL_EMPLOYEE,
HIST-01134,E0143,Delta Copy Centre,2025-04-22,5221.55,INR,H975173,Routine historical business expense,REIMBURSED,PRJ-054,OTHER,
HIST-01087,E0137,City Parking Services,2025-11-02,5228.67,INR,H620445,Routine historical business expense,REIMBURSED,PRJ-034,GROUND_TRANSPORT,
HIST-00649,E0084,Northside Pharmacy,2026-04-09,5233.76,JPY,H588225,Routine historical business expense,REIMBURSED,PRJ-009,MEAL_CLIENT,
HIST-02106,E0266,Riverside Cafe,2025-04-16,5238.21,INR,H887834,Routine historical business expense,REIMBURSED,PRJ-021,MEAL_EMPLOYEE,
HIST-01096,E0138,Green Leaf Catering,2024-01-24,5238.59,JPY,H178721,Routine historical business expense,REIMBURSED,PRJ-009,OTHER,
HIST-01572,E0200,QuickFix IT Services,2025-06-26,5240.61,INR,H672842,Routine historical business expense,REIMBURSED,PRJ-055,AIRFARE,
HIST-02155,E0272,Sunrise Bookstore,2026-04-28,5241.5,INR,H628538,Routine historical business expense,REIMBURSED,PRJ-009,OTHER,
HIST-01915,E0242,Riverside Cafe,2025-06-02,5247.94,INR,H267718,Routine historical business expense,REIMBURSED,PRJ-022,GROUND_TRANSPORT,
HIST-01366,E0173,Paper & Pen Depot,2025-03-17,5257.36,INR,H668596,Routine historical business expense,REIMBURSED,PRJ-054,AIRFARE,
HIST-00715,E0092,Riverside Cafe,2024-08-05,5268.77,INR,H294448,Routine historical business expense,REIMBURSED,PRJ-009,AIRFARE,
HIST-00346,E0045,Central Stationers,2026-11-20,5278.4,JPY,H809193,Routine historical business expense,REIMBURSED,PRJ-035,OTHER,
HIST-01230,E0155,Tech Repair Lab,2024-08-27,5280.46,INR,H492250,Routine historical business expense,REIMBURSED,PRJ-043,MEAL_CLIENT,
HIST-00806,E0103,Sunrise Bookstore,2024-12-06,53.41,SGD,H866474,Routine historical business expense,REIMBURSED,PRJ-007,SOFTWARE,
HIST-01694,E0214,Central Stationers,2025-08-20,53.48,SGD,H562160,Routine historical business expense,REIMBURSED,PRJ-026,MEAL_CLIENT,
HIST-01619,E0205,Metro Print Shop,2025-04-02,53.86,SGD,H755876,Routine historical business expense,REIMBURSED,PRJ-031,SOFTWARE,
HIST-00077,E0011,Pinnacle Signage,2025-07-23,5312.39,INR,H879751,Routine historical business expense,REIMBURSED,PRJ-055,MEAL_CLIENT,
HIST-02048,E0258,Central Stationers,2026-04-05,5316.62,JPY,H205083,Routine historical business expense,REIMBURSED,PRJ-037,SOFTWARE,
HIST-01419,E0179,Harvest Deli,2025-07-05,5320.61,INR,H327481,Routine historical business expense,REIMBURSED,PRJ-007,MEAL_CLIENT,
HIST-00055,E0008,Corner Bakery Co,2025-02-10,5346.85,INR,H559368,Routine historical business expense,REIMBURSED,PRJ-026,SOFTWARE,
HIST-02136,E0269,Lantern Printing,2024-07-09,536.74,INR,H450804,Routine historical business expense,REIMBURSED,PRJ-020,HOTEL,
HIST-00886,E0113,Pinnacle Signage,2026-12-22,5372.78,INR,H659158,Routine historical business expense,REIMBURSED,PRJ-003,MEAL_EMPLOYEE,
HIST-01523,E0194,Anchor Water Co,2024-08-16,5391.17,INR,H141150,Routine historical business expense,REIMBURSED,PRJ-007,SOFTWARE,
HIST-00533,E0068,Lunch Bowl Cafe,2026-09-19,5393.24,INR,H474856,Routine historical business expense,REIMBURSED,PRJ-029,OTHER,
HIST-02260,E0284,Pinnacle Signage,2025-05-11,5397.16,INR,H790968,Routine historical business expense,REIMBURSED,PRJ-023,GROUND_TRANSPORT,
HIST-00258,E0034,Delta Copy Centre,2025-11-05,54.2,SGD,H157528,Routine historical business expense,REIMBURSED,PRJ-013,HOTEL,
HIST-01196,E0151,Harvest Deli,2024-05-04,54.21,SGD,H426756,Routine historical business expense,REIMBURSED,PRJ-004,EQUIPMENT,
HIST-02150,E0271,TransitCard Top-up,2026-04-02,54.38,SGD,H290072,Routine historical business expense,REIMBURSED,PRJ-058,AIRFARE,
HIST-00271,E0035,Skyview Coffee,2025-11-03,5435.29,INR,H873821,Routine historical business expense,REIMBURSED,PRJ-050,HOTEL,
HIST-00172,E0023,TransitCard Top-up,2025-09-15,5476.17,INR,H672843,Routine historical business expense,REIMBURSED,PRJ-032,GROUND_TRANSPORT,
HIST-00200,E0026,Airport Express Kiosk,2024-02-26,5482.78,INR,H185693,Routine historical business expense,REIMBURSED,PRJ-051,MEAL_EMPLOYEE,
HIST-01033,E0131,QuickFix IT Services,2026-03-20,5482.85,INR,H181032,Routine historical business expense,REIMBURSED,PRJ-059,HOTEL,
HIST-00785,E0101,Central Stationers,2026-07-18,5493.29,INR,H381937,Routine historical business expense,REIMBURSED,PRJ-041,HOTEL,
HIST-01677,E0212,Central Stationers,2025-10-10,5496.87,INR,H460665,Routine historical business expense,REIMBURSED,PRJ-048,AIRFARE,
HIST-00428,E0055,Corner Bakery Co,2026-12-17,55.56,SGD,H185435,Routine historical business expense,REIMBURSED,PRJ-007,HOTEL,
HIST-00382,E0049,Riverside Cafe,2026-12-09,55.56,SGD,H238230,Routine historical business expense,REIMBURSED,PRJ-058,MEAL_CLIENT,
HIST-01382,E0175,Evergreen Florists,2026-03-04,55.62,SGD,H361541,Routine historical business expense,REIMBURSED,PRJ-051,GROUND_TRANSPORT,
HIST-02062,E0260,Skyview Coffee,2026-01-16,5502.52,INR,H477264,Routine historical business expense,REIMBURSED,PRJ-022,EQUIPMENT,
HIST-01206,E0152,Riverside Cafe,2026-01-19,551.27,INR,H963381,Routine historical business expense,REIMBURSED,PRJ-048,OTHER,
HIST-01132,E0143,Delta Copy Centre,2024-11-08,5525.77,INR,H350124,Routine historical business expense,REIMBURSED,PRJ-030,MEAL_CLIENT,
HIST-00769,E0098,Harbor Office Supply,2025-01-03,5535.42,INR,H553338,Routine historical business expense,REIMBURSED,PRJ-059,MEAL_CLIENT,
HIST-00132,E0017,Sunrise Bookstore,2026-12-14,554.02,INR,H469424,Routine historical business expense,REIMBURSED,PRJ-059,MEAL_EMPLOYEE,
HIST-00813,E0104,Skyview Coffee,2026-11-19,5547.21,INR,H526023,Routine historical business expense,REIMBURSED,PRJ-003,SOFTWARE,
HIST-01753,E0221,Sunrise Bookstore,2025-03-20,5559.1,INR,H130178,Routine historical business expense,REIMBURSED,PRJ-038,SOFTWARE,
HIST-00457,E0059,Paper & Pen Depot,2025-03-13,5587.24,INR,H104604,Routine historical business expense,REIMBURSED,PRJ-027,OTHER,
HIST-01604,E0203,Summit Uniforms,2024-03-19,5596.85,INR,H358355,Routine historical business expense,REIMBURSED,PRJ-015,AIRFARE,
HIST-01384,E0175,Corner Bakery Co,2025-10-27,56.9,SGD,H253804,Routine historical business expense,REIMBURSED,PRJ-048,MEAL_EMPLOYEE,
HIST-00634,E0081,Corner Bakery Co,2025-09-23,5662.54,JPY,H123185,Routine historical business expense,REIMBURSED,PRJ-037,HOTEL,
HIST-01705,E0215,Paper & Pen Depot,2025-09-28,5668.39,INR,H863112,Routine historical business expense,REIMBURSED,PRJ-048,OTHER,
HIST-00668,E0086,Riverside Cafe,2026-12-11,5672.67,INR,H741223,Routine historical business expense,REIMBURSED,PRJ-021,AIRFARE,
HIST-01272,E0161,City Parking Services,2026-11-16,5679.1,INR,H206071,Routine historical business expense,REIMBURSED,PRJ-059,GROUND_TRANSPORT,
HIST-02384,E0299,Summit Uniforms,2024-08-21,5679.72,INR,H978220,Routine historical business expense,REIMBURSED,PRJ-056,MEAL_CLIENT,
HIST-00701,E0090,Riverside Cafe,2026-07-21,5679.96,JPY,H166404,Routine historical business expense,REIMBURSED,PRJ-045,MEAL_CLIENT,
HIST-02188,E0276,Evergreen Florists,2026-02-27,5681.8,JPY,H390512,Routine historical business expense,REIMBURSED,PRJ-019,GROUND_TRANSPORT,
HIST-00624,E0080,Lantern Printing,2024-05-07,5689.62,INR,H118487,Routine historical business expense,REIMBURSED,PRJ-044,MEAL_EMPLOYEE,
HIST-01299,E0164,Green Leaf Catering,2025-01-10,5698.69,INR,H285510,Routine historical business expense,REIMBURSED,PRJ-045,GROUND_TRANSPORT,
HIST-00144,E0019,Lunch Bowl Cafe,2025-10-13,57.54,SGD,H725769,Routine historical business expense,REIMBURSED,PRJ-021,GROUND_TRANSPORT,
HIST-02322,E0292,Green Leaf Catering,2025-01-16,57.63,SGD,H984137,Routine historical business expense,REIMBURSED,PRJ-033,SOFTWARE,
HIST-01590,E0202,Lunch Bowl Cafe,2024-12-05,57.65,SGD,H723943,Routine historical business expense,REIMBURSED,PRJ-041,MEAL_CLIENT,
HIST-02051,E0259,Sunrise Bookstore,2024-07-11,57.81,SGD,H425027,Routine historical business expense,REIMBURSED,PRJ-018,EQUIPMENT,
HIST-01669,E0211,Anchor Water Co,2025-07-10,57.86,SGD,H597099,Routine historical business expense,REIMBURSED,PRJ-028,SOFTWARE,
HIST-00240,E0031,Blue Line Couriers,2026-12-02,57.91,SGD,H593953,Routine historical business expense,REIMBURSED,PRJ-027,OTHER,
HIST-00581,E0074,Pinnacle Signage,2024-11-01,5704.37,INR,H376139,Routine historical business expense,REIMBURSED,PRJ-060,MEAL_CLIENT,
HIST-00010,E0002,Harbor Office Supply,2026-04-01,5718.37,INR,H494460,Routine historical business expense,REIMBURSED,PRJ-045,MEAL_CLIENT,
HIST-00869,E0111,Lantern Printing,2026-07-12,5739.81,JPY,H845447,Routine historical business expense,REIMBURSED,PRJ-047,GROUND_TRANSPORT,
HIST-02233,E0281,Urban Laundry,2026-01-26,5753.45,INR,H964457,Routine historical business expense,REIMBURSED,PRJ-021,MEAL_EMPLOYEE,
HIST-01968,E0248,City Parking Services,2024-09-28,5757.71,INR,H820880,Routine historical business expense,REIMBURSED,PRJ-032,AIRFARE,
HIST-02015,E0254,Northside Pharmacy,2024-12-15,577.91,INR,H691103,Routine historical business expense,REIMBURSED,PRJ-015,EQUIPMENT,
HIST-01947,E0245,Anchor Water Co,2025-08-25,5796.42,INR,H370041,Routine historical business expense,REIMBURSED,PRJ-050,MEAL_CLIENT,
HIST-01924,E0242,Urban Laundry,2025-09-10,5798.6,INR,H677025,Routine historical business expense,REIMBURSED,PRJ-030,OTHER,
HIST-02004,E0253,Skyview Coffee,2025-01-02,58.34,SGD,H811052,Routine historical business expense,REIMBURSED,PRJ-027,OTHER,
HIST-00449,E0058,Lantern Printing,2026-04-20,58.42,SGD,H606180,Routine historical business expense,REIMBURSED,PRJ-004,MEAL_CLIENT,
HIST-00304,E0040,Corner Bakery Co,2026-08-28,58.57,SGD,H876202,Routine historical business expense,REIMBURSED,PRJ-001,OTHER,
PREV-00024,E0292,Heritage Hampers,2026-03-26,5800,INR,H504750,Gift to Sterling Ports,REIMBURSED,,GIFT,Sterling Ports
HIST-00012,E0002,QuickFix IT Services,2024-09-20,5805.08,INR,H659756,Routine historical business expense,REIMBURSED,PRJ-059,OTHER,
HIST-01281,E0162,Tech Repair Lab,2024-03-17,5830.06,JPY,H325580,Routine historical business expense,REIMBURSED,PRJ-038,HOTEL,
HIST-00341,E0044,Lantern Printing,2025-02-10,5835.87,INR,H966204,Routine historical business expense,REIMBURSED,PRJ-057,HOTEL,
HIST-02118,E0267,QuickFix IT Services,2025-08-12,5853.16,JPY,H275330,Routine historical business expense,REIMBURSED,PRJ-059,SOFTWARE,
HIST-00187,E0024,Sunrise Bookstore,2024-09-02,5880.02,JPY,H758889,Routine historical business expense,REIMBURSED,PRJ-023,MEAL_CLIENT,
HIST-01078,E0136,Airport Express Kiosk,2024-05-09,59.28,SGD,H748502,Routine historical business expense,REIMBURSED,PRJ-043,GROUND_TRANSPORT,
HIST-01825,E0230,Central Stationers,2026-12-02,5926.41,INR,H679467,Routine historical business expense,REIMBURSED,PRJ-053,MEAL_EMPLOYEE,
HIST-01006,E0128,Bridge Street Grocer,2026-03-07,5946.62,INR,H844742,Routine historical business expense,REIMBURSED,PRJ-030,MEAL_CLIENT,
HIST-00537,E0068,Skyview Coffee,2025-09-14,5949.5,INR,H575343,Routine historical business expense,REIMBURSED,PRJ-007,MEAL_EMPLOYEE,
HIST-01439,E0182,Blue Line Couriers,2025-07-28,5955.0,INR,H542267,Routine historical business expense,REIMBURSED,PRJ-004,GROUND_TRANSPORT,
HIST-01369,E0173,Paper & Pen Depot,2026-10-13,5996.49,INR,H868476,Routine historical business expense,REIMBURSED,PRJ-050,SOFTWARE,
HIST-01228,E0155,Harvest Deli,2025-11-15,5997.92,INR,H200643,Routine historical business expense,REIMBURSED,PRJ-034,MEAL_CLIENT,
PREV-00046,E0079,IslandTel,2025-04-11,60,SGD,H487254,Mobile plan,REIMBURSED,,TELECOM,
PREV-00045,E0079,IslandTel,2025-05-02,60,SGD,H768692,Mobile plan,REIMBURSED,,TELECOM,
HIST-01050,E0133,Tech Repair Lab,2024-02-08,60.19,SGD,H637505,Routine historical business expense,REIMBURSED,PRJ-039,AIRFARE,
HIST-00524,E0067,QuickFix IT Services,2026-04-19,60.26,SGD,H272330,Routine historical business expense,REIMBURSED,PRJ-026,MEAL_CLIENT,
HIST-00163,E0022,Blue Line Couriers,2024-09-23,60.4,SGD,H633150,Routine historical business expense,REIMBURSED,PRJ-040,SOFTWARE,
PREV-00023,E0292,Orchid House Gifts,2026-02-14,6000,INR,H146355,Gift to Sterling Ports,REIMBURSED,,GIFT,Sterling Ports
PREV-00025,E0292,Heritage Hampers,2025-12-10,6000,INR,H713370,Gift to Sterling Ports,REIMBURSED,,GIFT,Sterling Ports
HIST-01092,E0138,Harvest Deli,2026-07-20,6006.95,JPY,H229943,Routine historical business expense,REIMBURSED,PRJ-051,OTHER,
HIST-00357,E0047,Summit Uniforms,2024-05-22,6025.3,INR,H100133,Routine historical business expense,REIMBURSED,PRJ-020,OTHER,
HIST-01242,E0156,City Parking Services,2025-09-25,6044.88,JPY,H622240,Routine historical business expense,REIMBURSED,PRJ-038,HOTEL,
HIST-00573,E0074,Anchor Water Co,2026-04-07,6058.88,INR,H895929,Routine historical business expense,REIMBURSED,PRJ-007,MEAL_CLIENT,
HIST-00798,E0102,Tech Repair Lab,2026-04-26,6077.54,JPY,H130454,Routine historical business expense,REIMBURSED,PRJ-032,AIRFARE,
HIST-02000,E0252,City Parking Services,2026-01-21,6087.25,JPY,H807725,Routine historical business expense,REIMBURSED,PRJ-057,OTHER,
HIST-02285,E0287,Paper & Pen Depot,2025-03-07,6095.93,INR,H552643,Routine historical business expense,REIMBURSED,PRJ-018,GROUND_TRANSPORT,
HIST-00452,E0058,Lunch Bowl Cafe,2025-04-09,61.65,SGD,H855117,Routine historical business expense,REIMBURSED,PRJ-052,AIRFARE,
HIST-00651,E0084,Corner Bakery Co,2025-09-16,6100.2,JPY,H606039,Routine historical business expense,REIMBURSED,PRJ-007,SOFTWARE,
HIST-02362,E0296,Tech Repair Lab,2024-06-08,6107.72,INR,H321636,Routine historical business expense,REIMBURSED,PRJ-049,MEAL_CLIENT,
HIST-01895,E0239,Central Stationers,2024-03-21,6107.82,INR,H907220,Routine historical business expense,REIMBURSED,PRJ-057,OTHER,
HIST-01322,E0167,Evergreen Florists,2024-03-21,6127.94,INR,H288872,Routine historical business expense,REIMBURSED,PRJ-017,HOTEL,
HIST-01142,E0144,Evergreen Florists,2025-05-02,6167.85,JPY,H988148,Routine historical business expense,REIMBURSED,PRJ-060,HOTEL,
HIST-01945,E0245,Anchor Water Co,2026-09-15,6193.91,INR,H764173,Routine historical business expense,REIMBURSED,PRJ-051,AIRFARE,
HIST-01893,E0238,Harbor Office Supply,2024-04-01,62.02,SGD,H600320,Routine historical business expense,REIMBURSED,PRJ-023,SOFTWARE,
HIST-01479,E0187,Skyview Coffee,2024-12-16,62.53,SGD,H130735,Routine historical business expense,REIMBURSED,PRJ-019,GROUND_TRANSPORT,
HIST-01225,E0154,Northside Pharmacy,2024-12-19,62.61,SGD,H615628,Routine historical business expense,REIMBURSED,PRJ-053,MEAL_CLIENT,
HIST-01240,E0156,Bridge Street Grocer,2025-08-27,6218.59,JPY,H371336,Routine historical business expense,REIMBURSED,PRJ-018,AIRFARE,
HIST-00203,E0026,Evergreen Florists,2026-12-04,6248.21,INR,H914693,Routine historical business expense,REIMBURSED,PRJ-016,SOFTWARE,
HIST-00155,E0020,QuickFix IT Services,2025-09-28,6256.12,INR,H920426,Routine historical business expense,REIMBURSED,PRJ-031,HOTEL,
HIST-01229,E0155,Sunrise Bookstore,2025-11-13,6263.52,INR,H426060,Routine historical business expense,REIMBURSED,PRJ-027,HOTEL,
HIST-00868,E0111,Green Leaf Catering,2025-09-16,6272.42,JPY,H705538,Routine historical business expense,REIMBURSED,PRJ-044,AIRFARE,
HIST-01215,E0153,Metro Print Shop,2025-07-04,6284.62,JPY,H948266,Routine historical business expense,REIMBURSED,PRJ-058,HOTEL,
HIST-01341,E0170,TransitCard Top-up,2026-08-21,6293.83,INR,H493177,Routine historical business expense,REIMBURSED,PRJ-017,MEAL_CLIENT,
HIST-00983,E0125,Lantern Printing,2024-10-07,6297.43,INR,H531610,Routine historical business expense,REIMBURSED,PRJ-022,MEAL_EMPLOYEE,
HIST-02328,E0292,Green Leaf Catering,2026-12-28,63.03,SGD,H728259,Routine historical business expense,REIMBURSED,PRJ-054,AIRFARE,
HIST-00549,E0070,Paper & Pen Depot,2024-04-08,63.12,SGD,H114138,Routine historical business expense,REIMBURSED,PRJ-041,OTHER,
HIST-02125,E0268,Evergreen Florists,2024-05-18,63.57,SGD,H196816,Routine historical business expense,REIMBURSED,PRJ-042,EQUIPMENT,
HIST-00554,E0071,Sunrise Bookstore,2024-05-16,6307.92,INR,H895606,Routine historical business expense,REIMBURSED,PRJ-025,SOFTWARE,
HIST-01988,E0251,Harvest Deli,2024-10-28,633.16,INR,H518892,Routine historical business expense,REIMBURSED,PRJ-015,MEAL_CLIENT,
HIST-00437,E0057,Evergreen Florists,2025-06-07,6368.77,JPY,H817101,Routine historical business expense,REIMBURSED,PRJ-009,OTHER,
HIST-02023,E0255,Blue Line Couriers,2026-09-19,6377.27,JPY,H510035,Routine historical business expense,REIMBURSED,PRJ-006,OTHER,
HIST-00492,E0063,Harvest Deli,2024-08-11,6383.14,JPY,H611173,Routine historical business expense,REIMBURSED,PRJ-034,SOFTWARE,
HIST-01254,E0158,Harbor Office Supply,2025-07-17,6393.24,INR,H385375,Routine historical business expense,REIMBURSED,PRJ-050,EQUIPMENT,
HIST-01517,E0193,Lantern Printing,2024-01-24,64.01,SGD,H901083,Routine historical business expense,REIMBURSED,PRJ-060,EQUIPMENT,
HIST-01194,E0151,QuickFix IT Services,2024-11-01,64.04,SGD,H551431,Routine historical business expense,REIMBURSED,PRJ-059,OTHER,
HIST-00994,E0127,Evergreen Florists,2024-08-17,64.49,SGD,H678117,Routine historical business expense,REIMBURSED,PRJ-032,HOTEL,
HIST-02135,E0269,Sunrise Bookstore,2026-09-12,6405.85,INR,H584948,Routine historical business expense,REIMBURSED,PRJ-058,HOTEL,
HIST-01849,E0233,Harvest Deli,2024-11-22,6410.56,INR,H529454,Routine historical business expense,REIMBURSED,PRJ-011,GROUND_TRANSPORT,
HIST-01880,E0237,Metro Print Shop,2026-01-24,6423.24,JPY,H135411,Routine historical business expense,REIMBURSED,PRJ-049,EQUIPMENT,
HIST-02205,E0278,Tech Repair Lab,2026-11-17,6432.45,INR,H540030,Routine historical business expense,REIMBURSED,PRJ-047,MEAL_CLIENT,
HIST-01557,E0197,Blue Line Couriers,2024-07-28,6436.76,INR,H923840,Routine historical business expense,REIMBURSED,PRJ-039,SOFTWARE,
HIST-01872,E0236,Bridge Street Grocer,2026-02-03,6457.78,INR,H903847,Routine historical business expense,REIMBURSED,PRJ-042,MEAL_EMPLOYEE,
HIST-01469,E0186,Green Leaf Catering,2024-10-02,6483.75,JPY,H765201,Routine historical business expense,REIMBURSED,PRJ-010,MEAL_EMPLOYEE,
HIST-01777,E0224,Pinnacle Signage,2026-11-19,6489.43,INR,H303580,Routine historical business expense,REIMBURSED,PRJ-051,MEAL_CLIENT,
HIST-01148,E0145,QuickFix IT Services,2026-12-06,65.35,SGD,H934268,Routine historical business expense,REIMBURSED,PRJ-021,AIRFARE,
HIST-01482,E0187,Central Stationers,2024-12-10,65.5,SGD,H545621,Routine historical business expense,REIMBURSED,PRJ-054,MEAL_EMPLOYEE,
HIST-01699,E0214,Delta Copy Centre,2026-11-02,65.78,SGD,H906994,Routine historical business expense,REIMBURSED,PRJ-034,GROUND_TRANSPORT,
HIST-01000,E0127,QuickFix IT Services,2024-09-04,65.96,SGD,H382716,Routine historical business expense,REIMBURSED,PRJ-056,MEAL_CLIENT,
HIST-00085,E0012,Lantern Printing,2024-04-13,6509.04,JPY,H890799,Routine historical business expense,REIMBURSED,PRJ-055,SOFTWARE,
HIST-00175,E0023,Corner Bakery Co,2024-07-25,6536.2,INR,H241373,Routine historical business expense,REIMBURSED,PRJ-030,OTHER,
HIST-01392,E0176,Northside Pharmacy,2026-06-02,6545.25,INR,H158147,Routine historical business expense,REIMBURSED,PRJ-045,MEAL_EMPLOYEE,
HIST-02337,E0293,Delta Copy Centre,2026-07-05,6559.38,INR,H121115,Routine historical business expense,REIMBURSED,PRJ-041,SOFTWARE,
HIST-01575,E0200,Harbor Office Supply,2025-02-15,6566.45,INR,H829940,Routine historical business expense,REIMBURSED,PRJ-049,EQUIPMENT,
HIST-00320,E0042,Northside Pharmacy,2025-08-13,6584.97,JPY,H647396,Routine historical business expense,REIMBURSED,PRJ-055,SOFTWARE,
HIST-00839,E0107,Blue Line Couriers,2025-03-12,6595.1,INR,H728066,Routine historical business expense,REIMBURSED,PRJ-009,OTHER,
HIST-01892,E0238,Blue Line Couriers,2026-12-23,66.39,SGD,H493635,Routine historical business expense,REIMBURSED,PRJ-029,HOTEL,
HIST-01547,E0196,Bridge Street Grocer,2025-05-04,66.74,SGD,H654471,Routine historical business expense,REIMBURSED,PRJ-008,OTHER,
HIST-00047,E0007,Northside Pharmacy,2026-10-07,66.94,SGD,H205918,Routine historical business expense,REIMBURSED,PRJ-046,EQUIPMENT,
HIST-02055,E0259,Harbor Office Supply,2026-06-07,66.98,SGD,H107165,Routine historical business expense,REIMBURSED,PRJ-043,EQUIPMENT,
HIST-00929,E0119,Anchor Water Co,2024-10-28,6600.79,INR,H922649,Routine historical business expense,REIMBURSED,PRJ-030,MEAL_EMPLOYEE,
HIST-00643,E0083,Harvest Deli,2026-02-27,6631.45,INR,H247921,Routine historical business expense,REIMBURSED,PRJ-024,AIRFARE,
HIST-00540,E0069,Bridge Street Grocer,2025-07-06,6635.67,JPY,H311204,Routine historical business expense,REIMBURSED,PRJ-034,HOTEL,
HIST-00955,E0122,Skyview Coffee,2026-05-06,6636.8,INR,H276064,Routine historical business expense,REIMBURSED,PRJ-025,SOFTWARE,
HIST-00720,E0092,Delta Copy Centre,2025-10-18,6640.14,INR,H943811,Routine historical business expense,REIMBURSED,PRJ-009,GROUND_TRANSPORT,
HIST-01676,E0212,Tech Repair Lab,2026-10-12,6666.12,INR,H500040,Routine historical business expense,REIMBURSED,PRJ-011,SOFTWARE,
HIST-00838,E0107,Skyview Coffee,2025-01-03,6670.68,INR,H350064,Routine historical business expense,REIMBURSED,PRJ-028,EQUIPMENT,
HIST-00413,E0053,Paper & Pen Depot,2024-05-25,6676.08,INR,H560067,Routine historical business expense,REIMBURSED,PRJ-024,MEAL_EMPLOYEE,
HIST-00861,E0110,Harbor Office Supply,2025-02-21,6679.78,INR,H110208,Routine historical business expense,REIMBURSED,PRJ-035,MEAL_CLIENT,
HIST-00834,E0107,Corner Bakery Co,2026-08-10,6682.58,INR,H736316,Routine historical business expense,REIMBURSED,PRJ-002,EQUIPMENT,
HIST-02084,E0263,Green Leaf Catering,2026-10-09,6699.63,INR,H346297,Routine historical business expense,REIMBURSED,PRJ-032,HOTEL,
HIST-01027,E0130,Lantern Printing,2025-05-01,67.53,SGD,H733780,Routine historical business expense,REIMBURSED,PRJ-014,GROUND_TRANSPORT,
HIST-00082,E0011,Delta Copy Centre,2025-10-25,6709.35,INR,H973329,Routine historical business expense,REIMBURSED,PRJ-054,HOTEL,
HIST-00508,E0065,Delta Copy Centre,2026-05-14,6715.76,INR,H319072,Routine historical business expense,REIMBURSED,PRJ-003,MEAL_EMPLOYEE,
HIST-01318,E0167,Delta Copy Centre,2025-02-14,6722.33,INR,H777777,Routine historical business expense,REIMBURSED,PRJ-022,MEAL_EMPLOYEE,
HIST-02132,E0269,Northside Pharmacy,2025-11-10,6738.26,INR,H882720,Routine historical business expense,REIMBURSED,PRJ-031,GROUND_TRANSPORT,
HIST-01858,E0234,Airport Express Kiosk,2026-10-11,6747.43,JPY,H877618,Routine historical business expense,REIMBURSED,PRJ-059,MEAL_CLIENT,
HIST-00211,E0027,Lunch Bowl Cafe,2025-03-02,6748.68,JPY,H393963,Routine historical business expense,REIMBURSED,PRJ-050,MEAL_EMPLOYEE,
HIST-00552,E0071,Evergreen Florists,2024-08-20,6756.88,INR,H413956,Routine historical business expense,REIMBURSED,PRJ-035,OTHER,
HIST-02037,E0257,Airport Express Kiosk,2024-02-24,6786.59,INR,H672185,Routine historical business expense,REIMBURSED,PRJ-024,MEAL_EMPLOYEE,
HIST-02002,E0252,Central Stationers,2025-02-07,6793.89,JPY,H563977,Routine historical business expense,REIMBURSED,PRJ-021,SOFTWARE,
HIST-01001,E0127,Blue Line Couriers,2025-08-10,68.27,SGD,H718716,Routine historical business expense,REIMBURSED,PRJ-028,OTHER,
HIST-02277,E0286,Anchor Water Co,2024-12-21,68.72,SGD,H459329,Routine historical business expense,REIMBURSED,PRJ-051,EQUIPMENT,
HIST-00168,E0022,Summit Uniforms,2025-10-18,68.75,SGD,H655061,Routine historical business expense,REIMBURSED,PRJ-056,OTHER,
HIST-00692,E0089,Green Leaf Catering,2024-06-13,6824.51,INR,H299673,Routine historical business expense,REIMBURSED,PRJ-025,OTHER,
HIST-00335,E0044,Sunrise Bookstore,2026-06-18,6855.39,INR,H637667,Routine historical business expense,REIMBURSED,PRJ-003,GROUND_TRANSPORT,
HIST-01682,E0212,Lunch Bowl Cafe,2026-03-28,6881.16,INR,H133556,Routine historical business expense,REIMBURSED,PRJ-017,MEAL_CLIENT,
HIST-00197,E0026,Riverside Cafe,2025-03-01,6895.71,INR,H927215,Routine historical business expense,REIMBURSED,PRJ-031,AIRFARE,
HIST-00478,E0061,Bridge Street Grocer,2024-09-26,69.2,SGD,H847745,Routine historical business expense,REIMBURSED,PRJ-040,MEAL_EMPLOYEE,
HIST-00502,E0064,City Parking Services,2026-02-12,69.32,SGD,H112270,Routine historical business expense,REIMBURSED,PRJ-050,MEAL_EMPLOYEE,
HIST-00497,E0064,Green Leaf Catering,2026-10-20,69.45,SGD,H105278,Routine historical business expense,REIMBURSED,PRJ-002,SOFTWARE,
HIST-00707,E0091,Airport Express Kiosk,2026-11-19,69.59,SGD,H748690,Routine historical business expense,REIMBURSED,PRJ-007,HOTEL,
HIST-02349,E0295,Urban Laundry,2024-09-09,69.94,SGD,H836656,Routine historical business expense,REIMBURSED,PRJ-050,OTHER,
HIST-00865,E0110,TransitCard Top-up,2024-02-12,6906.09,INR,H975164,Routine historical business expense,REIMBURSED,PRJ-024,MEAL_EMPLOYEE,
HIST-00455,E0059,City Parking Services,2024-07-08,6919.62,INR,H840085,Routine historical business expense,REIMBURSED,PRJ-002,SOFTWARE,
HIST-01615,E0204,Bridge Street Grocer,2026-02-01,6929.13,JPY,H921028,Routine historical business expense,REIMBURSED,PRJ-045,HOTEL,
HIST-02377,E0299,Urban Laundry,2026-10-08,6940.19,INR,H313594,Routine historical business expense,REIMBURSED,PRJ-015,GROUND_TRANSPORT,
HIST-01878,E0236,Green Leaf Catering,2025-10-12,6948.13,INR,H262792,Routine historical business expense,REIMBURSED,PRJ-045,EQUIPMENT,
HIST-00133,E0018,Harvest Deli,2024-06-14,6966.62,JPY,H386910,Routine historical business expense,REIMBURSED,PRJ-019,GROUND_TRANSPORT,
HIST-02215,E0279,Airport Express Kiosk,2026-05-14,6967.34,JPY,H496749,Routine historical business expense,REIMBURSED,PRJ-001,MEAL_CLIENT,
HIST-01628,E0206,Northside Pharmacy,2024-05-24,6969.04,INR,H554719,Routine historical business expense,REIMBURSED,PRJ-044,SOFTWARE,
HIST-00635,E0081,City Parking Services,2026-02-24,6979.77,JPY,H609499,Routine historical business expense,REIMBURSED,PRJ-039,SOFTWARE,
HIST-00546,E0070,Skyview Coffee,2024-05-07,70.94,SGD,H594480,Routine historical business expense,REIMBURSED,PRJ-041,EQUIPMENT,
HIST-00462,E0059,Corner Bakery Co,2024-10-07,7011.56,INR,H338780,Routine historical business expense,REIMBURSED,PRJ-024,MEAL_CLIENT,
HIST-01664,E0210,Blue Line Couriers,2024-10-09,7023.85,JPY,H251869,Routine historical business expense,REIMBURSED,PRJ-060,HOTEL,
HIST-00229,E0029,Blue Line Couriers,2025-08-06,7041.2,INR,H232060,Routine historical business expense,REIMBURSED,PRJ-047,OTHER,
HIST-02387,E0300,Green Leaf Catering,2026-04-19,7062.74,JPY,H790996,Routine historical business expense,REIMBURSED,PRJ-030,MEAL_CLIENT,
HIST-00315,E0041,Bridge Street Grocer,2025-03-24,7086.05,INR,H156851,Routine historical business expense,REIMBURSED,PRJ-008,SOFTWARE,
HIST-00356,E0046,Sunrise Bookstore,2026-12-20,71.44,SGD,H400471,Routine historical business expense,REIMBURSED,PRJ-014,OTHER,
HIST-00283,E0037,Pinnacle Signage,2025-11-07,71.5,SGD,H137247,Routine historical business expense,REIMBURSED,PRJ-015,SOFTWARE,
HIST-00244,E0031,Central Stationers,2024-09-23,71.6,SGD,H491454,Routine historical business expense,REIMBURSED,PRJ-009,AIRFARE,
HIST-02243,E0283,Riverside Cafe,2024-06-22,71.86,SGD,H806342,Routine historical business expense,REIMBURSED,PRJ-051,GROUND_TRANSPORT,
HIST-02070,E0261,Harbor Office Supply,2025-09-15,7118.06,JPY,H852449,Routine historical business expense,REIMBURSED,PRJ-027,GROUND_TRANSPORT,
HIST-01775,E0224,QuickFix IT Services,2026-10-12,7120.33,INR,H248876,Routine historical business expense,REIMBURSED,PRJ-021,HOTEL,
HIST-01157,E0146,Northside Pharmacy,2026-09-02,7122.81,INR,H580364,Routine historical business expense,REIMBURSED,PRJ-059,HOTEL,
HIST-01754,E0221,Tech Repair Lab,2025-06-13,7129.05,INR,H877129,Routine historical business expense,REIMBURSED,PRJ-060,MEAL_CLIENT,
HIST-01774,E0224,Paper & Pen Depot,2025-07-18,7149.81,INR,H718578,Routine historical business expense,REIMBURSED,PRJ-049,OTHER,
HIST-01216,E0153,Paper & Pen Depot,2026-10-21,7172.84,JPY,H117596,Routine historical business expense,REIMBURSED,PRJ-027,AIRFARE,
HIST-02369,E0298,Harvest Deli,2024-02-07,72.87,SGD,H375807,Routine historical business expense,REIMBURSED,PRJ-052,EQUIPMENT,
HIST-00388,E0050,Bridge Street Grocer,2026-05-05,7200.56,INR,H121044,Routine historical business expense,REIMBURSED,PRJ-003,MEAL_EMPLOYEE,
HIST-02265,E0285,Sunrise Bookstore,2026-05-15,7213.38,JPY,H177447,Routine historical business expense,REIMBURSED,PRJ-042,EQUIPMENT,
HIST-02292,E0288,Lunch Bowl Cafe,2026-09-06,7223.0,JPY,H931575,Routine historical business expense,REIMBURSED,PRJ-020,HOTEL,
HIST-01056,E0134,Airport Express Kiosk,2025-05-04,7246.05,INR,H956292,Routine historical business expense,REIMBURSED,PRJ-023,MEAL_EMPLOYEE,
HIST-00016,E0003,TransitCard Top-up,2025-05-25,7257.76,JPY,H226732,Routine historical business expense,REIMBURSED,PRJ-060,HOTEL,
HIST-02111,E0266,Riverside Cafe,2026-11-22,7280.62,INR,H205607,Routine historical business expense,REIMBURSED,PRJ-017,SOFTWARE,
HIST-01024,E0130,Summit Uniforms,2025-02-12,73.11,SGD,H928946,Routine historical business expense,REIMBURSED,PRJ-007,HOTEL,
HIST-00242,E0031,Sunrise Bookstore,2024-08-10,73.58,SGD,H738037,Routine historical business expense,REIMBURSED,PRJ-016,EQUIPMENT,
HIST-01633,E0207,Harbor Office Supply,2025-10-01,7303.01,JPY,H490342,Routine historical business expense,REIMBURSED,PRJ-033,MEAL_CLIENT,
HIST-00294,E0038,Evergreen Florists,2024-08-15,7316.22,INR,H952888,Routine historical business expense,REIMBURSED,PRJ-021,MEAL_CLIENT,
HIST-00173,E0023,Pinnacle Signage,2026-05-24,7318.98,INR,H370955,Routine historical business expense,REIMBURSED,PRJ-056,GROUND_TRANSPORT,
HIST-00102,E0014,Airport Express Kiosk,2024-02-24,7326.3,INR,H362588,Routine historical business expense,REIMBURSED,PRJ-018,EQUIPMENT,
HIST-00366,E0048,Delta Copy Centre,2026-11-16,7327.15,JPY,H523558,Routine historical business expense,REIMBURSED,PRJ-042,EQUIPMENT,
HIST-01231,E0155,Lunch Bowl Cafe,2026-08-05,7328.83,INR,H588964,Routine historical business expense,REIMBURSED,PRJ-049,MEAL_EMPLOYEE,
HIST-02256,E0284,Corner Bakery Co,2025-11-26,7342.62,INR,H127876,Routine historical business expense,REIMBURSED,PRJ-040,AIRFARE,
HIST-00872,E0111,Lantern Printing,2024-05-26,7359.15,JPY,H448559,Routine historical business expense,REIMBURSED,PRJ-059,HOTEL,
HIST-00775,E0099,Urban Laundry,2024-12-03,7364.54,JPY,H488539,Routine historical business expense,REIMBURSED,PRJ-012,OTHER,
HIST-01779,E0224,Anchor Water Co,2024-03-17,7372.95,INR,H835460,Routine historical business expense,REIMBURSED,PRJ-046,SOFTWARE,
HIST-00276,E0036,Northside Pharmacy,2025-07-01,7380.7,JPY,H727671,Routine historical business expense,REIMBURSED,PRJ-046,GROUND_TRANSPORT,
HIST-02254,E0284,Sunrise Bookstore,2024-06-12,7388.12,INR,H186968,Routine historical business expense,REIMBURSED,PRJ-033,GROUND_TRANSPORT,
HIST-00602,E0077,Evergreen Florists,2024-03-17,7393.6,INR,H444461,Routine historical business expense,REIMBURSED,PRJ-010,AIRFARE,
HIST-00188,E0025,Lantern Printing,2025-09-27,74.73,SGD,H310333,Routine historical business expense,REIMBURSED,PRJ-047,AIRFARE,
HIST-01899,E0239,Evergreen Florists,2024-12-03,740.91,INR,H128077,Routine historical business expense,REIMBURSED,PRJ-038,MEAL_EMPLOYEE,
HIST-01877,E0236,TransitCard Top-up,2025-05-06,740.96,INR,H163050,Routine historical business expense,REIMBURSED,PRJ-001,MEAL_CLIENT,
HIST-01871,E0236,Corner Bakery Co,2025-02-26,7406.8,INR,H626403,Routine historical business expense,REIMBURSED,PRJ-012,SOFTWARE,
HIST-01080,E0137,Bridge Street Grocer,2024-11-22,7416.72,INR,H169109,Routine historical business expense,REIMBURSED,PRJ-039,OTHER,
HIST-00337,E0044,Evergreen Florists,2024-04-21,7447.7,INR,H907743,Routine historical business expense,REIMBURSED,PRJ-005,AIRFARE,
HIST-00405,E0053,Evergreen Florists,2026-08-03,7447.84,INR,H368920,Routine historical business expense,REIMBURSED,PRJ-012,OTHER,
HIST-00317,E0041,Evergreen Florists,2025-09-12,7457.69,INR,H950389,Routine historical business expense,REIMBURSED,PRJ-034,AIRFARE,
HIST-01146,E0144,Green Leaf Catering,2024-12-04,7459.2,JPY,H421073,Routine historical business expense,REIMBURSED,PRJ-058,EQUIPMENT,
PREV-00048,E0002,NipponTel,2026-08-12,7500,JPY,H378106,Mobile plan,REIMBURSED,,TELECOM,
PREV-00047,E0002,NipponTel,2026-09-02,7500,JPY,H403888,Mobile plan,REIMBURSED,,TELECOM,
HIST-01747,E0221,Lantern Printing,2025-05-26,7520.02,INR,H343946,Routine historical business expense,REIMBURSED,PRJ-001,AIRFARE,
HIST-01579,E0200,City Parking Services,2026-04-09,7525.98,INR,H208390,Routine historical business expense,REIMBURSED,PRJ-002,MEAL_CLIENT,
HIST-00907,E0116,Metro Print Shop,2026-12-04,7554.37,INR,H112706,Routine historical business expense,REIMBURSED,PRJ-055,SOFTWARE,
HIST-00601,E0077,Summit Uniforms,2024-09-21,7575.75,INR,H726243,Routine historical business expense,REIMBURSED,PRJ-049,SOFTWARE,
HIST-00411,E0053,Delta Copy Centre,2025-08-01,7588.2,INR,H891632,Routine historical business expense,REIMBURSED,PRJ-002,MEAL_CLIENT,
HIST-01937,E0244,Harbor Office Supply,2024-02-01,76.46,SGD,H214659,Routine historical business expense,REIMBURSED,PRJ-046,HOTEL,
HIST-02116,E0267,Riverside Cafe,2026-04-17,7602.2,JPY,H460706,Routine historical business expense,REIMBURSED,PRJ-018,AIRFARE,
HIST-00034,E0005,Central Stationers,2024-08-16,7603.55,INR,H222138,Routine historical business expense,REIMBURSED,PRJ-013,SOFTWARE,
HIST-01324,E0167,Urban Laundry,2025-01-06,7610.13,INR,H680892,Routine historical business expense,REIMBURSED,PRJ-018,HOTEL,
HIST-00582,E0075,Anchor Water Co,2025-03-07,7613.12,JPY,H343487,Routine historical business expense,REIMBURSED,PRJ-030,SOFTWARE,
HIST-01787,E0225,Central Stationers,2024-11-16,7626.02,JPY,H771447,Routine historical business expense,REIMBURSED,PRJ-040,MEAL_EMPLOYEE,
HIST-00957,E0122,Skyview Coffee,2026-10-22,7632.33,INR,H298365,Routine historical business expense,REIMBURSED,PRJ-015,HOTEL,
HIST-01036,E0131,Tech Repair Lab,2026-10-03,7650.91,INR,H834301,Routine historical business expense,REIMBURSED,PRJ-011,MEAL_EMPLOYEE,
HIST-01010,E0128,Anchor Water Co,2024-06-20,7691.44,INR,H541112,Routine historical business expense,REIMBURSED,PRJ-021,SOFTWARE,
HIST-00425,E0055,QuickFix IT Services,2025-08-08,77.06,SGD,H379355,Routine historical business expense,REIMBURSED,PRJ-056,GROUND_TRANSPORT,
HIST-02147,E0271,Skyview Coffee,2024-08-10,77.91,SGD,H600736,Routine historical business expense,REIMBURSED,PRJ-037,HOTEL,
HIST-01259,E0159,TransitCard Top-up,2025-08-03,7708.56,JPY,H881726,Routine historical business expense,REIMBURSED,PRJ-054,HOTEL,
HIST-00799,E0102,Paper & Pen Depot,2026-07-08,7717.88,JPY,H411558,Routine historical business expense,REIMBURSED,PRJ-001,EQUIPMENT,
HIST-01710,E0216,Northside Pharmacy,2026-07-05,7720.8,JPY,H539455,Routine historical business expense,REIMBURSED,PRJ-052,EQUIPMENT,
HIST-00605,E0077,Blue Line Couriers,2024-04-16,7733.78,INR,H383660,Routine historical business expense,REIMBURSED,PRJ-059,OTHER,
HIST-01732,E0218,Anchor Water Co,2024-08-15,7740.49,INR,H641264,Routine historical business expense,REIMBURSED,PRJ-030,HOTEL,
HIST-01054,E0134,Central Stationers,2025-03-03,7749.81,INR,H148367,Routine historical business expense,REIMBURSED,PRJ-028,MEAL_EMPLOYEE,
HIST-00786,E0101,Pinnacle Signage,2025-08-07,7750.64,INR,H794720,Routine historical business expense,REIMBURSED,PRJ-020,GROUND_TRANSPORT,
HIST-01811,E0228,Anchor Water Co,2025-12-07,7756.12,JPY,H105368,Routine historical business expense,REIMBURSED,PRJ-044,MEAL_EMPLOYEE,
HIST-00621,E0080,Tech Repair Lab,2025-09-20,7756.32,INR,H926341,Routine historical business expense,REIMBURSED,PRJ-055,MEAL_EMPLOYEE,
HIST-00675,E0086,Skyview Coffee,2026-05-15,7762.65,INR,H472205,Routine historical business expense,REIMBURSED,PRJ-014,OTHER,
HIST-01965,E0248,Skyview Coffee,2024-04-11,7770.93,INR,H628639,Routine historical business expense,REIMBURSED,PRJ-036,MEAL_CLIENT,
HIST-00571,E0073,Skyview Coffee,2026-06-24,78.19,SGD,H572804,Routine historical business expense,REIMBURSED,PRJ-059,OTHER,
HIST-00525,E0067,Bridge Street Grocer,2026-06-06,78.31,SGD,H926355,Routine historical business expense,REIMBURSED,PRJ-001,HOTEL,
HIST-02331,E0292,TransitCard Top-up,2025-05-16,78.46,SGD,H840058,Routine historical business expense,REIMBURSED,PRJ-044,GROUND_TRANSPORT,
HIST-01958,E0247,Airport Express Kiosk,2026-06-20,78.8,SGD,H410870,Routine historical business expense,REIMBURSED,PRJ-033,EQUIPMENT,
HIST-00156,E0021,Tech Repair Lab,2026-10-21,7811.58,JPY,H888808,Routine historical business expense,REIMBURSED,PRJ-005,EQUIPMENT,
HIST-01562,E0198,Northside Pharmacy,2026-03-16,7857.25,JPY,H336417,Routine historical business expense,REIMBURSED,PRJ-021,MEAL_EMPLOYEE,
HIST-01967,E0248,Evergreen Florists,2026-04-27,7878.21,INR,H448873,Routine historical business expense,REIMBURSED,PRJ-037,MEAL_EMPLOYEE,
HIST-00514,E0065,Evergreen Florists,2026-09-15,7890.06,INR,H970228,Routine historical business expense,REIMBURSED,PRJ-034,EQUIPMENT,
HIST-00101,E0014,Metro Print Shop,2026-04-11,7894.96,INR,H575793,Routine historical business expense,REIMBURSED,PRJ-048,SOFTWARE,
HIST-00260,E0034,Sunrise Bookstore,2026-10-26,79.03,SGD,H277274,Routine historical business expense,REIMBURSED,PRJ-026,GROUND_TRANSPORT,
HIST-01432,E0181,Harvest Deli,2025-07-07,79.8,SGD,H630339,Routine historical business expense,REIMBURSED,PRJ-053,OTHER,
HIST-02042,E0257,Urban Laundry,2026-12-26,7907.98,INR,H885258,Routine historical business expense,REIMBURSED,PRJ-042,HOTEL,
HIST-01602,E0203,Paper & Pen Depot,2024-08-20,7915.37,INR,H748865,Routine historical business expense,REIMBURSED,PRJ-031,GROUND_TRANSPORT,
HIST-02086,E0263,Delta Copy Centre,2024-12-18,7921.65,INR,H593123,Routine historical business expense,REIMBURSED,PRJ-058,GROUND_TRANSPORT,
HIST-00483,E0062,Sunrise Bookstore,2026-03-26,793.22,INR,H328258,Routine historical business expense,REIMBURSED,PRJ-052,GROUND_TRANSPORT,
HIST-01277,E0161,Airport Express Kiosk,2024-09-11,7933.9,INR,H587261,Routine historical business expense,REIMBURSED,PRJ-024,SOFTWARE,
HIST-01605,E0203,Pinnacle Signage,2026-01-09,7938.67,INR,H683330,Routine historical business expense,REIMBURSED,PRJ-032,OTHER,
HIST-02158,E0272,Green Leaf Catering,2025-12-18,7945.86,INR,H960217,Routine historical business expense,REIMBURSED,PRJ-026,AIRFARE,
HIST-01800,E0227,Green Leaf Catering,2025-05-04,7946.35,INR,H906695,Routine historical business expense,REIMBURSED,PRJ-054,OTHER,
HIST-00557,E0071,Blue Line Couriers,2024-02-13,7963.4,INR,H644986,Routine historical business expense,REIMBURSED,PRJ-032,MEAL_CLIENT,
HIST-00943,E0120,Northside Pharmacy,2025-01-05,7976.54,JPY,H539830,Routine historical business expense,REIMBURSED,PRJ-051,MEAL_CLIENT,
HIST-00162,E0022,Harvest Deli,2026-12-23,8.81,SGD,H653927,Routine historical business expense,REIMBURSED,PRJ-051,GROUND_TRANSPORT,
HIST-01288,E0163,Central Stationers,2026-03-24,8.96,SGD,H433990,Routine historical business expense,REIMBURSED,PRJ-007,MEAL_EMPLOYEE,
HIST-01048,E0133,Pinnacle Signage,2024-12-04,80.01,SGD,H276691,Routine historical business expense,REIMBURSED,PRJ-021,MEAL_EMPLOYEE,
HIST-02026,E0256,Blue Line Couriers,2024-06-11,80.1,SGD,H714899,Routine historical business expense,REIMBURSED,PRJ-016,OTHER,
HIST-00711,E0091,Blue Line Couriers,2025-10-06,80.37,SGD,H736239,Routine historical business expense,REIMBURSED,PRJ-034,AIRFARE,
HIST-01674,E0211,Bridge Street Grocer,2024-06-02,80.76,SGD,H442897,Routine historical business expense,REIMBURSED,PRJ-053,MEAL_EMPLOYEE,
HIST-02225,E0280,Corner Bakery Co,2024-10-24,80.82,SGD,H141199,Routine historical business expense,REIMBURSED,PRJ-004,MEAL_CLIENT,
HIST-00221,E0028,Tech Repair Lab,2026-02-09,80.88,SGD,H733539,Routine historical business expense,REIMBURSED,PRJ-005,SOFTWARE,
PREV-00038,E0046,Northwind Institute,2026-03-12,800,SGD,H834846,External course,REIMBURSED,,TRAINING,
HIST-01364,E0173,QuickFix IT Services,2024-04-25,8047.37,INR,H902186,Routine historical business expense,REIMBURSED,PRJ-053,AIRFARE,
HIST-01900,E0239,Metro Print Shop,2025-12-27,8097.34,INR,H178671,Routine historical business expense,REIMBURSED,PRJ-036,GROUND_TRANSPORT,
HIST-01221,E0154,City Parking Services,2026-05-07,81.22,SGD,H654040,Routine historical business expense,REIMBURSED,PRJ-006,SOFTWARE,
HIST-01468,E0186,Pinnacle Signage,2025-02-22,8100.79,JPY,H306791,Routine historical business expense,REIMBURSED,PRJ-037,AIRFARE,
HIST-01852,E0233,Green Leaf Catering,2026-11-10,8102.91,INR,H963598,Routine historical business expense,REIMBURSED,PRJ-059,MEAL_CLIENT,
HIST-00432,E0056,Anchor Water Co,2024-07-10,8104.47,INR,H587238,Routine historical business expense,REIMBURSED,PRJ-058,HOTEL,
HIST-01827,E0230,Lunch Bowl Cafe,2025-11-28,8106.28,INR,H146571,Routine historical business expense,REIMBURSED,PRJ-012,HOTEL,
HIST-01851,E0233,Green Leaf Catering,2024-10-23,8125.17,INR,H472347,Routine historical business expense,REIMBURSED,PRJ-053,EQUIPMENT,
HIST-01159,E0146,Metro Print Shop,2026-04-15,8134.69,INR,H310401,Routine historical business expense,REIMBURSED,PRJ-048,GROUND_TRANSPORT,
HIST-00299,E0039,Tech Repair Lab,2025-08-11,8151.59,JPY,H490631,Routine historical business expense,REIMBURSED,PRJ-015,AIRFARE,
HIST-01802,E0227,Corner Bakery Co,2024-09-27,8164.9,INR,H596183,Routine historical business expense,REIMBURSED,PRJ-012,HOTEL,
HIST-00615,E0079,Northside Pharmacy,2024-09-25,82.1,SGD,H154322,Routine historical business expense,REIMBURSED,PRJ-047,SOFTWARE,
HIST-01959,E0247,Blue Line Couriers,2025-06-28,82.71,SGD,H391361,Routine historical business expense,REIMBURSED,PRJ-031,EQUIPMENT,
HIST-00690,E0089,Metro Print Shop,2026-05-09,8250.46,INR,H680374,Routine historical business expense,REIMBURSED,PRJ-033,EQUIPMENT,
HIST-00761,E0098,Lunch Bowl Cafe,2025-11-28,8253.69,INR,H261264,Routine historical business expense,REIMBURSED,PRJ-048,MEAL_CLIENT,
HIST-00931,E0119,Northside Pharmacy,2026-06-10,8276.39,INR,H170186,Routine historical business expense,REIMBURSED,PRJ-013,MEAL_EMPLOYEE,
HIST-02333,E0293,Evergreen Florists,2025-09-15,8277.52,INR,H887999,Routine historical business expense,REIMBURSED,PRJ-045,GROUND_TRANSPORT,
HIST-01333,E0169,Urban Laundry,2024-12-26,83.34,SGD,H973755,Routine historical business expense,REIMBURSED,PRJ-046,MEAL_CLIENT,
HIST-00919,E0117,Metro Print Shop,2024-06-13,8308.82,JPY,H185477,Routine historical business expense,REIMBURSED,PRJ-056,SOFTWARE,
HIST-01345,E0170,Airport Express Kiosk,2024-07-21,8328.78,INR,H419703,Routine historical business expense,REIMBURSED,PRJ-003,GROUND_TRANSPORT,
HIST-01532,E0194,Lunch Bowl Cafe,2024-12-08,8331.64,INR,H245979,Routine historical business expense,REIMBURSED,PRJ-012,MEAL_EMPLOYEE,
HIST-01424,E0180,Lunch Bowl Cafe,2024-10-10,8354.0,JPY,H177692,Routine historical business expense,REIMBURSED,PRJ-044,AIRFARE,
HIST-00487,E0062,Harvest Deli,2026-06-14,8354.44,INR,H972104,Routine historical business expense,REIMBURSED,PRJ-011,MEAL_EMPLOYEE,
HIST-01374,E0174,City Parking Services,2025-09-18,8358.43,JPY,H286407,Routine historical business expense,REIMBURSED,PRJ-004,AIRFARE,
HIST-01207,E0152,Sunrise Bookstore,2026-04-11,8358.84,INR,H122275,Routine historical business expense,REIMBURSED,PRJ-057,OTHER,
HIST-01180,E0149,Anchor Water Co,2026-06-09,8366.39,INR,H294354,Routine historical business expense,REIMBURSED,PRJ-045,OTHER,
HIST-01781,E0224,Lantern Printing,2025-03-20,8367.01,INR,H209572,Routine historical business expense,REIMBURSED,PRJ-058,SOFTWARE,
HIST-01217,E0153,Skyview Coffee,2026-07-13,8368.87,JPY,H489560,Routine historical business expense,REIMBURSED,PRJ-036,GROUND_TRANSPORT,
HIST-01627,E0206,Sunrise Bookstore,2025-05-19,837.95,INR,H342107,Routine historical business expense,REIMBURSED,PRJ-011,OTHER,
HIST-01621,E0205,Blue Line Couriers,2024-11-13,84.14,SGD,H178104,Routine historical business expense,REIMBURSED,PRJ-015,AIRFARE,
HIST-02197,E0277,Evergreen Florists,2024-08-18,84.58,SGD,H167523,Routine historical business expense,REIMBURSED,PRJ-035,GROUND_TRANSPORT,
HIST-01816,E0229,Harvest Deli,2025-02-17,84.9,SGD,H162990,Routine historical business expense,REIMBURSED,PRJ-052,SOFTWARE,
HIST-01209,E0153,Airport Express Kiosk,2024-06-16,8408.55,JPY,H851877,Routine historical business expense,REIMBURSED,PRJ-006,EQUIPMENT,
HIST-00394,E0051,Paper & Pen Depot,2024-12-17,8410.87,JPY,H658758,Routine historical business expense,REIMBURSED,PRJ-007,AIRFARE,
HIST-01580,E0200,Blue Line Couriers,2026-04-09,8441.27,INR,H838838,Routine historical business expense,REIMBURSED,PRJ-053,AIRFARE,
HIST-00078,E0011,Summit Uniforms,2025-02-27,8460.54,INR,H538232,Routine historical business expense,REIMBURSED,PRJ-011,GROUND_TRANSPORT,
HIST-00390,E0050,Skyview Coffee,2024-09-26,8466.38,INR,H161644,Routine historical business expense,REIMBURSED,PRJ-045,EQUIPMENT,
HIST-00384,E0050,TransitCard Top-up,2026-07-08,8467.69,INR,H591339,Routine historical business expense,REIMBURSED,PRJ-052,MEAL_CLIENT,
HIST-01524,E0194,Tech Repair Lab,2024-09-26,8470.02,INR,H196524,Routine historical business expense,REIMBURSED,PRJ-011,AIRFARE,
HIST-00623,E0080,Skyview Coffee,2024-10-19,848.05,INR,H254020,Routine historical business expense,REIMBURSED,PRJ-012,MEAL_EMPLOYEE,
HIST-00461,E0059,Bridge Street Grocer,2025-12-22,8492.41,INR,H237580,Routine historical business expense,REIMBURSED,PRJ-006,MEAL_EMPLOYEE,
HIST-00504,E0064,Anchor Water Co,2025-10-03,85.17,SGD,H125941,Routine historical business expense,REIMBURSED,PRJ-031,MEAL_CLIENT,
HIST-00071,E0010,Harvest Deli,2025-12-02,85.24,SGD,H353388,Routine historical business expense,REIMBURSED,PRJ-031,AIRFARE,
HIST-00330,E0043,Delta Copy Centre,2025-06-10,85.87,SGD,H267808,Routine historical business expense,REIMBURSED,PRJ-055,GROUND_TRANSPORT,
HIST-01335,E0169,QuickFix IT Services,2024-03-24,85.95,SGD,H231414,Routine historical business expense,REIMBURSED,PRJ-056,HOTEL,
HIST-02306,E0290,TransitCard Top-up,2025-04-26,8534.0,INR,H745227,Routine historical business expense,REIMBURSED,PRJ-043,MEAL_EMPLOYEE,
HIST-01525,E0194,Bridge Street Grocer,2024-11-01,8538.99,INR,H537319,Routine historical business expense,REIMBURSED,PRJ-054,GROUND_TRANSPORT,
HIST-00347,E0045,Central Stationers,2025-01-28,8556.83,JPY,H198873,Routine historical business expense,REIMBURSED,PRJ-023,AIRFARE,
HIST-02131,E0269,Lunch Bowl Cafe,2026-08-24,8561.42,INR,H151976,Routine historical business expense,REIMBURSED,PRJ-025,GROUND_TRANSPORT,
HIST-00266,E0035,Delta Copy Centre,2024-03-18,8592.49,INR,H469630,Routine historical business expense,REIMBURSED,PRJ-011,MEAL_EMPLOYEE,
HIST-01339,E0169,Anchor Water Co,2026-02-14,86.03,SGD,H730661,Routine historical business expense,REIMBURSED,PRJ-004,GROUND_TRANSPORT,
HIST-01501,E0190,Green Leaf Catering,2025-10-21,86.64,SGD,H398567,Routine historical business expense,REIMBURSED,PRJ-019,EQUIPMENT,
HIST-01334,E0169,Green Leaf Catering,2024-04-12,86.67,SGD,H811588,Routine historical business expense,REIMBURSED,PRJ-046,GROUND_TRANSPORT,
HIST-00090,E0013,Harbor Office Supply,2024-09-06,86.74,SGD,H557556,Routine historical business expense,REIMBURSED,PRJ-030,MEAL_CLIENT,
HIST-00619,E0080,Lunch Bowl Cafe,2024-09-06,861.49,INR,H175826,Routine historical business expense,REIMBURSED,PRJ-042,SOFTWARE,
HIST-01636,E0207,Summit Uniforms,2026-09-05,8621.47,JPY,H972483,Routine historical business expense,REIMBURSED,PRJ-008,SOFTWARE,
HIST-00714,E0092,Skyview Coffee,2026-01-23,8621.94,INR,H923274,Routine historical business expense,REIMBURSED,PRJ-051,MEAL_CLIENT,
HIST-01870,E0236,Anchor Water Co,2024-11-15,8636.58,INR,H552590,Routine historical business expense,REIMBURSED,PRJ-011,SOFTWARE,
HIST-00270,E0035,Summit Uniforms,2024-05-03,8643.09,INR,H924717,Routine historical business expense,REIMBURSED,PRJ-047,SOFTWARE,
HIST-01321,E0167,QuickFix IT Services,2025-02-26,866.65,INR,H460262,Routine historical business expense,REIMBURSED,PRJ-020,EQUIPMENT,
HIST-00286,E0037,Delta Copy Centre,2026-10-10,87.6,SGD,H489252,Routine historical business expense,REIMBURSED,PRJ-028,AIRFARE,
HIST-00254,E0033,Riverside Cafe,2024-08-23,8710.61,JPY,H603957,Routine historical business expense,REIMBURSED,PRJ-058,OTHER,
HIST-01015,E0129,Tech Repair Lab,2024-01-19,8714.03,JPY,H156827,Routine historical business expense,REIMBURSED,PRJ-022,MEAL_CLIENT,
HIST-01114,E0140,TransitCard Top-up,2024-04-15,8721.28,INR,H720688,Routine historical business expense,REIMBURSED,PRJ-044,EQUIPMENT,
HIST-02356,E0296,TransitCard Top-up,2026-02-15,8723.45,INR,H410672,Routine historical business expense,REIMBURSED,PRJ-007,MEAL_EMPLOYEE,
HIST-00058,E0008,Airport Express Kiosk,2026-02-01,8729.7,INR,H674595,Routine historical business expense,REIMBURSED,PRJ-007,MEAL_CLIENT,
HIST-00555,E0071,Evergreen Florists,2025-01-09,8743.5,INR,H589836,Routine historical business expense,REIMBURSED,PRJ-010,AIRFARE,
HIST-00154,E0020,Anchor Water Co,2024-06-11,8750.05,INR,H456626,Routine historical business expense,REIMBURSED,PRJ-037,GROUND_TRANSPORT,
HIST-00178,E0023,Corner Bakery Co,2026-02-18,8754.13,INR,H372741,Routine historical business expense,REIMBURSED,PRJ-004,AIRFARE,
HIST-00980,E0125,Corner Bakery Co,2026-01-04,8776.18,INR,H941855,Routine historical business expense,REIMBURSED,PRJ-054,SOFTWARE,
HIST-02013,E0254,Central Stationers,2024-12-01,8796.58,INR,H666859,Routine historical business expense,REIMBURSED,PRJ-057,OTHER,
HIST-00035,E0005,City Parking Services,2026-07-16,8799.44,INR,H752158,Routine historical business expense,REIMBURSED,PRJ-041,SOFTWARE,
HIST-02248,E0283,Central Stationers,2025-08-25,88.38,SGD,H581823,Routine historical business expense,REIMBURSED,PRJ-040,EQUIPMENT,
HIST-01460,E0184,Summit Uniforms,2025-11-07,88.45,SGD,H697448,Routine historical business expense,REIMBURSED,PRJ-002,EQUIPMENT,
HIST-00729,E0093,Anchor Water Co,2026-11-19,8805.2,JPY,H313194,Routine historical business expense,REIMBURSED,PRJ-040,MEAL_CLIENT,
HIST-01443,E0182,Delta Copy Centre,2026-12-04,8827.19,INR,H922025,Routine historical business expense,REIMBURSED,PRJ-025,HOTEL,
HIST-02019,E0255,Blue Line Couriers,2025-05-08,8833.0,JPY,H108704,Routine historical business expense,REIMBURSED,PRJ-042,OTHER,
HIST-01726,E0218,Corner Bakery Co,2025-09-15,8837.54,INR,H830925,Routine historical business expense,REIMBURSED,PRJ-015,MEAL_CLIENT,
HIST-01830,E0230,Harvest Deli,2026-09-05,8838.22,INR,H311989,Routine historical business expense,REIMBURSED,PRJ-029,GROUND_TRANSPORT,
HIST-01227,E0155,Northside Pharmacy,2026-02-04,8843.07,INR,H317649,Routine historical business expense,REIMBURSED,PRJ-052,SOFTWARE,
HIST-01208,E0152,Green Leaf Catering,2025-06-15,8853.35,INR,H937287,Routine historical business expense,REIMBURSED,PRJ-002,AIRFARE,
HIST-00267,E0035,Evergreen Florists,2026-01-24,886.95,INR,H734414,Routine historical business expense,REIMBURSED,PRJ-050,MEAL_CLIENT,
HIST-01854,E0233,Tech Repair Lab,2025-05-28,8891.0,INR,H207294,Routine historical business expense,REIMBURSED,PRJ-025,SOFTWARE,
HIST-01629,E0206,Sunrise Bookstore,2025-02-07,8891.16,INR,H872062,Routine historical business expense,REIMBURSED,PRJ-013,MEAL_CLIENT,
HIST-01680,E0212,Delta Copy Centre,2026-01-06,8899.78,INR,H398453,Routine historical business expense,REIMBURSED,PRJ-011,GROUND_TRANSPORT,
HIST-00952,E0121,Tech Repair Lab,2025-08-08,89.08,SGD,H242711,Routine historical business expense,REIMBURSED,PRJ-047,AIRFARE,
HIST-00572,E0073,Northside Pharmacy,2025-08-09,89.21,SGD,H551879,Routine historical business expense,REIMBURSED,PRJ-037,HOTEL,
HIST-01911,E0241,Summit Uniforms,2024-10-24,89.99,SGD,H931919,Routine historical business expense,REIMBURSED,PRJ-044,GROUND_TRANSPORT,
HIST-01438,E0182,City Parking Services,2024-05-06,8910.02,INR,H781047,Routine historical business expense,REIMBURSED,PRJ-011,OTHER,
HIST-00912,E0117,City Parking Services,2024-02-03,8923.64,JPY,H261402,Routine historical business expense,REIMBURSED,PRJ-005,OTHER,
HIST-01955,E0246,Delta Copy Centre,2024-05-04,8924.53,JPY,H894349,Routine historical business expense,REIMBURSED,PRJ-009,HOTEL,
HIST-01977,E0249,Urban Laundry,2025-04-28,8928.72,JPY,H235869,Routine historical business expense,REIMBURSED,PRJ-047,MEAL_EMPLOYEE,
HIST-01245,E0156,QuickFix IT Services,2025-05-21,8937.58,JPY,H789324,Routine historical business expense,REIMBURSED,PRJ-024,EQUIPMENT,
HIST-02061,E0260,Blue Line Couriers,2024-09-21,8937.63,INR,H131750,Routine historical business expense,REIMBURSED,PRJ-007,AIRFARE,
HIST-01133,E0143,Central Stationers,2025-04-23,8944.9,INR,H455158,Routine historical business expense,REIMBURSED,PRJ-029,GROUND_TRANSPORT,
HIST-00666,E0086,Urban Laundry,2024-01-12,8958.64,INR,H916653,Routine historical business expense,REIMBURSED,PRJ-057,SOFTWARE,
HIST-00607,E0078,Northside Pharmacy,2026-05-17,8965.96,JPY,H780006,Routine historical business expense,REIMBURSED,PRJ-038,SOFTWARE,
HIST-02232,E0281,Sunrise Bookstore,2025-11-23,8978.14,INR,H375924,Routine historical business expense,REIMBURSED,PRJ-058,MEAL_EMPLOYEE,
HIST-02080,E0262,Blue Line Couriers,2026-10-03,9.46,SGD,H857207,Routine historical business expense,REIMBURSED,PRJ-030,MEAL_EMPLOYEE,
HIST-01648,E0208,Metro Print Shop,2025-07-20,9.7,SGD,H969152,Routine historical business expense,REIMBURSED,PRJ-012,AIRFARE,
HIST-01667,E0211,Delta Copy Centre,2026-08-20,9.83,SGD,H526638,Routine historical business expense,REIMBURSED,PRJ-012,MEAL_CLIENT,
HIST-00551,E0070,Central Stationers,2026-07-26,90.29,SGD,H217647,Routine historical business expense,REIMBURSED,PRJ-051,MEAL_EMPLOYEE,
HIST-01197,E0151,Lantern Printing,2024-09-09,90.58,SGD,H280110,Routine historical business expense,REIMBURSED,PRJ-044,EQUIPMENT,
HIST-02009,E0253,Tech Repair Lab,2025-11-15,90.78,SGD,H573209,Routine historical business expense,REIMBURSED,PRJ-057,MEAL_EMPLOYEE,
HIST-01935,E0244,Evergreen Florists,2026-02-11,90.91,SGD,H990968,Routine historical business expense,REIMBURSED,PRJ-011,MEAL_EMPLOYEE,
PREV-00036,E0070,SkillBridge Academy,2025-03-12,900,SGD,H155904,External course,REIMBURSED,,TRAINING,
PREV-00037,E0046,Lighthouse Training,2026-02-11,900,SGD,H389017,External course,REIMBURSED,,TRAINING,
PREV-00035,E0070,Cedar Professional Institute,2025-02-11,900,SGD,H415655,External course,REIMBURSED,,TRAINING,
HIST-02346,E0294,Urban Laundry,2026-05-13,901.75,JPY,H206274,Routine historical business expense,REIMBURSED,PRJ-025,SOFTWARE,
HIST-02017,E0254,Bridge Street Grocer,2025-06-23,9014.25,INR,H991202,Routine historical business expense,REIMBURSED,PRJ-001,HOTEL,
HIST-01786,E0225,Paper & Pen Depot,2025-10-09,902.89,JPY,H815993,Routine historical business expense,REIMBURSED,PRJ-003,SOFTWARE,
HIST-01089,E0138,Corner Bakery Co,2025-10-15,9031.25,JPY,H636603,Routine historical business expense,REIMBURSED,PRJ-003,MEAL_EMPLOYEE,
HIST-00588,E0075,Corner Bakery Co,2024-08-24,9049.47,JPY,H323538,Routine historical business expense,REIMBURSED,PRJ-001,MEAL_CLIENT,
HIST-01507,E0191,Urban Laundry,2024-07-11,9049.81,INR,H429356,Routine historical business expense,REIMBURSED,PRJ-025,EQUIPMENT,
HIST-00721,E0092,Central Stationers,2025-09-14,906.81,INR,H496364,Routine historical business expense,REIMBURSED,PRJ-011,EQUIPMENT,
HIST-02348,E0294,QuickFix IT Services,2026-01-07,9066.9,JPY,H506211,Routine historical business expense,REIMBURSED,PRJ-042,GROUND_TRANSPORT,
HIST-00694,E0089,Green Leaf Catering,2024-08-26,907.69,INR,H424351,Routine historical business expense,REIMBURSED,PRJ-015,OTHER,
HIST-00627,E0080,Urban Laundry,2026-10-11,9075.02,INR,H146601,Routine historical business expense,REIMBURSED,PRJ-032,MEAL_EMPLOYEE,
HIST-00503,E0064,City Parking Services,2026-12-13,91.18,SGD,H544575,Routine historical business expense,REIMBURSED,PRJ-045,AIRFARE,
HIST-00641,E0082,Paper & Pen Depot,2024-07-13,91.56,SGD,H813272,Routine historical business expense,REIMBURSED,PRJ-006,OTHER,
HIST-00685,E0088,Corner Bakery Co,2024-04-05,91.65,SGD,H368370,Routine historical business expense,REIMBURSED,PRJ-036,SOFTWARE,
HIST-01772,E0223,Green Leaf Catering,2026-04-15,91.99,SGD,H395596,Routine historical business expense,REIMBURSED,PRJ-050,GROUND_TRANSPORT,
HIST-01853,E0233,Tech Repair Lab,2026-04-12,910.04,INR,H903951,Routine historical business expense,REIMBURSED,PRJ-032,EQUIPMENT,
HIST-00810,E0104,Pinnacle Signage,2026-06-05,9104.85,INR,H441415,Routine historical business expense,REIMBURSED,PRJ-007,SOFTWARE,
HIST-01393,E0176,Bridge Street Grocer,2024-03-20,9123.56,INR,H918166,Routine historical business expense,REIMBURSED,PRJ-015,MEAL_EMPLOYEE,
HIST-02368,E0297,Bridge Street Grocer,2026-05-20,9130.99,JPY,H465745,Routine historical business expense,REIMBURSED,PRJ-051,MEAL_EMPLOYEE,
HIST-00556,E0071,Blue Line Couriers,2025-04-03,9135.04,INR,H553048,Routine historical business expense,REIMBURSED,PRJ-001,SOFTWARE,
HIST-01450,E0183,Tech Repair Lab,2024-02-14,9139.17,JPY,H580070,Routine historical business expense,REIMBURSED,PRJ-040,HOTEL,
HIST-02284,E0287,City Parking Services,2025-12-28,9153.44,INR,H491396,Routine historical business expense,REIMBURSED,PRJ-019,GROUND_TRANSPORT,
HIST-01012,E0128,Green Leaf Catering,2024-09-23,9160.99,INR,H812679,Routine historical business expense,REIMBURSED,PRJ-032,MEAL_EMPLOYEE,
HIST-01163,E0147,TransitCard Top-up,2026-07-24,9169.25,JPY,H597129,Routine historical business expense,REIMBURSED,PRJ-054,MEAL_EMPLOYEE,
HIST-02201,E0278,Blue Line Couriers,2024-04-07,9169.26,INR,H479806,Routine historical business expense,REIMBURSED,PRJ-056,GROUND_TRANSPORT,
HIST-01319,E0167,Harvest Deli,2025-01-26,9183.72,INR,H423346,Routine historical business expense,REIMBURSED,PRJ-014,MEAL_CLIENT,
HIST-01037,E0131,Blue Line Couriers,2026-05-11,9186.37,INR,H435112,Routine historical business expense,REIMBURSED,PRJ-007,GROUND_TRANSPORT,
HIST-00421,E0055,Corner Bakery Co,2026-07-19,92.55,SGD,H180116,Routine historical business expense,REIMBURSED,PRJ-009,MEAL_CLIENT,
HIST-00424,E0055,Blue Line Couriers,2026-06-14,92.93,SGD,H831499,Routine historical business expense,REIMBURSED,PRJ-044,HOTEL,
HIST-01780,E0224,City Parking Services,2026-04-02,9206.49,INR,H226061,Routine historical business expense,REIMBURSED,PRJ-038,SOFTWARE,
HIST-01873,E0236,QuickFix IT Services,2025-04-02,9210.2,INR,H524589,Routine historical business expense,REIMBURSED,PRJ-025,GROUND_TRANSPORT,
HIST-00847,E0108,Blue Line Couriers,2026-12-20,9227.4,JPY,H184387,Routine historical business expense,REIMBURSED,PRJ-054,OTHER,
HIST-01601,E0203,Airport Express Kiosk,2024-10-27,9246.29,INR,H718412,Routine historical business expense,REIMBURSED,PRJ-054,HOTEL,
HIST-01655,E0209,Riverside Cafe,2024-08-24,9258.75,INR,H647173,Routine historical business expense,REIMBURSED,PRJ-037,SOFTWARE,
HIST-01578,E0200,Blue Line Couriers,2024-08-09,927.54,INR,H615903,Routine historical business expense,REIMBURSED,PRJ-058,OTHER,
HIST-00419,E0054,Central Stationers,2025-11-09,9271.04,JPY,H995835,Routine historical business expense,REIMBURSED,PRJ-017,MEAL_EMPLOYEE,
HIST-01755,E0221,Harbor Office Supply,2024-02-28,9292.81,INR,H805279,Routine historical business expense,REIMBURSED,PRJ-019,OTHER,
HIST-01105,E0139,Airport Express Kiosk,2025-04-08,93.09,SGD,H897069,Routine historical business expense,REIMBURSED,PRJ-060,MEAL_EMPLOYEE,
HIST-01848,E0232,Harbor Office Supply,2025-10-08,93.14,SGD,H933583,Routine historical business expense,REIMBURSED,PRJ-008,GROUND_TRANSPORT,
HIST-01894,E0238,Pinnacle Signage,2026-10-11,93.34,SGD,H815930,Routine historical business expense,REIMBURSED,PRJ-034,HOTEL,
HIST-00265,E0034,Green Leaf Catering,2026-06-24,93.49,SGD,H671028,Routine historical business expense,REIMBURSED,PRJ-017,MEAL_CLIENT,
HIST-01293,E0163,Lantern Printing,2025-01-20,93.64,SGD,H800091,Routine historical business expense,REIMBURSED,PRJ-036,AIRFARE,
HIST-01110,E0140,Pinnacle Signage,2024-03-17,9319.52,INR,H428160,Routine historical business expense,REIMBURSED,PRJ-044,AIRFARE,
HIST-00833,E0107,Central Stationers,2026-07-07,9339.33,INR,H159492,Routine historical business expense,REIMBURSED,PRJ-013,AIRFARE,
HIST-01083,E0137,Sunrise Bookstore,2025-06-24,9353.18,INR,H784183,Routine historical business expense,REIMBURSED,PRJ-033,OTHER,
HIST-00179,E0023,Sunrise Bookstore,2024-07-04,9367.5,INR,H520736,Routine historical business expense,REIMBURSED,PRJ-041,MEAL_CLIENT,
HIST-00385,E0050,Harvest Deli,2024-07-02,9388.03,INR,H652074,Routine historical business expense,REIMBURSED,PRJ-049,MEAL_EMPLOYEE,
HIST-00532,E0068,Evergreen Florists,2025-07-20,9397.97,INR,H273843,Routine historical business expense,REIMBURSED,PRJ-032,EQUIPMENT,
HIST-01198,E0151,TransitCard Top-up,2026-06-07,94.07,SGD,H129053,Routine historical business expense,REIMBURSED,PRJ-042,EQUIPMENT,
HIST-01028,E0130,Skyview Coffee,2024-06-05,94.08,SGD,H589541,Routine historical business expense,REIMBURSED,PRJ-027,SOFTWARE,
HIST-02330,E0292,Paper & Pen Depot,2026-09-23,94.29,SGD,H728861,Routine historical business expense,REIMBURSED,PRJ-059,MEAL_CLIENT,
HIST-01070,E0136,Evergreen Florists,2026-03-25,94.31,SGD,H162649,Routine historical business expense,REIMBURSED,PRJ-050,MEAL_EMPLOYEE,
HIST-01944,E0245,Harbor Office Supply,2026-02-14,9406.68,INR,H128698,Routine historical business expense,REIMBURSED,PRJ-044,GROUND_TRANSPORT,
HIST-00433,E0056,Northside Pharmacy,2025-09-07,9421.13,INR,H681923,Routine historical business expense,REIMBURSED,PRJ-033,OTHER,
HIST-01244,E0156,Evergreen Florists,2025-08-08,9454.75,JPY,H865614,Routine historical business expense,REIMBURSED,PRJ-060,AIRFARE,
HIST-00278,E0036,Lunch Bowl Cafe,2024-05-17,9455.54,JPY,H115413,Routine historical business expense,REIMBURSED,PRJ-042,AIRFARE,
HIST-02320,E0291,TransitCard Top-up,2025-02-09,9455.9,JPY,H422595,Routine historical business expense,REIMBURSED,PRJ-035,MEAL_CLIENT,
HIST-00312,E0041,Urban Laundry,2026-08-25,946.12,INR,H335448,Routine historical business expense,REIMBURSED,PRJ-053,AIRFARE,
HIST-02283,E0287,Harvest Deli,2026-11-05,9461.85,INR,H838419,Routine historical business expense,REIMBURSED,PRJ-026,HOTEL,
HIST-00275,E0036,Tech Repair Lab,2026-10-16,9463.89,JPY,H744058,Routine historical business expense,REIMBURSED,PRJ-013,SOFTWARE,
HIST-00407,E0053,Blue Line Couriers,2026-09-13,9480.95,INR,H587954,Routine historical business expense,REIMBURSED,PRJ-034,AIRFARE,
HIST-01950,E0246,Lantern Printing,2024-11-21,9485.27,JPY,H785732,Routine historical business expense,REIMBURSED,PRJ-028,AIRFARE,
HIST-00334,E0044,Delta Copy Centre,2025-02-01,9489.79,INR,H603809,Routine historical business expense,REIMBURSED,PRJ-056,EQUIPMENT,
HIST-01585,E0201,Blue Line Couriers,2026-09-28,9492.36,JPY,H207178,Routine historical business expense,REIMBURSED,PRJ-046,GROUND_TRANSPORT,
HIST-00028,E0005,Paper & Pen Depot,2026-05-21,9498.25,INR,H817770,Routine historical business expense,REIMBURSED,PRJ-044,AIRFARE,
HIST-00177,E0023,QuickFix IT Services,2026-12-20,9498.84,INR,H209106,Routine historical business expense,REIMBURSED,PRJ-034,GROUND_TRANSPORT,
PREV-N0008,E0160,Metric Harbor,2024-08-13,95.0,SGD,H150688,"Other employee, same charge",REIMBURSED,,SOFTWARE,
PREV-N0009,E0152,Metric Harbor,2024-08-12,95.0,SGD,H196013,Different expense type,REIMBURSED,,OTHER,
PREV-N0007,E0152,Metric Harbor,2024-07-29,95.0,SGD,H715848,Ad hoc purchase,REIMBURSED,PRJ-060,SOFTWARE,
HIST-00429,E0056,Green Leaf Catering,2025-11-26,950.22,INR,H398290,Routine historical business expense,REIMBURSED,PRJ-044,SOFTWARE,
PREV-00032,E0026,Orchid House Gifts,2024-02-14,9500,JPY,H267456,Gift to Willow Education,REIMBURSED,,GIFT,Willow Education
PREV-00034,E0026,Heritage Hampers,2023-12-10,9500,JPY,H285318,Gift to Willow Education,REIMBURSED,,GIFT,Willow Education
PREV-00033,E0026,Craft Collective,2024-03-25,9500,JPY,H986273,Gift to Willow Education,REIMBURSED,,GIFT,Willow Education
HIST-02067,E0261,Summit Uniforms,2024-06-19,9501.72,JPY,H847109,Routine historical business expense,REIMBURSED,PRJ-038,MEAL_CLIENT,
HIST-01528,E0194,Sunrise Bookstore,2026-12-17,9503.59,INR,H876868,Routine historical business expense,REIMBURSED,PRJ-036,AIRFARE,
HIST-01923,E0242,Harbor Office Supply,2024-01-07,9514.73,INR,H915553,Routine historical business expense,REIMBURSED,PRJ-011,AIRFARE,
HIST-01348,E0171,Harbor Office Supply,2025-10-19,9526.3,JPY,H756645,Routine historical business expense,REIMBURSED,PRJ-027,MEAL_EMPLOYEE,
HIST-01527,E0194,Delta Copy Centre,2025-01-10,9530.71,INR,H179683,Routine historical business expense,REIMBURSED,PRJ-042,HOTEL,
HIST-01165,E0147,Evergreen Florists,2025-01-16,9541.88,JPY,H154630,Routine historical business expense,REIMBURSED,PRJ-024,GROUND_TRANSPORT,
HIST-00067,E0009,Skyview Coffee,2024-12-18,9565.88,JPY,H662675,Routine historical business expense,REIMBURSED,PRJ-057,SOFTWARE,
HIST-00748,E0096,Anchor Water Co,2024-01-09,9568.65,JPY,H433576,Routine historical business expense,REIMBURSED,PRJ-046,GROUND_TRANSPORT,
HIST-01445,E0182,Metro Print Shop,2024-07-22,9574.1,INR,H591356,Routine historical business expense,REIMBURSED,PRJ-040,OTHER,
HIST-02208,E0278,Lantern Printing,2024-07-13,9581.67,INR,H464809,Routine historical business expense,REIMBURSED,PRJ-013,EQUIPMENT,
HIST-01631,E0206,Green Leaf Catering,2024-07-08,9590.53,INR,H963758,Routine historical business expense,REIMBURSED,PRJ-024,MEAL_EMPLOYEE,
HIST-01519,E0193,Lantern Printing,2024-02-12,96.1,SGD,H123242,Routine historical business expense,REIMBURSED,PRJ-008,OTHER,
HIST-00447,E0058,Lunch Bowl Cafe,2024-03-24,96.39,SGD,H155407,Routine historical business expense,REIMBURSED,PRJ-026,MEAL_EMPLOYEE,
HIST-01201,E0151,Delta Copy Centre,2026-11-11,96.46,SGD,H663663,Routine historical business expense,REIMBURSED,PRJ-036,HOTEL,
HIST-01673,E0211,Green Leaf Catering,2024-11-18,96.71,SGD,H917292,Routine historical business expense,REIMBURSED,PRJ-013,HOTEL,
HIST-01125,E0142,City Parking Services,2026-03-03,96.83,SGD,H884552,Routine historical business expense,REIMBURSED,PRJ-033,OTHER,
HIST-02308,E0290,Evergreen Florists,2026-01-09,9603.12,INR,H148083,Routine historical business expense,REIMBURSED,PRJ-008,SOFTWARE,
HIST-01926,E0243,TransitCard Top-up,2025-06-11,9623.87,JPY,H549030,Routine historical business expense,REIMBURSED,PRJ-038,GROUND_TRANSPORT,
HIST-02386,E0300,Tech Repair Lab,2026-08-11,9690.42,JPY,H128134,Routine historical business expense,REIMBURSED,PRJ-009,EQUIPMENT,
HIST-00460,E0059,Corner Bakery Co,2026-01-27,9697.42,INR,H302331,Routine historical business expense,REIMBURSED,PRJ-012,SOFTWARE,
HIST-01313,E0166,Blue Line Couriers,2025-01-24,97.3,SGD,H612586,Routine historical business expense,REIMBURSED,PRJ-052,GROUND_TRANSPORT,
HIST-01029,E0130,TransitCard Top-up,2026-05-05,97.68,SGD,H522344,Routine historical business expense,REIMBURSED,PRJ-044,MEAL_CLIENT,
HIST-00233,E0030,Anchor Water Co,2024-05-09,9715.77,JPY,H210213,Routine historical business expense,REIMBURSED,PRJ-012,SOFTWARE,
HIST-01506,E0191,Harvest Deli,2024-11-05,9718.87,INR,H455739,Routine historical business expense,REIMBURSED,PRJ-031,GROUND_TRANSPORT,
HIST-01009,E0128,Urban Laundry,2026-10-11,972.22,INR,H178719,Routine historical business expense,REIMBURSED,PRJ-005,MEAL_CLIENT,
HIST-00622,E0080,Lunch Bowl Cafe,2026-05-02,9727.33,INR,H602031,Routine historical business expense,REIMBURSED,PRJ-003,MEAL_EMPLOYEE,
HIST-02310,E0290,Metro Print Shop,2024-05-06,9762.27,INR,H470653,Routine historical business expense,REIMBURSED,PRJ-009,HOTEL,
HIST-01135,E0143,Harvest Deli,2024-04-28,9765.88,INR,H261760,Routine historical business expense,REIMBURSED,PRJ-036,GROUND_TRANSPORT,
HIST-01425,E0180,TransitCard Top-up,2026-03-04,977.04,JPY,H596811,Routine historical business expense,REIMBURSED,PRJ-034,OTHER,
HIST-00579,E0074,Metro Print Shop,2025-03-15,9786.62,INR,H592673,Routine historical business expense,REIMBURSED,PRJ-033,AIRFARE,
HIST-00678,E0087,TransitCard Top-up,2025-07-15,9786.63,JPY,H891689,Routine historical business expense,REIMBURSED,PRJ-031,AIRFARE,
HIST-02018,E0255,Anchor Water Co,2026-04-11,9787.07,JPY,H581413,Routine historical business expense,REIMBURSED,PRJ-050,OTHER,
HIST-01371,E0174,Evergreen Florists,2024-02-07,9787.91,JPY,H370699,Routine historical business expense,REIMBURSED,PRJ-045,EQUIPMENT,
HIST-02189,E0276,Tech Repair Lab,2026-08-27,9794.46,JPY,H242624,Routine historical business expense,REIMBURSED,PRJ-026,SOFTWARE,
HIST-01646,E0208,Riverside Cafe,2024-09-24,98.0,SGD,H180618,Routine historical business expense,REIMBURSED,PRJ-047,HOTEL,
HIST-01249,E0157,City Parking Services,2025-01-08,98.26,SGD,H650276,Routine historical business expense,REIMBURSED,PRJ-010,OTHER,
HIST-00758,E0097,Airport Express Kiosk,2024-02-05,98.96,SGD,H485243,Routine historical business expense,REIMBURSED,PRJ-043,MEAL_EMPLOYEE,
HIST-01121,E0141,TransitCard Top-up,2025-07-15,9803.88,JPY,H304700,Routine historical business expense,REIMBURSED,PRJ-038,OTHER,
HIST-00987,E0126,Corner Bakery Co,2025-03-25,9811.61,JPY,H433667,Routine historical business expense,REIMBURSED,PRJ-020,AIRFARE,
HIST-00410,E0053,City Parking Services,2025-05-04,9816.05,INR,H489952,Routine historical business expense,REIMBURSED,PRJ-058,MEAL_CLIENT,
HIST-01990,E0251,Central Stationers,2026-07-07,9816.9,INR,H149620,Routine historical business expense,REIMBURSED,PRJ-012,HOTEL,
HIST-02092,E0264,Central Stationers,2024-10-24,9833.47,JPY,H504041,Routine historical business expense,REIMBURSED,PRJ-027,MEAL_CLIENT,
HIST-02046,E0258,Harbor Office Supply,2026-08-06,986.75,JPY,H676683,Routine historical business expense,REIMBURSED,PRJ-038,SOFTWARE,
HIST-00884,E0113,Harbor Office Supply,2025-02-17,9893.16,INR,H971347,Routine historical business expense,REIMBURSED,PRJ-005,GROUND_TRANSPORT,
HIST-01910,E0241,QuickFix IT Services,2025-12-19,99.04,SGD,H265192,Routine historical business expense,REIMBURSED,PRJ-039,SOFTWARE,
HIST-02329,E0292,Sunrise Bookstore,2024-05-18,99.31,SGD,H249663,Routine historical business expense,REIMBURSED,PRJ-048,MEAL_CLIENT,
HIST-01543,E0196,Green Leaf Catering,2024-11-16,99.87,SGD,H920540,Routine historical business expense,REIMBURSED,PRJ-031,MEAL_EMPLOYEE,
HIST-01720,E0217,Tech Repair Lab,2024-10-16,99.96,SGD,H409947,Routine historical business expense,REIMBURSED,PRJ-006,MEAL_CLIENT,
HIST-00760,E0098,TransitCard Top-up,2024-02-28,991.11,INR,H274364,Routine historical business expense,REIMBURSED,PRJ-059,SOFTWARE,
HIST-01530,E0194,Harbor Office Supply,2024-07-04,9948.91,INR,H162138,Routine historical business expense,REIMBURSED,PRJ-038,OTHER,
HIST-00336,E0044,Riverside Cafe,2025-04-13,9953.54,INR,H915137,Routine historical business expense,REIMBURSED,PRJ-004,SOFTWARE,
HIST-01487,E0188,Blue Line Couriers,2025-10-16,9968.42,INR,H178661,Routine historical business expense,REIMBURSED,PRJ-034,SOFTWARE,
HIST-00958,E0122,Green Leaf Catering,2025-06-22,997.52,INR,H800711,Routine historical business expense,REIMBURSED,PRJ-011,OTHER,
HIST-01123,E0141,QuickFix IT Services,2024-08-27,9974.46,JPY,H455513,Routine historical business expense,REIMBURSED,PRJ-007,SOFTWARE,
HIST-02280,E0287,Summit Uniforms,2026-07-05,9979.03,INR,H833279,Routine historical business expense,REIMBURSED,PRJ-051,SOFTWARE,
HIST-01581,E0200,Skyview Coffee,2024-10-04,9993.11,INR,H878417,Routine historical business expense,REIMBURSED,PRJ-039,EQUIPMENT,
